entry_date,exit_date,entry_price,exit_price,shares,pnl,entry_cost,exit_cost,transaction_cost,liquidity_constrained,hold_days,signal_types,exit_reason,period,trade_id
2008-01-14,2008-01-18,101.2218,94.5088,247,-1658.11,14.1215,13.2806,27.4021,False,4,"OEX,PRE_HOLIDAY",CALENDAR,IS,1
2008-01-30,2008-02-05,96.6568,95.9917,241,-160.29,12.867,12.8107,25.6777,False,4,TOM,CALENDAR,IS,2
2008-02-11,2008-02-15,95.8257,96.7145,242,215.09,12.8306,12.9486,25.7792,False,4,"OEX,PRE_HOLIDAY",CALENDAR,IS,3
2008-02-28,2008-03-05,98.0609,95.777,238,-543.57,12.8802,12.6147,25.4949,False,4,TOM,CALENDAR,IS,4
2008-03-28,2008-04-03,94.6874,98.5599,241,933.25,12.6471,13.1312,25.7783,False,4,TOM,CALENDAR,IS,5
2008-04-14,2008-04-17,95.7098,98.5671,248,708.61,13.1425,13.5054,26.6479,False,3,OEX,CALENDAR,IS,6
2008-04-29,2008-05-05,100.1375,101.2859,244,280.21,13.4549,13.6128,27.0676,False,4,TOM,CALENDAR,IS,7
2008-05-12,2008-05-15,101.1311,102.5086,245,337.49,13.636,13.8147,27.4506,False,3,OEX,CALENDAR,IS,8
2008-05-22,2008-05-23,100.4471,98.9915,250,-363.9,13.827,13.6592,27.4862,False,1,PRE_HOLIDAY,CALENDAR,IS,9
2008-05-29,2008-06-04,100.7999,99.2648,245,-376.09,13.5943,13.4154,27.0098,False,4,TOM,CALENDAR,IS,10
2008-06-16,2008-06-19,98.0856,96.6756,248,-349.7,13.4258,13.2621,26.6879,False,3,"OEX,PRE_HOLIDAY",CALENDAR,IS,11
2008-06-27,2008-07-03,92.2812,91.2969,260,-255.91,13.3189,13.2015,26.5204,False,4,"PRE_HOLIDAY,TOM",CALENDAR,IS,12
2008-07-30,2008-08-05,93.0048,92.7787,255,-57.65,13.1564,13.1426,26.299,False,4,TOM,CALENDAR,IS,13
2008-08-11,2008-08-14,94.5821,93.6316,250,-237.63,13.0988,12.992,26.0908,False,3,OEX,CALENDAR,IS,14
2008-08-28,2008-09-04,94.2059,89.6488,249,-1134.72,12.999,12.4432,25.4422,False,4,"PRE_HOLIDAY,TOM",CALENDAR,IS,15
2009-05-21,2009-05-22,65.9234,65.707,339,-73.36,12.9034,12.8794,25.7828,False,1,PRE_HOLIDAY,CALENDAR,IS,16
2009-06-17,2009-06-18,67.6524,68.0692,329,137.11,12.8018,12.8837,25.6854,False,1,PRE_HOLIDAY,CALENDAR,IS,17
2009-06-29,2009-07-06,68.8891,66.6572,325,-725.36,12.8445,12.4969,25.3415,False,4,"PRE_HOLIDAY,TOM",CALENDAR,IS,18
2009-07-13,2009-07-16,66.957,69.1144,323,696.83,12.4615,12.8253,25.2869,False,3,OEX,CALENDAR,IS,19
2009-07-30,2009-08-05,73.3253,74.5335,305,368.5,12.7374,12.9257,25.6632,False,4,TOM,CALENDAR,IS,20
2009-08-17,2009-08-20,73.0578,74.964,311,592.83,12.9393,13.2481,26.1874,False,3,OEX,CALENDAR,IS,21
2009-08-28,2009-09-04,76.8252,75.7583,303,-323.26,13.1778,13.0321,26.2099,False,5,"PRE_HOLIDAY,TOM",CALENDAR,IS,22
2009-09-14,2009-09-17,78.2371,79.5443,294,384.32,12.9961,13.1968,26.1929,False,3,OEX,CALENDAR,IS,23
2009-09-29,2009-10-05,79.1473,77.5811,295,-462.02,13.1719,12.9541,26.126,False,4,TOM,CALENDAR,IS,24
2009-10-12,2009-10-15,80.4016,81.8252,285,405.72,12.9049,13.1223,26.0272,False,3,OEX,CALENDAR,IS,25
2009-10-29,2009-11-04,79.6326,78.2524,293,-404.39,13.1557,12.9681,26.1238,False,4,TOM,CALENDAR,IS,26
2009-11-16,2009-11-19,83.0372,81.9072,276,-311.89,12.8678,12.7246,25.5923,False,3,OEX,CALENDAR,IS,27
2009-11-24,2009-11-25,82.873,83.0708,273,54.0,12.706,12.7438,25.4498,False,1,PRE_HOLIDAY,CALENDAR,IS,28
2009-11-27,2009-12-03,81.8127,82.3249,277,141.87,12.7434,12.824,25.5674,False,4,TOM,CALENDAR,IS,29
2009-12-14,2009-12-17,83.5299,82.1758,273,-369.69,12.7855,12.613,25.3985,False,3,OEX,CALENDAR,IS,30
2009-12-23,2009-12-24,84.0397,84.343,267,80.98,12.5709,12.6245,25.1954,False,1,PRE_HOLIDAY,CALENDAR,IS,31
2009-12-30,2010-01-06,84.4675,85.2653,266,212.22,12.5768,12.7003,25.2771,False,4,"PRE_HOLIDAY,TOM",CALENDAR,IS,32
2010-01-11,2010-01-15,86.1265,85.2128,264,-241.2,12.704,12.5986,25.3026,False,4,"OEX,PRE_HOLIDAY",CALENDAR,IS,33
2010-01-28,2010-02-03,81.5025,82.3557,276,235.49,12.6495,12.7795,25.4291,False,4,TOM,CALENDAR,IS,34
2010-02-11,2010-02-12,81.1722,81.0134,280,-44.47,12.7881,12.7779,25.566,False,1,PRE_HOLIDAY,CALENDAR,IS,35
2010-02-16,2010-02-18,82.3808,83.1656,275,215.83,12.7266,12.8468,25.5734,False,2,OEX,CALENDAR,IS,36
2010-02-25,2010-03-03,83.0789,84.208,275,310.5,12.8196,12.986,25.8056,False,4,TOM,CALENDAR,IS,37
2010-03-15,2010-03-18,86.6969,87.7625,267,284.5,12.9201,13.0738,25.9938,False,3,OEX,CALENDAR,IS,38
2010-03-30,2010-04-06,88.4936,89.6299,265,301.13,13.0573,13.2201,26.2774,False,4,TOM,CALENDAR,IS,39
2010-04-12,2010-04-15,90.2573,91.3241,263,280.58,13.1911,13.3456,26.5366,False,3,OEX,CALENDAR,IS,40
2010-04-29,2010-05-05,91.1015,87.9582,264,-829.83,13.3643,12.9663,26.3306,False,4,TOM,CALENDAR,IS,41
2010-05-27,2010-05-28,83.4889,82.3484,278,-317.03,13.0293,12.8829,25.9122,False,1,PRE_HOLIDAY,CALENDAR,IS,42
2010-06-16,2010-06-17,84.3933,84.4342,271,11.08,12.8248,12.8436,25.6685,False,1,PRE_HOLIDAY,CALENDAR,IS,43
2010-07-01,2010-07-02,77.8274,77.3158,295,-150.94,12.9846,12.9177,25.9023,False,1,PRE_HOLIDAY,CALENDAR,IS,44
2010-07-12,2010-07-15,81.8185,82.9748,278,321.46,12.7892,12.962,25.7512,False,3,OEX,CALENDAR,IS,45
2010-07-29,2010-08-04,83.53,85.464,276,533.76,12.9331,13.2126,26.1457,False,4,TOM,CALENDAR,IS,46
2010-08-16,2010-08-19,81.9927,81.613,288,-109.34,13.2724,13.2293,26.5017,False,3,OEX,CALENDAR,IS,47
2010-08-30,2010-09-03,79.7586,83.8903,295,1218.84,13.2612,13.8935,27.1547,False,4,"PRE_HOLIDAY,TOM",CALENDAR,IS,48
2010-09-13,2010-09-16,85.3703,85.5245,290,44.7,13.8568,13.8921,27.7489,False,3,OEX,CALENDAR,IS,49
2010-09-29,2010-10-05,87.1597,88.2566,284,311.51,13.8202,13.9848,27.8051,False,4,TOM,CALENDAR,IS,50
2010-10-11,2010-10-14,88.8196,89.3367,282,145.83,13.9512,14.0387,27.9899,False,3,OEX,CALENDAR,IS,51
2010-10-28,2010-11-03,90.1519,91.2306,280,302.03,14.0352,14.1951,28.2303,False,4,TOM,CALENDAR,IS,52
2010-11-15,2010-11-18,91.393,91.2382,279,-43.18,14.1596,14.1543,28.314,False,3,OEX,CALENDAR,IS,53
2010-11-23,2010-11-24,90.19,91.4208,283,348.31,14.1963,14.3871,28.5834,False,1,PRE_HOLIDAY,CALENDAR,IS,54
2010-11-29,2010-12-03,90.7306,93.4668,285,779.81,14.3773,14.7845,29.1618,False,4,TOM,CALENDAR,IS,55
2010-12-13,2010-12-16,94.842,94.9348,281,26.06,14.755,14.7808,29.5358,False,3,OEX,CALENDAR,IS,56
2010-12-22,2010-12-23,96.2745,96.0305,277,-67.6,14.7377,14.7172,29.4549,False,1,PRE_HOLIDAY,CALENDAR,IS,57
2010-12-29,2011-01-05,96.3817,97.5904,276,333.6,14.695,14.8693,29.5643,False,5,"PRE_HOLIDAY,TOM",CALENDAR,IS,58
2011-01-13,2011-01-14,98.2568,98.8596,274,165.16,14.8396,14.9378,29.7773,False,1,PRE_HOLIDAY,CALENDAR,IS,59
2011-01-18,2011-01-20,99.137,97.9268,273,-330.4,14.9063,14.7584,29.6647,False,2,OEX,CALENDAR,IS,60
2011-01-28,2011-02-03,97.7594,99.9912,274,611.52,14.7791,15.1026,29.8816,False,4,TOM,CALENDAR,IS,61
2011-02-14,2011-02-18,102.1297,102.8585,268,195.33,15.0427,15.1545,30.1972,False,4,"OEX,PRE_HOLIDAY",CALENDAR,IS,62
2011-02-25,2011-03-03,101.2878,102.048,272,206.77,15.1581,15.2766,30.4347,False,4,TOM,CALENDAR,IS,63
2011-03-14,2011-03-17,99.5427,97.7509,279,-499.94,15.3066,15.0725,30.3791,False,3,OEX,CALENDAR,IS,64
2011-03-30,2011-04-05,102.066,102.3147,267,66.41,14.9851,15.0307,30.0158,False,4,TOM,CALENDAR,IS,65
2011-04-11,2011-04-14,101.8277,101.0246,268,-215.22,15.0037,14.9042,29.9079,False,3,OEX,CALENDAR,IS,66
2011-04-28,2011-05-04,104.6334,103.5357,259,-284.31,14.8581,14.7315,29.5896,False,4,TOM,CALENDAR,IS,67
2011-05-16,2011-05-19,102.3889,103.4206,262,270.31,14.741,14.8877,29.6287,False,3,OEX,CALENDAR,IS,68
2011-05-26,2011-06-03,102.2428,100.1491,265,-554.83,14.8871,14.6304,29.5175,False,5,"PRE_HOLIDAY,TOM",CALENDAR,IS,69
2011-06-13,2011-06-17,98.1687,98.0449,270,-33.42,14.6232,14.6227,29.2459,False,4,"OEX,PRE_HOLIDAY",CALENDAR,IS,70
2011-06-29,2011-07-06,100.9884,103.3854,262,628.02,14.5599,14.8895,29.4493,False,4,"PRE_HOLIDAY,TOM",CALENDAR,IS,71
2011-07-11,2011-07-14,101.954,101.0393,266,-243.32,14.9132,14.803,29.7163,False,3,OEX,CALENDAR,IS,72
2011-07-28,2011-08-03,100.6021,97.3658,267,-864.11,14.79,14.3712,29.1612,False,4,TOM,CALENDAR,IS,73
2011-09-01,2011-09-02,93.4333,90.9447,279,-694.3,14.4854,14.1539,28.6393,False,1,PRE_HOLIDAY,CALENDAR,IS,74
2011-10-28,2011-11-03,99.8647,97.9315,254,-491.02,13.9882,13.7584,27.7466,False,4,TOM,CALENDAR,IS,75
2011-11-22,2011-11-23,92.5577,90.4146,268,-574.33,13.7821,13.5087,27.2907,False,1,PRE_HOLIDAY,CALENDAR,IS,76
2011-12-12,2011-12-15,96.4558,94.7743,252,-423.73,13.4497,13.2494,26.6991,False,3,OEX,CALENDAR,IS,77
2011-12-22,2011-12-23,97.8958,98.662,244,186.95,13.1972,13.3042,26.5013,False,1,PRE_HOLIDAY,CALENDAR,IS,78
2011-12-29,2012-01-05,98.56,99.95,244,339.17,13.2709,13.4563,26.7272,False,4,"PRE_HOLIDAY,TOM",CALENDAR,IS,79
2012-01-12,2012-01-13,101.209,100.5746,241,-152.89,13.4242,13.3603,26.7845,False,1,PRE_HOLIDAY,CALENDAR,IS,80
2012-01-17,2012-01-19,101.0762,102.6199,240,370.49,13.3521,13.5504,26.9025,False,2,OEX,CALENDAR,IS,81
2012-01-30,2012-02-03,102.6625,105.0244,239,564.5,13.4746,13.7701,27.2448,False,4,TOM,CALENDAR,IS,82
2012-02-13,2012-02-17,105.7804,106.4842,238,167.5,13.7888,13.8868,27.6756,False,4,"OEX,PRE_HOLIDAY",CALENDAR,IS,83
2012-02-28,2012-03-05,107.4995,106.7496,235,-176.23,13.8158,13.7394,27.5551,False,4,TOM,CALENDAR,IS,84
2012-03-12,2012-03-15,107.5152,109.8488,234,546.06,13.7615,14.0517,27.8132,False,3,OEX,CALENDAR,IS,85
2012-03-29,2012-04-04,110.0662,109.6559,233,-95.6,14.0055,13.97,27.9756,False,4,TOM,CALENDAR,IS,86
2012-04-16,2012-04-19,107.5704,107.978,238,97.0,14.0107,14.0755,28.0861,False,3,OEX,CALENDAR,IS,87
2012-04-27,2012-05-03,110.1918,109.1776,233,-236.31,14.0241,13.9194,27.9436,False,4,TOM,CALENDAR,IS,88
2012-05-14,2012-05-17,105.2629,102.5992,242,-644.61,13.9646,13.6536,27.6182,False,3,OEX,CALENDAR,IS,89
2012-05-24,2012-05-25,104.0228,103.5715,238,-107.41,13.5832,13.5427,27.1259,False,1,PRE_HOLIDAY,CALENDAR,IS,90
2012-05-30,2012-06-05,103.4184,101.1957,239,-531.22,13.5702,13.32,26.8902,False,4,TOM,CALENDAR,IS,91
2012-06-11,2012-06-14,103.1438,104.6457,234,351.44,13.2618,13.4523,26.7141,False,3,OEX,CALENDAR,IS,92
2012-06-15,2012-06-18,105.832,105.9208,232,20.61,13.4611,13.485,26.9461,False,1,PRE_HOLIDAY,CALENDAR,IS,93
2012-06-28,2012-07-05,104.767,107.8045,234,710.78,13.4559,13.8234,27.2793,False,4,"PRE_HOLIDAY,TOM",CALENDAR,IS,94
2012-07-16,2012-07-19,106.8497,108.5453,236,400.17,13.8162,14.0314,27.8476,False,3,OEX,CALENDAR,IS,95
2012-07-30,2012-08-03,109.4137,109.8221,234,95.58,13.9942,14.0583,28.0525,False,4,TOM,CALENDAR,IS,96
2012-08-13,2012-08-16,111.0625,111.9028,232,194.95,14.0658,14.1779,28.2437,False,3,OEX,CALENDAR,IS,97
2012-08-30,2012-09-06,110.8417,113.3058,234,576.6,14.1543,14.4574,28.6118,False,4,"PRE_HOLIDAY,TOM",CALENDAR,IS,98
2012-09-17,2012-09-20,115.7725,115.6229,229,-34.26,14.4195,14.4162,28.8357,False,3,OEX,CALENDAR,IS,99
2012-09-27,2012-10-03,114.7248,114.9565,231,53.52,14.4249,14.4652,28.8901,False,4,TOM,CALENDAR,IS,100
2012-10-15,2012-10-18,114.2807,115.535,232,290.99,14.4291,14.5916,29.0207,False,3,OEX,CALENDAR,IS,101
2012-10-26,2012-11-05,112.1154,112.3893,239,65.46,14.6105,14.6595,29.27,False,4,TOM,CALENDAR,IS,102
2012-11-12,2012-11-15,109.6725,107.5164,245,-528.26,14.6845,14.4319,29.1164,False,3,OEX,CALENDAR,IS,103
2012-11-20,2012-11-21,110.4022,110.4877,239,20.41,14.4124,14.4374,28.8498,False,1,PRE_HOLIDAY,CALENDAR,IS,104
2012-11-29,2012-12-05,112.7262,112.112,234,-143.73,14.3848,14.3246,28.7095,False,4,TOM,CALENDAR,IS,105
2012-12-17,2012-12-20,114.0348,114.9803,230,217.48,14.2806,14.4013,28.6819,False,3,OEX,CALENDAR,IS,106
2012-12-21,2012-12-24,114.0608,113.5855,232,-110.25,14.404,14.3635,28.7675,False,1,PRE_HOLIDAY,CALENDAR,IS,107
2012-12-28,2013-01-04,111.8562,116.7932,236,1165.14,14.393,15.001,29.394,False,4,"PRE_HOLIDAY,TOM",CALENDAR,IS,108
2013-01-14,2013-01-18,117.3996,118.3573,234,224.09,14.9303,15.0553,29.9856,False,4,"OEX,PRE_HOLIDAY",CALENDAR,IS,109
2013-01-30,2013-02-05,119.8758,120.5278,231,150.61,15.0172,15.1033,30.1205,False,4,TOM,CALENDAR,IS,110
2013-02-11,2013-02-15,121.2336,121.3736,230,32.2,15.1032,15.1339,30.2371,False,4,"OEX,PRE_HOLIDAY",CALENDAR,IS,111
2013-02-27,2013-03-05,121.3455,123.1131,230,406.55,15.1273,15.3442,30.4715,False,4,TOM,CALENDAR,IS,112
2013-03-11,2013-03-14,124.6364,125.0602,227,96.2,15.3015,15.3648,30.6663,False,3,OEX,CALENDAR,IS,113
2013-03-27,2013-04-03,125.3191,124.4141,227,-205.42,15.3702,15.2845,30.6548,False,4,TOM,CALENDAR,IS,114
2013-04-15,2013-04-18,124.4607,123.5405,227,-208.88,15.2845,15.1986,30.4831,False,3,OEX,CALENDAR,IS,115
2013-04-29,2013-05-03,127.8144,129.3354,219,333.11,15.1163,15.2993,30.4156,False,4,TOM,CALENDAR,IS,116
2013-05-13,2013-05-16,131.2162,132.5175,216,281.09,15.2703,15.4205,30.6908,False,3,OEX,CALENDAR,IS,117
2013-05-23,2013-05-24,132.7486,132.4935,216,-55.1,15.4313,15.4188,30.8501,False,1,PRE_HOLIDAY,CALENDAR,IS,118
2013-05-30,2013-06-05,133.0534,129.2553,215,-816.59,15.391,15.0013,30.3923,False,4,TOM,CALENDAR,IS,119
2013-06-17,2013-06-20,131.9382,127.7565,210,-878.17,14.9229,14.503,29.4259,False,3,"OEX,PRE_HOLIDAY",CALENDAR,IS,120
2013-06-27,2013-07-03,129.9263,129.9473,207,4.35,14.508,14.5229,29.031,False,4,"PRE_HOLIDAY,TOM",CALENDAR,IS,121
2013-07-15,2013-07-18,135.6287,136.063,198,86.0,14.4393,14.4952,28.9345,False,3,OEX,CALENDAR,IS,122
2013-07-30,2013-08-05,135.9835,137.5376,198,307.71,14.4622,14.6312,29.0934,False,4,TOM,CALENDAR,IS,123
2013-08-12,2013-08-15,136.403,134.0567,200,-469.24,14.6487,14.4321,29.0808,False,3,OEX,CALENDAR,IS,124
2013-08-29,2013-09-05,132.4185,133.7183,202,262.54,14.4003,14.5473,28.9476,False,4,"PRE_HOLIDAY,TOM",CALENDAR,IS,125
2013-09-16,2013-09-19,137.3708,139.1974,197,359.84,14.5317,14.7257,29.2574,False,3,OEX,CALENDAR,IS,126
2013-09-27,2013-10-03,136.9057,135.7142,200,-238.3,14.7025,14.5994,29.3019,False,4,TOM,CALENDAR,IS,127
2013-10-14,2013-10-17,138.551,140.2484,196,332.68,14.5777,14.7605,29.3382,False,3,OEX,CALENDAR,IS,128
2013-10-30,2013-11-05,142.8872,142.7179,192,-32.5,14.6975,14.6912,29.3886,False,4,TOM,CALENDAR,IS,129
2013-11-11,2013-11-14,143.722,145.147,191,272.18,14.6963,14.8453,29.5416,False,3,OEX,CALENDAR,IS,130
2013-11-26,2013-12-04,146.4452,145.5195,189,-174.97,14.7983,14.7256,29.5239,False,5,"PRE_HOLIDAY,TOM",CALENDAR,IS,131
2013-12-16,2013-12-19,145.2619,146.9445,190,319.7,14.762,14.9409,29.7029,False,3,OEX,CALENDAR,IS,132
2013-12-23,2013-12-24,148.7479,148.9146,187,31.17,14.8579,14.8886,29.7465,False,1,PRE_HOLIDAY,CALENDAR,IS,133
2013-12-30,2014-01-06,149.7991,148.4505,186,-250.83,14.8767,14.7673,29.644,False,4,"PRE_HOLIDAY,TOM",CALENDAR,IS,134
2014-01-13,2014-01-17,148.0633,149.4925,187,267.26,14.7947,14.9417,29.7364,False,4,"OEX,PRE_HOLIDAY",CALENDAR,IS,135
2014-01-30,2014-02-05,146.0587,142.5973,191,-661.14,14.925,14.6103,29.5353,False,4,TOM,CALENDAR,IS,136
2014-02-13,2014-02-14,149.1391,149.8019,183,121.3,14.585,14.6606,29.2457,False,1,PRE_HOLIDAY,CALENDAR,IS,137
2014-02-18,2014-02-20,150.1413,149.867,182,-49.93,14.5968,14.5865,29.1833,False,2,OEX,CALENDAR,IS,138
2014-02-27,2014-03-05,151.4289,152.8384,181,255.12,14.6283,14.7644,29.3928,False,4,TOM,CALENDAR,IS,139
2014-03-17,2014-03-20,151.8444,152.8384,182,180.91,14.7405,14.8458,29.5863,False,3,OEX,CALENDAR,IS,140
2014-03-28,2014-04-03,151.827,154.2326,183,440.22,14.821,15.055,29.876,False,4,TOM,CALENDAR,IS,141
2014-04-14,2014-04-17,149.74,152.401,188,500.27,15.0371,15.3037,30.3408,False,3,OEX,CALENDAR,IS,142
2014-04-29,2014-05-05,153.6769,154.0608,187,71.79,15.3272,15.3766,30.7038,False,4,TOM,CALENDAR,IS,143
2014-05-12,2014-05-15,155.3465,153.2268,185,-392.15,15.3068,15.1258,30.4327,False,3,OEX,CALENDAR,IS,144
2014-05-22,2014-05-23,155.1828,155.639,183,83.47,15.1283,15.1841,30.3123,False,1,PRE_HOLIDAY,CALENDAR,IS,145
2014-05-29,2014-06-04,157.4582,157.9612,181,91.04,15.169,15.2279,30.3969,False,4,TOM,CALENDAR,IS,146
2014-06-16,2014-06-19,159.0298,160.6513,180,291.88,15.2229,15.3817,30.6045,False,3,"OEX,PRE_HOLIDAY",CALENDAR,IS,147
2014-06-27,2014-07-03,161.05,162.8343,179,319.38,15.3169,15.4928,30.8097,False,4,"PRE_HOLIDAY,TOM",CALENDAR,IS,148
2014-07-14,2014-07-17,162.5139,160.7885,180,-310.58,15.5356,15.3982,30.9338,False,3,OEX,CALENDAR,IS,149
2014-07-30,2014-08-05,162.0041,157.7486,178,-757.47,15.3217,14.9632,30.285,False,4,TOM,CALENDAR,IS,150
2014-08-11,2014-08-14,159.3889,160.8295,176,253.56,14.9254,15.0676,29.993,False,3,OEX,CALENDAR,IS,151
2014-08-28,2014-09-04,164.6029,164.4857,172,-20.16,15.0281,15.0304,30.0585,False,4,"PRE_HOLIDAY,TOM",CALENDAR,IS,152
2014-09-15,2014-09-18,163.6489,165.8085,173,373.6,15.0293,15.2302,30.2594,False,3,OEX,CALENDAR,IS,153
2014-09-29,2014-10-03,163.224,162.2088,176,-178.69,15.2591,15.1874,30.4464,False,4,TOM,CALENDAR,IS,154
2014-10-13,2014-10-16,154.8541,153.7481,184,-203.52,15.1927,15.102,30.2946,False,3,OEX,CALENDAR,IS,155
2014-10-30,2014-11-05,164.7444,167.0127,172,390.14,15.053,15.2609,30.314,False,4,TOM,CALENDAR,IS,156
2014-11-17,2014-11-20,168.8673,169.6871,170,139.37,15.2193,15.2976,30.517,False,3,OEX,CALENDAR,IS,157
2014-11-25,2014-12-03,171.1313,171.5939,169,78.19,15.3118,15.3661,30.678,False,5,"PRE_HOLIDAY,TOM",CALENDAR,IS,158
2014-12-15,2014-12-18,164.8518,170.6776,176,1025.34,15.4037,15.942,31.3457,False,3,OEX,CALENDAR,IS,159
2014-12-23,2014-12-24,172.6076,172.4413,174,-28.94,15.9116,15.9133,31.8249,False,1,PRE_HOLIDAY,CALENDAR,IS,160
2014-12-30,2015-01-06,172.4829,165.8429,174,-1155.36,15.9008,15.3391,31.2399,False,4,"PRE_HOLIDAY,TOM",CALENDAR,IS,161
2015-01-12,2015-01-16,168.3704,167.3451,171,-175.33,15.2779,15.2026,30.4805,False,4,"OEX,PRE_HOLIDAY",CALENDAR,IS,162
2015-01-29,2015-02-04,167.8221,169.3621,170,261.79,15.1385,15.2852,30.4238,False,4,TOM,CALENDAR,IS,163
2015-02-12,2015-02-13,173.5796,174.1096,166,87.97,15.2601,15.3188,30.5789,False,1,PRE_HOLIDAY,CALENDAR,IS,164
2015-02-17,2015-02-19,174.5683,174.2756,166,-48.59,15.3413,15.3328,30.6741,False,2,OEX,CALENDAR,IS,165
2015-02-26,2015-03-04,175.6235,174.4831,165,-188.15,15.3305,15.2462,30.5767,False,4,TOM,CALENDAR,IS,166
2015-03-16,2015-03-19,173.2972,173.8772,166,96.28,15.2321,15.2966,30.5287,False,3,OEX,CALENDAR,IS,167
2015-03-30,2015-04-06,173.7953,173.2611,166,-88.68,15.2772,15.2474,30.5246,False,4,TOM,CALENDAR,IS,168
2015-04-13,2015-04-16,174.4962,175.3787,165,145.62,15.239,15.3245,30.5635,False,3,OEX,CALENDAR,IS,169
2015-04-29,2015-05-05,175.7313,174.1531,164,-258.83,15.2411,15.1318,30.3729,False,4,TOM,CALENDAR,IS,170
2015-05-11,2015-05-14,175.7648,176.9127,163,187.11,15.1572,15.267,30.4243,False,3,OEX,CALENDAR,IS,171
2015-05-21,2015-05-22,178.1766,177.563,162,-99.4,15.2584,15.224,30.4824,False,1,PRE_HOLIDAY,CALENDAR,IS,172
2015-05-28,2015-06-03,177.3087,176.6709,162,-103.32,15.1905,15.1494,30.3399,False,4,TOM,CALENDAR,IS,173
2015-06-15,2015-06-18,174.5129,177.3879,164,471.5,15.1435,15.3963,30.5398,False,3,"OEX,PRE_HOLIDAY",CALENDAR,IS,174
2015-06-29,2015-07-06,172.2674,173.1741,169,153.22,15.4198,15.5118,30.9317,False,4,"PRE_HOLIDAY,TOM",CALENDAR,IS,175
2015-07-13,2015-07-16,175.9153,177.8487,166,320.93,15.4518,15.6287,31.0806,False,3,OEX,CALENDAR,IS,176
2015-07-30,2015-08-05,176.7958,175.9805,167,-136.15,15.6169,15.5608,31.1777,False,4,TOM,CALENDAR,IS,177
2015-08-17,2015-08-20,176.6029,170.8702,166,-951.64,15.504,15.047,30.551,False,3,OEX,CALENDAR,IS,178
2015-08-28,2015-09-04,167.1187,161.3365,170,-982.96,15.0954,14.6194,29.7148,False,5,"PRE_HOLIDAY,TOM",CALENDAR,IS,179
2015-09-14,2015-09-17,164.3765,167.318,167,491.23,14.603,14.8641,29.4672,False,3,OEX,CALENDAR,IS,180
2015-09-29,2015-10-05,158.5801,167.1269,176,1504.23,14.8685,15.6355,30.504,False,4,TOM,CALENDAR,IS,181
2015-10-12,2015-10-15,169.8756,170.3943,173,89.74,15.5871,15.6496,31.2366,False,3,OEX,CALENDAR,IS,182
2015-10-29,2015-11-04,176.0375,177.1396,168,185.15,15.6485,15.7551,31.4036,False,4,TOM,CALENDAR,IS,183
2015-11-16,2015-11-19,173.3316,175.6154,172,392.81,15.7912,16.0033,31.7945,False,3,OEX,CALENDAR,IS,184
2015-11-24,2015-11-25,176.4758,176.2638,171,-36.26,15.9668,15.9637,31.9304,False,1,PRE_HOLIDAY,CALENDAR,IS,185
2015-11-27,2015-12-03,176.6529,173.1396,170,-597.25,15.8879,15.6065,31.4943,False,4,TOM,CALENDAR,IS,186
2015-12-14,2015-12-17,171.0388,172.508,172,252.7,15.5965,15.7383,31.3348,False,3,OEX,CALENDAR,IS,187
2015-12-23,2015-12-24,174.7024,174.2293,170,-80.43,15.7299,15.7053,31.4352,False,1,PRE_HOLIDAY,CALENDAR,IS,188
2015-12-30,2016-01-06,174.6261,168.4181,170,-1055.36,15.724,15.2078,30.9318,False,4,"PRE_HOLIDAY,TOM",CALENDAR,IS,189
2016-01-11,2016-01-15,162.9072,159.0914,176,-671.59,15.2455,14.9254,30.1709,False,4,"OEX,PRE_HOLIDAY",CALENDAR,IS,190
2016-01-28,2016-02-03,160.3633,162.0478,174,293.11,14.8504,15.0157,29.8661,False,4,TOM,CALENDAR,IS,191
2016-02-11,2016-02-12,155.0636,158.0918,182,551.13,15.0509,15.3439,30.3948,False,1,PRE_HOLIDAY,CALENDAR,IS,192
2016-02-16,2016-02-18,160.9315,162.717,179,319.6,15.3306,15.5081,30.8387,False,2,OEX,CALENDAR,IS,193
2016-02-26,2016-03-03,165.4342,169.2313,176,668.3,15.471,15.8213,31.2924,False,4,TOM,CALENDAR,IS,194
2016-03-14,2016-03-17,171.7176,173.3399,173,280.66,15.746,15.8989,31.6449,False,3,OEX,CALENDAR,IS,195
2016-03-30,2016-04-05,175.6033,173.8594,171,-298.22,15.8827,15.7527,31.6353,False,4,TOM,CALENDAR,IS,196
2016-04-11,2016-04-14,173.8986,177.112,171,549.48,15.7392,16.0325,31.7717,False,3,OEX,CALENDAR,IS,197
2016-04-28,2016-05-04,176.8222,174.5576,171,-387.24,15.9925,15.813,31.8055,False,4,TOM,CALENDAR,IS,198
2016-05-16,2016-05-19,176.2511,173.8679,170,-405.15,15.8499,15.6627,31.5126,False,3,OEX,CALENDAR,IS,199
2016-05-26,2016-06-03,178.4331,179.0448,165,100.93,15.5666,15.6304,31.197,False,5,"PRE_HOLIDAY,TOM",CALENDAR,IS,200
2016-06-13,2016-06-17,177.6745,176.7577,167,-153.1,15.6875,15.6228,31.3103,False,4,"OEX,PRE_HOLIDAY",CALENDAR,IS,201
2016-06-29,2016-07-06,177.065,179.4452,166,395.12,15.5598,15.7739,31.3337,False,4,"PRE_HOLIDAY,TOM",CALENDAR,IS,202
2016-07-11,2016-07-14,182.8396,184.9744,163,347.98,15.7506,15.9411,31.6917,False,3,OEX,CALENDAR,IS,203
2016-07-28,2016-08-03,185.7268,185.0259,163,-114.24,15.9661,15.9225,31.8886,False,4,TOM,CALENDAR,IS,204
2016-08-15,2016-08-18,187.7144,187.3197,160,-63.15,15.8252,15.8096,31.6348,False,3,OEX,CALENDAR,IS,205
2016-08-30,2016-09-06,186.7806,187.4653,161,110.24,15.8487,15.9178,31.7665,False,4,"PRE_HOLIDAY,TOM",CALENDAR,IS,206
2016-09-12,2016-09-15,185.3584,184.2555,163,-179.77,15.9431,15.8705,31.8136,False,3,OEX,CALENDAR,IS,207
2016-09-29,2016-10-05,184.8653,185.4874,162,100.78,15.8091,15.8756,31.6847,False,4,TOM,CALENDAR,IS,208
2016-10-17,2016-10-20,182.8847,183.982,164,179.95,15.8341,15.9381,31.7721,False,3,OEX,CALENDAR,IS,209
2016-10-28,2016-11-03,183.0224,179.5948,165,-565.56,15.9349,15.6678,31.6027,False,4,TOM,CALENDAR,IS,210
2016-11-14,2016-11-17,186.51,188.3778,159,296.98,15.639,15.8039,31.4428,False,3,OEX,CALENDAR,IS,211
2016-11-22,2016-11-23,189.9457,189.8487,158,-15.32,15.8129,15.821,31.6339,False,1,PRE_HOLIDAY,CALENDAR,IS,212
2016-11-29,2016-12-05,190.2299,190.1068,157,-19.32,15.7356,15.74,31.4756,False,4,TOM,CALENDAR,IS,213
2016-12-12,2016-12-15,194.8281,195.1048,154,42.61,15.7825,15.8208,31.6034,False,3,OEX,CALENDAR,IS,214
2016-12-22,2016-12-23,195.2228,195.303,154,12.35,15.8132,15.8351,31.6484,False,1,PRE_HOLIDAY,CALENDAR,IS,215
2016-12-29,2017-01-05,194.3307,195.9001,154,241.68,15.7459,15.8831,31.629,False,4,"PRE_HOLIDAY,TOM",CALENDAR,IS,216
2017-01-12,2017-01-13,196.2189,196.4625,154,37.51,15.8886,15.9219,31.8105,False,1,PRE_HOLIDAY,CALENDAR,IS,217
2017-01-17,2017-01-19,195.9764,195.4761,154,-77.04,15.8689,15.8473,31.7161,False,2,OEX,CALENDAR,IS,218
2017-01-30,2017-02-03,197.1024,198.4441,153,205.28,15.8538,15.9712,31.825,False,4,TOM,CALENDAR,IS,219
2017-02-13,2017-02-17,201.6238,203.4196,151,271.16,15.9875,16.1383,32.1259,False,4,"OEX,PRE_HOLIDAY",CALENDAR,IS,220
2017-02-27,2017-03-03,205.383,206.3011,149,136.79,16.0523,16.1412,32.1935,False,4,TOM,CALENDAR,IS,221
2017-03-13,2017-03-16,205.9894,206.353,149,54.18,16.1015,16.1458,32.2474,False,3,OEX,CALENDAR,IS,222
2017-03-30,2017-04-05,205.5631,204.0352,150,-229.2,16.1776,16.0787,32.2563,False,4,TOM,CALENDAR,IS,223
2017-04-17,2017-04-20,204.0669,204.5219,150,68.25,16.0659,16.1141,32.18,False,3,OEX,CALENDAR,IS,224
2017-04-27,2017-05-03,207.5727,207.2507,148,-47.66,16.1117,16.1039,32.2157,False,4,TOM,CALENDAR,IS,225
2017-05-15,2017-05-18,209.0517,205.7646,147,-483.19,16.1095,15.8898,31.9993,False,3,OEX,CALENDAR,IS,226
2017-05-25,2017-05-26,210.3218,210.0579,143,-37.74,15.7672,15.7641,31.5313,False,1,PRE_HOLIDAY,CALENDAR,IS,227
2017-05-30,2017-06-05,210.0956,212.0393,143,277.95,15.7512,15.907,31.6582,False,4,TOM,CALENDAR,IS,228
2017-06-12,2017-06-16,211.7137,211.8944,144,26.03,15.9779,15.9979,31.9758,False,4,"OEX,PRE_HOLIDAY",CALENDAR,IS,229
2017-06-29,2017-07-06,210.989,210.0691,144,-132.46,15.923,15.8742,31.7972,False,4,"PRE_HOLIDAY,TOM",CALENDAR,IS,230
2017-07-17,2017-07-20,214.6431,215.7893,141,161.62,15.8545,15.9496,31.8041,False,3,OEX,CALENDAR,IS,231
2017-07-28,2017-08-03,215.8494,215.6671,141,-25.71,15.9316,15.931,31.8626,False,4,TOM,CALENDAR,IS,232
2017-08-14,2017-08-17,215.5259,212.2873,141,-456.64,15.912,15.7033,31.6153,False,3,OEX,CALENDAR,IS,233
2017-08-30,2017-09-06,215.0627,215.6146,139,76.72,15.6604,15.7149,31.3754,False,4,"PRE_HOLIDAY,TOM",CALENDAR,IS,234
2017-09-11,2017-09-14,217.8601,218.4005,138,74.58,15.74,15.7915,31.5315,False,3,OEX,CALENDAR,IS,235
2017-09-28,2017-10-04,219.9427,222.1788,137,306.35,15.7587,15.925,31.6837,False,4,TOM,CALENDAR,IS,236
2017-10-16,2017-10-19,224.2826,224.4871,136,27.81,15.9339,15.9631,31.897,False,3,OEX,CALENDAR,IS,237
2017-10-30,2017-11-03,225.5652,226.8215,135,169.6,15.9074,16.0076,31.915,False,4,TOM,CALENDAR,IS,238
2017-11-13,2017-11-16,226.9533,226.9707,135,2.36,16.0002,16.0204,32.0206,False,3,OEX,CALENDAR,IS,239
2017-11-21,2017-11-22,228.4116,227.9712,134,-59.01,15.9827,15.9686,31.9513,False,1,PRE_HOLIDAY,CALENDAR,IS,240
2017-11-29,2017-12-05,230.8012,230.9815,132,23.81,15.9019,15.9306,31.8325,False,4,TOM,CALENDAR,IS,241
2017-12-11,2017-12-14,233.9639,233.1493,131,-106.71,15.9891,15.9506,31.9397,False,3,OEX,CALENDAR,IS,242
2017-12-21,2017-12-22,236.2812,235.973,129,-39.75,15.8927,15.8886,31.7813,False,1,PRE_HOLIDAY,CALENDAR,IS,243
2017-12-28,2018-01-04,236.5372,239.5897,129,393.77,15.9076,16.1209,32.0286,False,4,"PRE_HOLIDAY,TOM",CALENDAR,IS,244
2018-01-11,2018-01-12,243.8221,245.156,126,168.07,15.9984,16.099,32.0973,False,1,PRE_HOLIDAY,CALENDAR,IS,245
2018-01-16,2018-01-18,244.5726,246.2321,127,210.76,16.1733,16.2954,32.4687,False,2,OEX,CALENDAR,IS,246
2018-01-30,2018-02-05,248.8023,232.8148,125,-1998.43,16.187,15.2209,31.4079,False,4,TOM,CALENDAR,IS,247
2018-02-12,2018-02-16,234.3034,240.9127,125,826.16,15.3037,15.7347,31.0384,False,4,"OEX,PRE_HOLIDAY",CALENDAR,IS,248
2018-02-27,2018-03-05,242.3299,240.1012,124,-276.36,15.6828,15.5594,31.2421,False,4,TOM,CALENDAR,IS,249
2018-03-12,2018-03-15,245.9415,242.5801,121,-406.73,15.5073,15.3181,30.8254,False,3,OEX,CALENDAR,IS,250
2018-03-28,2018-04-04,230.3569,233.4196,127,388.96,15.2945,15.508,30.8025,False,4,TOM,CALENDAR,IS,251
2018-04-16,2018-04-19,237.0061,238.14,125,141.75,15.4759,15.5629,31.0388,False,3,OEX,CALENDAR,IS,252
2018-04-27,2018-05-03,236.3233,232.5871,126,-470.76,15.5477,15.3222,30.87,False,4,TOM,CALENDAR,IS,253
2018-05-14,2018-05-17,242.0149,240.9036,121,-134.47,15.2654,15.2125,30.4779,False,3,OEX,CALENDAR,IS,254
2018-05-24,2018-05-25,241.8553,241.0275,121,-100.16,15.2512,15.2165,30.4677,False,1,PRE_HOLIDAY,CALENDAR,IS,255
2018-05-30,2018-06-05,241.6868,243.6402,121,236.36,15.2447,15.3782,30.6228,False,4,TOM,CALENDAR,IS,256
2018-06-11,2018-06-14,246.9619,246.8552,119,-12.7,15.305,15.3128,30.6178,False,3,OEX,CALENDAR,IS,257
2018-06-15,2018-06-18,246.7973,246.0332,119,-90.93,15.2935,15.2633,30.5569,False,1,PRE_HOLIDAY,CALENDAR,IS,258
2018-06-28,2018-07-05,241.2404,242.9639,121,208.54,15.2128,15.3303,30.5431,False,4,"PRE_HOLIDAY,TOM",CALENDAR,IS,259
2018-07-16,2018-07-19,248.7653,249.0934,119,39.04,15.4131,15.4486,30.8617,False,3,OEX,CALENDAR,IS,260
2018-07-30,2018-08-03,249.3086,252.2963,118,352.54,15.3138,15.5041,30.8179,False,4,TOM,CALENDAR,IS,261
2018-08-13,2018-08-16,251.2232,252.7055,119,176.39,15.5538,15.6601,31.2139,False,3,OEX,CALENDAR,IS,262
2018-08-30,2018-09-06,258.5256,256.353,116,-252.02,15.5863,15.4753,31.0616,False,4,"PRE_HOLIDAY,TOM",CALENDAR,IS,263
2018-09-17,2018-09-20,257.6706,261.1748,116,406.49,15.5323,15.7529,31.2852,False,3,OEX,CALENDAR,IS,264
2018-09-27,2018-10-03,260.0446,260.6949,116,75.44,15.6692,15.722,31.3912,False,4,TOM,CALENDAR,IS,265
2018-10-15,2018-10-18,245.4724,247.0038,123,188.37,15.7369,15.8505,31.5874,False,3,OEX,CALENDAR,IS,266
2018-10-30,2018-11-05,239.5414,244.3139,127,606.1,15.88,16.2019,32.0819,False,4,TOM,CALENDAR,IS,267
2018-11-12,2018-11-15,243.8354,243.9832,128,18.91,16.2826,16.3052,32.5878,False,3,OEX,CALENDAR,IS,268
2018-11-20,2018-11-21,236.2765,236.8339,132,73.58,16.2922,16.3408,32.633,False,1,PRE_HOLIDAY,CALENDAR,IS,269
2018-11-29,2018-12-06,245.0968,241.1413,127,-502.35,16.2337,16.0026,32.2363,False,4,TOM,CALENDAR,IS,270
2018-12-17,2018-12-20,228.4401,220.8819,134,-1012.79,16.014,15.519,31.533,False,3,OEX,CALENDAR,IS,271
2018-12-21,2018-12-24,216.5831,210.6392,137,-814.33,15.5557,15.1643,30.72,False,1,PRE_HOLIDAY,CALENDAR,IS,272
2018-12-28,2018-12-31,222.9267,224.6438,130,223.21,15.1808,15.3083,30.4891,False,1,PRE_HOLIDAY,CALENDAR,IS,273
2019-01-14,2019-01-18,231.6097,239.5112,126,995.59,15.2653,15.7795,31.0448,False,4,"OEX,PRE_HOLIDAY",CALENDAR,IS,274
2019-01-30,2019-02-05,240.7694,245.4801,125,588.84,15.7052,16.0019,31.7071,False,4,TOM,CALENDAR,IS,275
2019-02-11,2019-02-15,243.5046,249.3183,126,732.53,15.9915,16.3751,32.3666,False,4,"OEX,PRE_HOLIDAY",CALENDAR,IS,276
2019-02-27,2019-03-05,251.2248,250.8015,125,-52.91,16.3426,16.3292,32.6718,False,4,TOM,CALENDAR,IS,277
2019-03-11,2019-03-14,250.5409,252.725,125,273.01,16.3003,16.4514,32.7516,False,3,OEX,CALENDAR,IS,278
2019-03-28,2019-04-03,253.696,258.5872,125,611.4,16.5025,16.8264,33.3289,False,4,TOM,CALENDAR,IS,279
2019-04-15,2019-04-18,262.0646,261.8374,123,-27.95,16.7526,16.7543,33.507,False,3,OEX,CALENDAR,IS,280
2019-04-29,2019-05-03,265.5892,265.4578,121,-15.9,16.6835,16.6936,33.3772,False,4,TOM,CALENDAR,IS,281
2019-05-13,2019-05-16,253.8316,259.7428,127,750.72,16.7781,17.1738,33.9519,False,3,OEX,CALENDAR,IS,282
2019-05-23,2019-05-24,254.9884,255.3009,129,40.31,17.121,17.1581,34.2791,False,1,PRE_HOLIDAY,CALENDAR,IS,283
2019-05-30,2019-06-05,252.1778,255.4632,131,430.39,17.2023,17.4406,34.6428,False,4,TOM,CALENDAR,IS,284
2019-06-17,2019-06-20,261.5224,267.1099,128,715.19,17.4077,17.7822,35.1899,False,3,"OEX,PRE_HOLIDAY",CALENDAR,IS,285
2019-06-27,2019-07-03,264.7288,271.0765,129,818.86,17.7471,18.1642,35.9113,False,4,"PRE_HOLIDAY,TOM",CALENDAR,IS,286
2019-07-15,2019-07-18,273.129,271.1036,128,-259.24,18.1371,18.0269,36.1639,False,3,OEX,CALENDAR,IS,287
2019-07-30,2019-08-05,273.1017,257.486,127,-1983.2,17.9941,17.0331,35.0272,False,4,TOM,CALENDAR,IS,288
2019-08-12,2019-08-15,261.6139,258.2389,125,-421.88,17.011,16.8228,33.8338,False,3,OEX,CALENDAR,IS,289
2019-08-29,2019-09-05,265.7098,270.1871,121,541.76,16.7281,17.0153,33.7434,False,4,"PRE_HOLIDAY,TOM",CALENDAR,IS,290
2019-09-16,2019-09-19,272.5933,273.1449,120,66.19,16.988,17.0347,34.0227,False,3,OEX,CALENDAR,IS,291
2019-09-27,2019-10-03,269.5093,264.6906,122,-587.88,17.0656,16.7914,33.857,False,4,TOM,CALENDAR,IS,292
2019-10-14,2019-10-17,270.0112,272.7658,120,330.55,16.8277,17.0123,33.8401,False,3,OEX,CALENDAR,IS,293
2019-10-30,2019-11-05,277.4832,279.8294,118,276.85,16.9851,17.1317,34.1168,False,4,TOM,CALENDAR,IS,294
2019-11-11,2019-11-14,281.324,282.1262,117,93.86,17.0542,17.1155,34.1698,False,3,OEX,CALENDAR,IS,295
2019-11-26,2019-12-04,286.5516,283.867,115,-308.73,17.0598,16.9264,33.9861,False,5,"PRE_HOLIDAY,TOM",CALENDAR,IS,296
2019-12-16,2019-12-19,291.4965,292.4709,112,109.13,16.8981,16.9692,33.8673,False,3,OEX,CALENDAR,IS,297
2019-12-23,2019-12-24,294.5067,294.2111,111,-32.81,16.9128,16.9127,33.8256,False,1,PRE_HOLIDAY,CALENDAR,IS,298
2019-12-30,2020-01-06,294.3782,296.4183,111,226.45,16.9058,17.035,33.9407,False,4,"PRE_HOLIDAY,TOM",CALENDAR,IS,299
2020-01-13,2020-01-17,300.6768,304.0296,110,368.81,17.0984,17.3007,34.3992,False,4,"OEX,PRE_HOLIDAY",CALENDAR,IS,300
2020-01-30,2020-02-05,300.4294,304.8629,111,492.12,17.2492,17.5206,34.7698,False,4,TOM,CALENDAR,IS,301
2020-02-13,2020-02-14,309.0292,309.2042,109,19.07,17.4155,17.4417,34.8573,False,1,PRE_HOLIDAY,CALENDAR,IS,302
2020-02-18,2020-02-20,308.7267,308.6089,110,-12.95,17.5586,17.5702,35.1289,False,2,OEX,CALENDAR,IS,303
2020-05-11,2020-05-14,269.7527,262.5349,125,-902.24,17.5421,17.1052,34.6473,False,3,OEX,CALENDAR,IS,304
2020-05-21,2020-05-22,271.9476,272.1808,121,28.22,17.1058,17.1367,34.2425,False,1,PRE_HOLIDAY,CALENDAR,IS,305
2020-06-17,2020-06-18,287.4224,287.2346,115,-21.6,17.1528,17.1582,34.311,False,1,PRE_HOLIDAY,CALENDAR,IS,306
2020-07-01,2020-07-02,287.6312,288.9149,115,147.63,17.1685,17.2601,34.4286,False,1,PRE_HOLIDAY,CALENDAR,IS,307
2020-07-30,2020-08-05,300.0801,307.3111,110,795.41,17.0816,17.4938,34.5754,False,4,TOM,CALENDAR,IS,308
2020-08-17,2020-08-20,313.0015,313.0205,108,2.06,17.4657,17.4816,34.9473,False,3,OEX,CALENDAR,IS,309
2020-08-28,2020-09-04,324.7373,316.9901,104,-805.7,17.4224,17.0576,34.48,False,5,"PRE_HOLIDAY,TOM",CALENDAR,IS,310
2020-09-14,2020-09-17,313.5112,310.7624,105,-288.62,17.0303,16.9016,33.9319,False,3,OEX,CALENDAR,IS,311
2020-09-29,2020-10-05,309.1027,315.6483,106,693.83,16.961,17.3214,34.2824,False,4,TOM,CALENDAR,IS,312
2020-10-12,2020-10-15,327.7579,322.8392,102,-501.71,17.265,17.0312,34.2962,False,3,OEX,CALENDAR,IS,313
2020-11-16,2020-11-19,337.188,332.3897,98,-470.23,17.0523,16.8348,33.8871,False,3,OEX,CALENDAR,IS,314
2020-11-24,2020-11-25,337.7924,336.9237,96,-83.4,16.733,16.6981,33.4311,False,1,PRE_HOLIDAY,CALENDAR,IS,315
2020-11-27,2020-12-03,338.2108,340.6678,96,235.87,16.7438,16.8745,33.6183,False,4,TOM,CALENDAR,IS,316
2020-12-14,2020-12-17,339.1314,345.824,96,642.49,16.7799,17.1159,33.8958,False,3,OEX,CALENDAR,IS,317
2020-12-23,2020-12-24,343.2947,344.2753,97,95.12,17.149,17.2141,34.3631,False,1,PRE_HOLIDAY,CALENDAR,IS,318
2020-12-30,2021-01-06,347.4226,348.5205,96,105.39,17.1697,17.2425,34.4122,False,4,"PRE_HOLIDAY,TOM",CALENDAR,IS,319
2021-01-11,2021-01-15,353.6801,350.5264,95,-299.6,17.2933,17.1591,34.4524,False,4,"OEX,PRE_HOLIDAY",CALENDAR,IS,320
2021-02-11,2021-02-12,364.9063,366.3315,91,129.69,17.0907,17.1727,34.2633,False,1,PRE_HOLIDAY,CALENDAR,IS,321
2021-02-16,2021-02-18,366.3913,364.5401,91,-168.46,17.1583,17.0894,34.2477,False,2,OEX,CALENDAR,IS,322
2021-03-15,2021-03-18,370.2298,365.2492,89,-443.27,16.9476,16.7427,33.6902,False,3,OEX,CALENDAR,IS,323
2021-03-30,2021-04-06,369.868,380.1496,88,904.77,16.7341,17.2007,33.9348,False,4,TOM,CALENDAR,IS,324
2021-04-12,2021-04-15,385.7128,389.2762,87,310.02,17.2294,17.4034,34.6327,False,3,OEX,CALENDAR,IS,325
2021-04-29,2021-05-05,393.6023,389.164,86,-381.69,17.3706,17.1953,34.5658,False,4,TOM,CALENDAR,IS,326
2021-05-17,2021-05-20,389.3485,388.7239,86,-53.72,17.1953,17.1853,34.3807,False,3,OEX,CALENDAR,IS,327
2021-05-27,2021-06-03,392.8809,391.9907,85,-75.66,17.145,17.1245,34.2695,False,4,"PRE_HOLIDAY,TOM",CALENDAR,IS,328
2021-06-14,2021-06-17,398.4747,394.9863,84,-293.02,17.1666,17.0355,34.2021,False,3,"OEX,PRE_HOLIDAY",CALENDAR,IS,329
2021-06-29,2021-07-06,402.0721,406.5713,82,368.94,16.9087,17.1097,34.0184,False,4,"PRE_HOLIDAY,TOM",CALENDAR,IS,330
2021-07-12,2021-07-15,410.8899,408.2805,81,-211.36,17.061,16.972,34.0329,False,3,OEX,CALENDAR,IS,331
2021-07-29,2021-08-04,414.2461,412.253,80,-159.44,16.9873,16.9252,33.9125,False,4,TOM,CALENDAR,IS,332
2021-08-16,2021-08-19,420.1872,413.0795,79,-561.5,17.0041,16.7396,33.7437,False,3,OEX,CALENDAR,IS,333
2021-08-30,2021-09-03,425.132,425.4948,76,27.57,16.5469,16.5754,33.1222,False,4,"PRE_HOLIDAY,TOM",CALENDAR,IS,334
2021-09-13,2021-09-16,419.8205,419.9446,78,9.68,16.7744,16.7946,33.569,False,3,OEX,CALENDAR,IS,335
2021-09-29,2021-10-05,409.726,408.034,79,-133.67,16.5963,16.5486,33.1448,False,4,TOM,CALENDAR,IS,336
2021-10-11,2021-10-14,409.9525,416.89,79,548.07,16.6084,16.9016,33.5101,False,3,OEX,CALENDAR,IS,337
2021-10-28,2021-11-03,432.2373,437.8244,76,424.62,16.8203,17.0463,33.8666,False,4,TOM,CALENDAR,IS,338
2021-11-15,2021-11-18,440.8287,442.5446,76,130.4,17.1402,17.2223,34.3625,False,3,OEX,CALENDAR,IS,339
2021-11-23,2021-11-24,441.5455,442.2714,76,55.17,17.167,17.211,34.378,False,1,PRE_HOLIDAY,CALENDAR,IS,340
2021-11-29,2021-12-03,438.16,427.1781,77,-845.6,17.2722,16.8703,34.1425,False,4,TOM,CALENDAR,IS,341
2021-12-13,2021-12-16,440.0179,439.4541,74,-41.73,16.6758,16.6722,33.348,False,3,OEX,CALENDAR,IS,342
2021-12-22,2021-12-23,442.6237,444.9216,74,170.04,16.7756,16.8779,33.6535,False,1,PRE_HOLIDAY,CALENDAR,IS,343
2021-12-29,2022-01-05,451.8889,442.8227,73,-661.83,16.8834,16.5673,33.4506,False,5,"PRE_HOLIDAY,TOM",CALENDAR,IS,344
2022-01-13,2022-01-14,439.633,439.3625,73,-19.74,16.4322,16.4383,32.8704,False,1,PRE_HOLIDAY,CALENDAR,IS,345
2022-01-18,2022-01-20,432.024,422.3729,74,-714.19,16.3771,16.0328,32.4099,False,2,OEX,CALENDAR,IS,346
2022-01-28,2022-02-03,418.2635,422.231,75,297.57,16.0784,16.2468,32.3252,False,4,TOM,CALENDAR,IS,347
2022-02-17,2022-02-18,413.6357,410.5357,77,-238.7,16.3365,16.2322,32.5686,False,1,PRE_HOLIDAY,CALENDAR,IS,348
2022-02-25,2022-03-03,414.2888,411.935,76,-178.89,16.1531,16.0775,32.2307,False,4,TOM,CALENDAR,IS,349
2022-03-30,2022-04-05,435.4644,427.744,72,-555.87,16.0667,15.8017,31.8684,False,4,TOM,CALENDAR,IS,350
2022-04-11,2022-04-14,417.6359,415.1874,74,-181.18,15.8487,15.7703,31.619,False,3,OEX,CALENDAR,IS,351
2022-05-16,2022-05-19,379.824,369.3518,81,-848.25,15.8312,15.4247,31.2559,False,3,OEX,CALENDAR,IS,352
2022-05-26,2022-06-03,384.7796,389.3438,77,351.44,15.2414,15.4291,30.6704,False,5,"PRE_HOLIDAY,TOM",CALENDAR,IS,353
2022-06-16,2022-06-17,348.0783,348.4689,87,33.98,15.6215,15.6542,31.2757,False,1,PRE_HOLIDAY,CALENDAR,IS,354
2022-06-30,2022-07-01,359.6884,363.1179,84,288.08,15.574,15.733,31.307,False,1,PRE_HOLIDAY,CALENDAR,IS,355
2022-07-11,2022-07-14,366.3433,359.9463,83,-530.95,15.6623,15.4039,31.0662,False,3,OEX,CALENDAR,IS,356
2022-07-28,2022-08-03,387.1661,394.75,77,583.96,15.3204,15.6308,30.9511,False,4,TOM,CALENDAR,IS,357
2022-08-15,2022-08-18,408.8948,407.5514,75,-100.76,15.7388,15.7017,31.4406,False,3,OEX,CALENDAR,IS,358
2022-08-30,2022-09-06,379.6722,372.1857,80,-598.92,15.6238,15.3361,30.9599,False,4,"PRE_HOLIDAY,TOM",CALENDAR,IS,359
2022-09-12,2022-09-15,391.838,371.576,76,-1539.91,15.3015,14.5517,29.8532,False,3,OEX,CALENDAR,IS,360
2022-10-28,2022-11-03,372.4338,354.8259,76,-1338.21,14.57,13.9107,28.4807,False,4,TOM,CALENDAR,IS,361
2022-11-14,2022-11-17,378.2736,377.0428,71,-87.39,13.8194,13.7893,27.6087,False,3,OEX,CALENDAR,IS,362
2022-11-22,2022-11-23,382.8498,384.866,70,141.13,13.7841,13.8688,27.6529,False,1,PRE_HOLIDAY,CALENDAR,IS,363
2022-11-29,2022-12-05,378.379,382.1594,71,268.41,13.8228,13.9724,27.7952,False,4,TOM,CALENDAR,IS,364
2022-12-12,2022-12-15,381.9401,372.6339,71,-660.74,13.9379,13.622,27.5599,False,3,OEX,CALENDAR,IS,365
2022-12-22,2022-12-23,366.1614,367.8887,73,126.09,13.7558,13.8328,27.5886,False,1,PRE_HOLIDAY,CALENDAR,IS,366
2022-12-29,2022-12-30,368.7772,367.4275,72,-97.18,13.658,13.6229,27.2808,False,1,PRE_HOLIDAY,CAP,IS,367
2023-01-12,2023-01-13,381.7828,382.8646,65,70.32,12.9264,12.9753,25.9018,False,1,PRE_HOLIDAY,CALENDAR,OOS,368
2023-01-17,2023-01-19,382.5618,373.3914,65,-596.07,12.9522,12.6623,25.6145,False,2,OEX,CALENDAR,OOS,369
2023-01-30,2023-02-03,385.2738,396.1742,63,686.72,12.6374,12.8242,25.4615,False,4,TOM,CALENDAR,OOS,370
2023-02-13,2023-02-17,397.0429,391.2838,63,-362.83,12.8393,12.6681,25.5074,False,4,"OEX,PRE_HOLIDAY",CALENDAR,OOS,371
2023-02-27,2023-03-03,382.5206,388.3343,64,372.08,12.5769,12.7738,25.3507,False,4,TOM,CALENDAR,OOS,372
2023-03-13,2023-03-16,370.6238,380.571,67,666.47,12.7651,13.1133,25.8785,False,3,OEX,CALENDAR,OOS,373
2023-03-30,2023-04-05,389.744,393.1051,66,221.83,13.2083,13.3317,26.5401,False,4,TOM,CALENDAR,OOS,374
2023-04-17,2023-04-20,399.6298,397.2331,65,-155.79,13.3244,13.2561,26.5806,False,3,OEX,CALENDAR,OOS,375
2023-04-27,2023-05-03,398.1527,393.5103,65,-301.76,13.2773,13.1393,26.4166,False,4,TOM,CALENDAR,OOS,376
2023-05-15,2023-05-18,398.732,404.3218,64,357.74,13.0929,13.2866,26.3795,False,3,OEX,CALENDAR,OOS,377
2023-05-25,2023-05-26,400.3153,405.0837,64,305.18,13.142,13.3087,26.4508,False,1,PRE_HOLIDAY,CALENDAR,OOS,378
2023-05-30,2023-06-05,405.654,411.912,64,400.51,13.3136,13.5255,26.8391,False,4,TOM,CALENDAR,OOS,379
2023-06-12,2023-06-16,418.8029,425.407,63,416.06,13.5178,13.7385,27.2563,False,4,"OEX,PRE_HOLIDAY",CALENDAR,OOS,380
2023-06-29,2023-07-06,424.535,425.6006,63,67.14,13.6961,13.7435,27.4396,False,4,"PRE_HOLIDAY,TOM",CALENDAR,OOS,381
2023-07-17,2023-07-20,436.8703,437.7204,62,52.71,13.8606,13.901,27.7615,False,3,OEX,CALENDAR,OOS,382
2023-07-28,2023-08-03,442.7619,434.4872,61,-504.76,13.8162,13.5781,27.3943,False,4,TOM,CALENDAR,OOS,383
2023-08-14,2023-08-17,434.225,422.3384,61,-725.09,13.5566,13.2078,26.7644,False,3,OEX,CALENDAR,OOS,384
2023-08-30,2023-09-06,437.0351,431.9509,59,-299.97,13.1983,13.0611,26.2594,False,4,"PRE_HOLIDAY,TOM",CALENDAR,OOS,385
2023-09-11,2023-09-14,434.5546,435.9585,59,82.83,13.1253,13.1787,26.3039,False,3,OEX,CALENDAR,OOS,386
2023-09-28,2023-10-04,416.707,412.5302,61,-254.78,13.0236,12.9098,25.9334,False,4,TOM,CALENDAR,OOS,387
2023-10-16,2023-10-19,424.0196,414.2496,60,-586.2,13.0311,12.7497,25.7808,False,3,OEX,CALENDAR,OOS,388
2023-10-30,2023-11-03,404.1336,422.2737,61,1106.55,12.643,13.2116,25.8546,False,4,TOM,CALENDAR,OOS,389
2023-11-13,2023-11-16,428.0552,437.37,60,558.89,13.1561,13.4495,26.6057,False,3,OEX,CALENDAR,OOS,390
2023-11-21,2023-11-22,440.7745,442.0233,60,74.93,13.5375,13.5866,27.1241,False,1,PRE_HOLIDAY,CALENDAR,OOS,391
2023-11-29,2023-12-05,442.0774,443.5582,60,88.85,13.5732,13.6292,27.2024,False,4,TOM,CALENDAR,OOS,392
2023-12-11,2023-12-14,449.2538,458.5283,59,547.19,13.5544,13.8395,27.3939,False,3,OEX,CALENDAR,OOS,393
2023-12-21,2023-12-22,461.5322,461.987,59,26.83,13.9174,13.9446,27.8621,False,1,PRE_HOLIDAY,CALENDAR,OOS,394
2023-12-28,2024-01-04,465.4278,455.7737,58,-559.94,13.794,13.5282,27.3221,False,4,"PRE_HOLIDAY,TOM",CALENDAR,OOS,395
2024-01-11,2024-01-12,465.0959,464.9424,57,-8.75,13.5481,13.5561,27.1042,False,1,PRE_HOLIDAY,CALENDAR,OOS,396
2024-01-16,2024-01-18,463.7094,464.757,57,59.71,13.5076,13.5519,27.0596,False,2,OEX,CALENDAR,OOS,397
2024-01-30,2024-02-05,479.2922,480.4217,55,62.12,13.462,13.5098,26.9718,False,4,TOM,CALENDAR,OOS,398
2024-02-12,2024-02-16,489.1437,487.2104,54,-104.4,13.4857,13.4482,26.9339,False,4,"OEX,PRE_HOLIDAY",CALENDAR,OOS,399
2024-02-28,2024-03-05,494.299,494.6916,54,21.2,13.6295,13.6518,27.2812,False,4,TOM,CALENDAR,OOS,400
2024-03-11,2024-03-14,499.2003,502.2704,53,162.71,13.5053,13.5989,27.1042,False,3,OEX,CALENDAR,OOS,401
2024-03-27,2024-04-03,512.3963,508.1948,52,-218.48,13.5893,13.4922,27.0814,False,4,TOM,CALENDAR,OOS,402
2024-04-15,2024-04-18,494.0621,488.7341,54,-287.71,13.6199,13.4878,27.1077,False,3,OEX,CALENDAR,OOS,403
2024-04-29,2024-05-03,499.5564,500.2499,52,36.06,13.2596,13.2925,26.5521,False,4,TOM,CALENDAR,OOS,404
2024-05-13,2024-05-16,510.1829,517.2744,51,361.67,13.2754,13.4705,26.746,False,3,OEX,CALENDAR,OOS,405
2024-05-23,2024-05-24,515.1289,518.0082,52,149.72,13.6646,13.7531,27.4177,False,1,PRE_HOLIDAY,CALENDAR,OOS,406
2024-05-30,2024-06-05,511.8479,523.1253,52,586.42,13.5776,13.8839,27.4615,False,4,TOM,CALENDAR,OOS,407
2024-06-17,2024-06-20,535.8333,535.1893,51,-32.85,13.927,13.9244,27.8514,False,2,"OEX,PRE_HOLIDAY",CALENDAR,OOS,408
2024-06-27,2024-07-03,536.8446,541.2939,51,226.91,13.9503,14.0769,28.0272,False,4,"PRE_HOLIDAY,TOM",CALENDAR,OOS,409
2024-07-15,2024-07-18,551.7403,542.4715,50,-463.44,14.0494,13.8354,27.8848,False,3,OEX,CALENDAR,OOS,410
2024-07-30,2024-08-05,532.5511,507.8414,51,-1260.19,13.853,13.241,27.094,False,4,TOM,CALENDAR,OOS,411
2024-08-12,2024-08-15,523.9735,542.8737,49,926.11,13.106,13.5853,26.6913,False,3,OEX,CALENDAR,OOS,412
2024-08-29,2024-09-05,548.616,539.4775,49,-447.79,13.7096,13.4953,27.2049,False,4,"PRE_HOLIDAY,TOM",CALENDAR,OOS,413
2024-09-16,2024-09-19,553.0275,560.4539,47,349.04,13.2474,13.4362,26.6837,False,3,OEX,CALENDAR,OOS,414
2024-09-27,2024-10-03,563.2293,559.0618,47,-195.87,13.4862,13.3978,26.884,False,4,TOM,CALENDAR,OOS,415
2024-10-14,2024-10-17,575.8937,573.3678,46,-116.2,13.485,13.439,26.924,False,3,OEX,CALENDAR,OOS,416
2024-10-30,2024-11-05,571.646,567.8049,46,-176.69,13.3869,13.3154,26.7023,False,4,TOM,CALENDAR,OOS,417
2024-11-11,2024-11-14,590.1256,584.1982,44,-260.81,13.2189,13.1012,26.3202,False,3,OEX,CALENDAR,OOS,418
2024-11-26,2024-12-04,591.9882,598.2876,44,277.17,13.2597,13.4079,26.6676,False,5,"PRE_HOLIDAY,TOM",CALENDAR,OOS,419
2024-12-16,2024-12-19,598.0394,577.0599,44,-923.1,13.3812,12.9423,26.3235,False,3,OEX,CALENDAR,OOS,420
2024-12-23,2024-12-24,588.0869,594.0181,43,255.04,12.8727,13.0143,25.887,False,1,PRE_HOLIDAY,CALENDAR,OOS,421
2024-12-27,2024-12-30,588.4034,581.0964,43,-314.2,12.8807,12.7363,25.617,False,1,PRE_HOLIDAY,CAP,OOS,422
