ticker,entry_date,exit_date,entry_price,exit_price,shares,gross_pnl,total_cost,pnl,exit_type,hold_trading_days,atr_stop,liquidity_constrained
IWM,2005-02-09,2005-02-10,47.9471,46.7295,695.2108,-846.4477,10.608,-857.0557,stop,1,46.7295,False
QQQ,2005-03-15,2005-03-21,31.8459,31.148,1037.7378,-724.1814,13.8269,-738.0083,trend_break,4,30.8769,False
QQQ,2005-04-01,2005-04-05,31.3352,31.0544,1044.7879,-293.3917,13.8778,-307.2695,trend_break,2,30.4805,False
SPY,2005-04-01,2005-04-07,80.3621,80.7754,408.1729,168.6808,7.4788,161.202,time,4,78.725,False
IWM,2005-04-01,2005-04-07,46.3685,46.5347,704.4055,117.089,10.5848,106.5042,time,4,45.1871,False
SPY,2005-06-17,2005-06-23,82.6657,81.5231,396.639,-453.2269,7.3032,-460.53,time,4,81.3603,False
SPY,2005-07-14,2005-07-20,83.6452,83.958,390.1593,122.0516,7.2798,114.7718,time,4,82.1275,False
QQQ,2005-07-14,2005-07-20,32.9401,33.613,989.2235,665.6971,13.3637,652.3334,time,4,32.1296,False
IWM,2005-07-14,2005-07-20,50.6664,51.0072,641.5341,218.6382,10.0374,208.6008,time,4,49.1928,False
SPY,2005-08-19,2005-08-25,83.4071,82.6997,395.1723,-279.5363,7.3318,-286.8681,time,4,81.9798,False
IWM,2005-08-22,2005-08-26,49.4092,48.8487,666.7712,-373.685,10.2532,-383.9382,time,4,47.9854,False
IWM,2005-10-03,2005-10-05,50.5099,49.1135,647.6417,-904.3802,10.0165,-914.3966,stop,2,49.1135,False
QQQ,2005-10-03,2005-10-06,33.6811,32.8841,971.9557,-774.7077,13.109,-787.8167,stop,3,32.8841,False
IWM,2005-11-14,2005-11-18,50.5251,50.8138,636.697,183.8024,9.939,173.8634,time,4,48.8701,False
SPY,2005-11-17,2005-11-23,84.4794,86.7676,378.3691,865.7849,7.1164,858.6685,time,4,82.9503,False
QQQ,2005-11-28,2005-11-30,35.7766,35.1073,908.4685,-608.0319,12.4397,-620.4717,stop,2,35.1073,False
SPY,2005-11-28,2005-12-02,86.9179,86.6446,374.0699,-102.2012,7.0612,-109.2624,time,4,85.5313,False
SPY,2005-12-23,2005-12-30,87.0558,85.6569,370.6829,-518.5427,6.9818,-525.5245,stop,4,85.6569,False
QQQ,2005-12-23,2005-12-30,35.4445,34.6163,910.1911,-753.871,12.4411,-766.3121,stop,4,34.6541,False
IWM,2005-12-23,2005-12-30,51.9329,50.8805,620.6226,-653.1305,9.6234,-662.7538,time,4,50.6119,False
QQQ,2006-01-06,2006-01-12,36.0849,36.7168,876.2264,553.6747,12.1565,541.5182,time,4,35.2166,False
IWM,2006-01-06,2006-01-12,52.7108,53.6335,598.2034,551.961,9.4314,542.5296,time,4,51.3326,False
QQQ,2006-02-27,2006-03-03,35.3165,35.3933,905.5248,69.5984,12.4526,57.1458,time,4,34.3687,False
QQQ,2006-04-25,2006-05-01,35.9479,35.4096,890.1485,-479.1952,12.2391,-491.4344,time,4,34.9958,False
SPY,2006-05-05,2006-05-11,91.0352,90.2768,349.7017,-265.2011,6.7553,-271.9563,time,4,89.3688,False
SPY,2006-05-26,2006-06-02,88.25,88.9325,359.7112,245.519,6.9029,238.616,time,4,86.1493,False
SPY,2006-09-01,2006-09-08,90.8074,90.2119,350.4565,-208.7097,6.7474,-215.4572,time,4,89.4502,False
SPY,2006-09-15,2006-09-21,92.0205,91.7145,345.056,-105.6002,6.6841,-112.2843,time,4,90.7662,False
SPY,2006-11-03,2006-11-09,95.4701,96.1031,332.1961,210.2522,6.5582,203.6941,time,4,94.1209,False
QQQ,2006-11-13,2006-11-17,36.8312,37.9007,862.9278,922.8335,11.9936,910.8399,time,4,35.7814,False
SPY,2006-11-22,2006-11-27,97.8905,96.3236,327.7777,-513.5765,6.5267,-520.1032,stop,2,96.3236,False
IWM,2006-11-22,2006-11-27,60.6454,59.07,528.3786,-832.4081,8.6431,-841.0513,stop,2,59.07,False
QQQ,2006-11-22,2006-11-28,38.1402,37.2248,841.024,-769.9175,11.7149,-781.6324,stop,3,37.237,False
QQQ,2006-12-27,2007-01-04,37.0132,37.7413,847.5916,617.1427,11.7818,605.3609,time,4,36.0221,False
IWM,2007-01-16,2007-01-19,61.0878,59.3526,516.8596,-896.872,8.4719,-905.3438,stop,3,59.3526,False
QQQ,2007-02-14,2007-02-21,37.7242,38.7092,828.9662,816.5835,11.6007,804.9828,time,4,36.8101,False
SPY,2007-03-08,2007-03-14,98.289,95.6684,320.8944,-840.9441,6.4413,-847.3854,stop,4,95.6684,False
QQQ,2007-03-08,2007-03-14,36.9447,36.8247,851.7063,-102.1418,11.8555,-113.9972,time,4,35.7234,False
IWM,2007-03-08,2007-03-14,59.9464,59.5377,523.0434,-213.7863,8.6106,-222.3969,time,4,57.4125,False
SPY,2007-03-21,2007-03-27,99.072,100.3078,314.3753,388.5069,6.3835,382.1234,time,4,96.4177,False
QQQ,2007-05-04,2007-05-10,40.0879,39.5907,780.1153,-387.8305,11.0238,-398.8543,time,4,39.303,False
SPY,2007-05-18,2007-05-24,106.7324,106.0654,291.7597,-194.6149,6.0763,-200.6911,time,4,104.8918,False
QQQ,2007-06-01,2007-06-07,40.7821,39.8075,761.9346,-742.6391,10.8133,-753.4524,stop,4,39.8075,False
IWM,2007-06-01,2007-06-07,65.3237,63.562,475.0878,-836.9848,7.9477,-844.9326,stop,4,63.562,False
SPY,2007-06-15,2007-06-21,107.9893,107.1713,282.8107,-231.3355,5.9444,-237.2799,time,4,105.7444,False
SPY,2007-07-03,2007-07-10,107.3123,106.4238,283.8578,-252.1963,5.9457,-258.142,time,4,104.683,False
QQQ,2007-07-05,2007-07-11,41.466,41.8691,734.8464,296.2587,10.5316,285.727,time,4,40.5448,False
SPY,2007-08-22,2007-08-28,102.9614,101.3465,295.9421,-477.9106,6.0717,-483.9823,time,4,97.9376,False
SPY,2007-09-13,2007-09-19,104.7526,108.1443,289.3419,981.3831,6.062,975.3211,time,4,101.6085,False
QQQ,2007-09-21,2007-09-27,43.1525,44.2682,709.91,792.0494,10.3887,781.6607,time,4,41.8572,False
SPY,2007-09-26,2007-10-02,107.871,109.1747,285.4623,372.137,6.0325,366.1045,time,4,105.2288,False
SPY,2007-10-05,2007-10-11,109.8407,110.1524,282.3817,88.0416,6.0042,82.0373,time,4,107.6365,False
QQQ,2007-12-05,2007-12-11,43.9421,44.0451,706.483,72.7627,10.3904,62.3724,time,4,41.9473,False
QQQ,2007-12-20,2007-12-27,43.4443,44.5635,715.056,800.281,10.4998,789.7812,time,4,41.8345,False
QQQ,2009-05-04,2009-05-08,29.9519,29.5633,1045.956,-406.5097,13.8312,-420.3409,time,4,28.5836,False
QQQ,2009-06-04,2009-06-10,31.4461,31.8002,991.802,351.185,13.3385,337.8465,time,4,29.9939,False
IWM,2009-06-04,2009-06-10,41.8339,41.7149,744.9274,-88.6111,11.0946,-99.7057,time,4,39.3392,False
SPY,2009-06-10,2009-06-16,70.1432,67.3222,445.7689,-1257.5267,7.6381,-1265.1649,time,4,67.1028,False
SPY,2009-06-24,2009-06-30,66.6091,67.9315,463.0892,612.3994,7.8541,604.5453,time,4,64.0999,False
SPY,2009-07-15,2009-07-21,67.8281,70.6059,457.7376,1271.5084,7.8824,1263.6259,time,4,65.427,False
QQQ,2009-07-30,2009-08-05,34.373,34.3557,915.5065,-15.8277,12.5148,-28.3426,time,4,33.2266,False
IWM,2009-07-30,2009-08-05,44.2565,44.9966,708.5598,524.4172,10.6282,513.7889,time,4,42.4442,False
QQQ,2009-09-16,2009-09-22,36.3186,36.9163,870.9174,520.604,12.0652,508.5388,time,4,35.1944,False
SPY,2009-10-08,2009-10-14,79.0927,81.1415,402.0595,823.7186,7.3409,816.3777,time,4,76.729,False
QQQ,2009-10-08,2009-10-14,36.622,37.3578,866.2588,637.3448,12.0577,625.287,time,4,35.4226,False
IWM,2009-10-08,2009-10-14,48.4449,49.7292,653.5187,839.3143,10.0725,829.2417,time,4,46.5172,False
QQQ,2009-11-04,2009-11-10,35.9469,37.7559,905.6958,1638.4198,12.6291,1625.7907,time,4,34.6337,False
IWM,2009-11-09,2009-11-13,46.7378,46.8495,702.5247,78.4589,10.685,67.7739,time,4,44.0666,False
SPY,2009-11-11,2009-11-17,81.8838,82.6484,404.7892,309.5032,7.5015,302.0017,time,4,78.9071,False
QQQ,2009-11-11,2009-11-17,38.0416,38.6042,869.3729,489.1285,12.2739,476.8546,time,4,36.6406,False
SPY,2009-11-23,2009-11-30,82.1881,81.6092,406.1547,-235.1478,7.501,-242.6488,time,4,79.9708,False
IWM,2009-11-23,2009-11-30,47.3919,46.339,701.6003,-738.751,10.6754,-749.4264,time,4,45.2678,False
QQQ,2009-12-11,2009-12-17,38.5522,37.929,857.2887,-534.2652,12.0364,-546.3016,time,4,37.4283,False
SPY,2009-12-14,2009-12-18,83.0418,82.25,396.7518,-314.1457,7.3316,-321.4773,time,4,80.7078,False
SPY,2009-12-23,2009-12-30,83.5859,83.974,391.9458,152.1013,7.278,144.8233,time,4,81.7697,False
QQQ,2009-12-23,2009-12-30,39.2928,40.0298,833.0678,613.9447,11.812,602.1327,time,4,38.2522,False
IWM,2009-12-28,2010-01-04,50.9323,51.2447,647.2054,202.1765,10.0203,192.1562,time,4,49.5415,False
SPY,2010-03-05,2010-03-11,84.6083,86.1606,390.9094,606.8227,7.3102,599.5124,time,4,82.7991,False
IWM,2010-03-05,2010-03-11,52.6303,54.2643,627.0523,1024.5572,9.8175,1014.7397,time,4,51.2287,False
QQQ,2010-03-19,2010-03-25,41.5914,41.6175,808.1539,21.0546,11.5781,9.4765,time,4,40.7987,False
SPY,2010-04-01,2010-04-08,88.2765,89.0034,380.7971,276.8036,7.2312,269.5725,time,4,86.4961,False
SPY,2010-04-12,2010-04-16,89.7003,89.4455,375.7543,-95.7533,7.1784,-102.9317,time,4,87.8504,False
IWM,2010-04-12,2010-04-16,56.4309,57.3784,597.0136,565.6535,9.5716,556.0819,time,4,54.7125,False
QQQ,2010-06-17,2010-06-23,40.9318,40.0441,827.14,-734.2255,11.9706,-746.196,time,4,39.0025,False
SPY,2010-06-21,2010-06-23,85.1727,82.5525,397.2792,-1040.9625,7.4427,-1048.4053,trend_break,2,81.8922,False
IWM,2010-06-21,2010-06-23,54.4958,51.5214,618.3507,-1839.1836,9.8705,-1849.0541,stop,2,51.5214,False
SPY,2010-07-27,2010-07-30,84.4574,82.1986,386.488,-873.0077,7.2023,-880.21,trend_break,3,81.4725,False
QQQ,2010-07-27,2010-08-02,40.6369,40.6631,801.7681,20.9568,11.5789,9.3779,time,4,39.0748,False
SPY,2010-09-13,2010-09-17,84.7661,85.1518,381.656,147.1873,7.1613,140.026,time,4,82.2309,False
QQQ,2010-09-20,2010-09-24,42.0683,43.3696,770.1331,1002.1478,11.2313,990.9165,time,4,40.9567,False
SPY,2010-10-07,2010-10-13,88.1873,89.2621,371.1249,398.9157,7.0806,391.8352,time,4,85.8644,False
SPY,2010-10-25,2010-10-29,90.1857,89.6936,364.3495,-179.2729,6.9827,-186.2556,time,4,87.9677,False
IWM,2010-10-25,2010-10-29,57.2111,56.775,573.0589,-249.9125,9.2205,-259.1329,time,4,55.0859,False
SPY,2010-11-18,2010-11-24,90.3522,90.9881,362.0348,230.2065,6.9803,223.2262,time,4,88.1537,False
QQQ,2010-11-18,2010-11-24,45.5529,46.3913,715.769,600.0976,10.6387,589.459,time,4,44.2554,False
IWM,2010-11-18,2010-11-24,57.8814,59.5451,561.2667,933.77,9.1876,924.5824,time,4,55.8497,False
SPY,2010-12-07,2010-12-13,93.8191,94.2885,354.8288,166.5348,6.9784,159.5564,time,4,91.3968,False
QQQ,2010-12-07,2010-12-13,47.5965,47.4218,697.1718,-121.7796,10.5183,-132.2979,time,4,46.1617,False
IWM,2010-12-09,2010-12-15,62.2505,62.2425,532.4047,-4.2997,8.8751,-13.1748,time,4,60.3203,False
SPY,2010-12-20,2010-12-27,94.8452,95.6138,351.0395,269.7886,6.9251,262.8635,time,4,93.1503,False
SPY,2011-01-12,2011-01-19,97.5618,97.5922,342.163,10.4111,6.8113,3.5998,time,4,96.2421,False
IWM,2011-01-12,2011-01-19,64.8526,63.7088,513.6757,-587.5773,8.6402,-596.2175,time,4,63.164,False
QQQ,2011-01-26,2011-02-01,49.5372,49.9222,669.8903,257.9284,10.212,247.7165,time,4,48.4596,False
IWM,2011-03-03,2011-03-09,66.3373,66.5888,501.4839,126.121,8.6059,117.5151,time,4,64.1932,False
SPY,2011-03-21,2011-03-25,98.8569,100.3472,336.9138,502.0994,6.8178,495.2816,time,4,95.4783,False
IWM,2011-03-21,2011-03-25,65.2907,66.8416,508.0147,787.8472,8.6918,779.1553,time,4,62.5312,False
SPY,2011-04-01,2011-04-07,101.9598,101.891,330.8271,-22.7639,6.758,-29.522,time,4,99.3748,False
QQQ,2011-04-01,2011-04-07,50.5798,50.1416,665.4993,-291.5915,10.2196,-301.8111,time,4,48.9959,False
IWM,2011-04-01,2011-04-07,68.9146,68.9959,487.5997,39.6544,8.4264,31.2279,time,4,66.7562,False
SPY,2011-04-20,2011-04-27,101.5547,103.687,331.1615,706.1113,6.7698,699.3415,time,4,99.6834,False
QQQ,2011-04-20,2011-04-27,50.4746,51.8942,663.6489,942.1093,10.2116,931.8977,time,4,49.2716,False
IWM,2011-04-20,2011-04-27,67.8822,69.6625,490.5838,873.4137,8.4727,864.941,time,4,65.988,False
SPY,2011-05-02,2011-05-04,104.757,102.8321,328.9813,-633.2351,6.7647,-639.9997,stop,2,102.8321,False
SPY,2011-05-31,2011-06-01,102.9992,100.7064,332.5245,-762.4016,6.7864,-769.188,stop,1,100.7064,False
IWM,2011-05-31,2011-06-02,68.7845,66.4734,494.7935,-1143.5229,8.533,-1152.0559,stop,2,66.4734,False
QQQ,2011-05-31,2011-06-03,50.7989,49.5545,672.0992,-836.3166,10.325,-846.6416,stop,3,49.5545,False
QQQ,2011-06-14,2011-06-16,48.2489,47.6004,690.734,-447.9046,10.4747,-458.3793,trend_break,2,47.0596,False
IWM,2011-06-30,2011-07-07,66.9961,69.8393,495.1683,1407.9003,8.5539,1399.3463,time,4,64.5897,False
SPY,2011-07-21,2011-07-27,102.4576,100.3071,328.3385,-706.1061,6.6979,-712.8039,time,4,99.8836,False
QQQ,2011-10-12,2011-10-18,50.0305,51.0248,667.6557,663.8315,10.4034,653.4281,time,4,47.1131,False
QQQ,2011-12-02,2011-12-08,50.4529,49.3794,666.3838,-715.3385,10.4024,-725.7409,time,4,48.3939,False
SPY,2011-12-23,2011-12-30,97.6352,97.5032,341.8752,-45.1516,6.8778,-52.0293,time,4,94.1934,False
SPY,2012-01-10,2012-01-17,100.5254,100.4865,331.8737,-12.8899,6.7557,-19.6456,time,4,98.0359,False
QQQ,2012-01-12,2012-01-19,51.4851,52.8718,647.6495,898.1044,10.1356,887.9689,time,4,50.2475,False
IWM,2012-01-12,2012-01-19,63.1642,64.324,527.4788,611.7722,8.9264,602.8458,time,4,61.1969,False
SPY,2012-02-03,2012-02-09,104.107,105.1636,325.1666,343.5711,6.7094,336.8617,time,4,101.8772,False
QQQ,2012-02-03,2012-02-09,54.5676,55.5657,618.3125,617.1144,9.7326,607.3819,time,4,53.4005,False
IWM,2012-02-03,2012-02-09,67.8364,67.7788,495.8175,-28.5585,8.5052,-37.0636,time,4,65.8763,False
SPY,2012-02-21,2012-02-27,106.2279,106.562,321.5209,107.4178,6.6916,100.7262,time,4,104.2368,False
IWM,2012-03-08,2012-03-14,65.8046,67.7623,519.5391,1017.0893,8.9103,1008.179,time,4,63.6554,False
SPY,2012-03-13,2012-03-19,107.4632,109.9084,320.0326,782.5381,6.7488,775.7892,time,4,105.6453,False
QQQ,2012-03-13,2012-03-19,57.765,59.2698,594.2922,894.3039,9.5969,884.707,time,4,56.6243,False
SPY,2012-05-29,2012-06-01,103.9078,100.9815,337.5845,-987.8484,6.9158,-994.7642,stop,3,101.0384,False
QQQ,2012-05-29,2012-06-01,55.43,53.5429,631.1276,-1190.9758,10.0033,-1200.9791,stop,3,53.5429,False
IWM,2012-05-29,2012-06-01,63.8034,61.3859,546.5817,-1321.3454,9.1298,-1330.4752,stop,3,61.558,False
SPY,2012-06-19,2012-06-25,105.9521,102.7402,319.9769,-1027.7476,6.645,-1034.3927,stop,4,102.7402,False
QQQ,2012-06-27,2012-07-03,55.6549,57.5438,602.9553,1138.9022,9.7914,1129.1108,time,4,53.8397,False
IWM,2012-07-10,2012-07-12,67.0058,64.7644,505.5576,-1133.1755,8.6672,-1141.8427,stop,2,64.7644,False
SPY,2012-07-10,2012-07-16,106.6816,106.2266,318.085,-144.7127,6.6747,-151.3874,time,4,103.7749,False
QQQ,2012-07-17,2012-07-23,56.3998,56.2757,594.0217,-73.7601,9.6159,-83.376,time,4,54.6858,False
QQQ,2012-07-26,2012-08-01,56.2579,57.2955,595.026,617.3803,9.616,607.7643,time,4,54.3843,False
SPY,2012-08-07,2012-08-13,109.9524,110.4152,306.2919,141.7439,6.5307,135.2131,time,4,107.1466,False
IWM,2012-08-07,2012-08-13,66.2098,66.1601,507.9547,-25.2566,8.702,-33.9587,time,4,63.849,False
QQQ,2012-08-16,2012-08-22,59.8317,60.683,563.4349,479.6595,9.272,470.3875,time,4,58.4876,False
IWM,2012-09-06,2012-09-12,68.4735,70.0572,494.6158,783.3379,8.5521,774.7857,time,4,66.7891,False
IWM,2012-09-19,2012-09-25,71.2595,69.6478,478.902,-771.8861,8.3466,-780.2327,time,4,69.4851,False
QQQ,2012-10-05,2012-10-08,61.9855,60.7271,546.3575,-687.5641,9.0172,-696.5813,stop,1,60.7271,False
IWM,2012-10-11,2012-10-17,69.1733,69.9224,486.2293,364.2674,8.4052,355.8622,time,4,67.384,False
SPY,2012-11-06,2012-11-08,112.1953,109.619,300.8387,-775.0541,6.4275,-781.4816,stop,2,109.619,False
SPY,2012-11-23,2012-11-29,110.4999,112.0691,303.097,475.6238,6.5,469.1238,time,4,107.464,False
QQQ,2012-12-03,2012-12-05,58.9708,57.4881,570.5976,-845.9823,9.2808,-855.2632,stop,2,57.4881,False
SPY,2012-12-11,2012-12-17,112.8103,113.3702,295.7485,165.5873,6.3723,159.215,time,4,110.8367,False
IWM,2012-12-11,2012-12-17,69.1816,69.5229,481.5811,164.3422,8.3409,156.0013,time,4,67.7653,False
SPY,2012-12-26,2012-12-27,113.2769,111.2157,295.4579,-609.0065,6.3275,-615.334,stop,1,111.2157,False
IWM,2012-12-26,2012-12-27,70.5029,68.958,474.375,-732.8697,8.2079,-741.0776,stop,1,68.958,False
IWM,2013-01-09,2013-01-15,73.0637,73.6934,451.8852,284.5612,8.0557,276.5055,time,4,71.1747,False
SPY,2013-01-10,2013-01-16,116.525,116.7791,283.6018,72.065,6.2291,65.8359,time,4,114.0427,False
IWM,2013-01-17,2013-01-24,73.811,74.9697,448.8563,520.0734,8.0389,512.0345,time,4,72.1641,False
SPY,2013-03-05,2013-03-11,122.0284,123.9105,272.8972,513.6306,6.1586,507.472,time,4,119.4905,False
QQQ,2013-03-05,2013-03-11,60.882,61.6779,546.0844,434.6329,9.0356,425.5973,time,4,59.5049,False
IWM,2013-03-25,2013-04-01,79.2473,78.4389,424.1438,-342.8496,7.7266,-350.5762,time,4,77.8283,False
SPY,2013-04-25,2013-05-01,126.3043,126.2565,265.1958,-12.6831,6.0878,-18.7709,time,4,123.3119,False
IWM,2013-04-25,2013-05-01,78.3295,77.3107,427.1945,-435.2267,7.8649,-443.0917,time,4,75.6532,False
QQQ,2013-04-29,2013-05-03,62.5557,64.6441,535.0498,1117.4239,9.0366,1108.3873,time,4,60.8129,False
SPY,2013-05-07,2013-05-13,129.3275,130.4522,260.6629,293.1784,6.0733,287.1051,time,4,126.8809,False
QQQ,2013-05-07,2013-05-13,65.0027,65.5584,518.2186,287.9903,8.826,279.1643,time,4,63.3983,False
IWM,2013-05-07,2013-05-13,80.4176,81.47,418.6344,440.5971,7.8349,432.7622,time,4,77.983,False
IWM,2013-06-26,2013-07-02,81.268,82.9433,418.9091,701.7996,7.8743,693.9252,time,4,78.4762,False
SPY,2013-07-09,2013-07-15,132.2972,134.8392,259.0773,658.5901,6.141,652.4491,time,4,128.7568,False
QQQ,2013-07-09,2013-07-15,65.631,67.8609,521.1388,1162.1077,8.9587,1153.149,time,4,63.8996,False
IWM,2013-07-09,2013-07-15,85.1589,87.5944,400.9944,976.6206,7.7251,968.8955,time,4,82.5812,False
QQQ,2013-07-16,2013-07-22,67.9149,67.2674,518.2963,-335.5634,8.9177,-344.4811,time,4,66.5006,False
IWM,2013-07-22,2013-07-26,88.3556,88.0511,397.0911,-120.8897,7.6475,-128.5372,time,4,86.5506,False
SPY,2013-07-23,2013-07-29,136.1624,135.192,257.7035,-250.0605,6.1253,-256.1858,time,4,134.0603,False
IWM,2013-08-26,2013-08-27,87.4084,85.3534,399.9268,-821.8362,7.6881,-829.5243,stop,1,85.3534,False
SPY,2013-09-06,2013-09-12,133.5241,135.4807,259.7318,508.1999,6.1638,502.0361,time,4,131.0279,False
QQQ,2013-09-06,2013-09-12,69.3266,70.1448,499.6819,408.8604,8.7316,400.1288,time,4,67.8275,False
IWM,2013-09-06,2013-09-12,86.8502,88.1526,398.3969,518.8557,7.7368,511.1188,time,4,84.4739,False
SPY,2013-10-22,2013-10-28,140.9437,142.0074,249.4014,265.2846,6.1044,259.1802,time,4,137.915,False
QQQ,2013-10-22,2013-10-28,74.5402,74.7837,471.1066,114.7153,8.4802,106.2351,time,4,72.6553,False
IWM,2013-11-18,2013-11-22,94.3905,94.8399,373.6959,167.9319,7.4621,160.4698,time,4,91.9291,False
SPY,2013-11-29,2013-12-04,146.1089,144.0541,241.7843,-496.8213,5.9881,-502.8094,stop,3,144.0541,False
QQQ,2013-12-06,2013-12-12,77.6517,76.6235,452.7816,-465.5316,8.1797,-473.7113,time,4,76.4071,False
SPY,2013-12-26,2014-01-02,148.5387,148.1985,235.6378,-80.1729,5.9196,-86.0925,time,4,146.2034,False
QQQ,2013-12-26,2014-01-02,79.2645,78.9569,441.2351,-135.7116,8.0636,-143.7752,time,4,77.8216,False
IWM,2013-12-26,2014-01-02,98.4226,97.1288,355.118,-459.4409,7.2125,-466.6534,time,4,96.1241,False
IWM,2014-02-07,2014-02-13,93.6049,96.95,371.4462,1242.5525,7.5137,1235.0387,time,4,90.3764,False
SPY,2014-02-11,2014-02-18,145.9624,149.2679,238.9704,789.9248,6.0116,783.9132,time,4,142.3177,False
QQQ,2014-02-11,2014-02-18,79.6083,81.653,438.0199,895.6283,8.1741,887.4542,time,4,77.3232,False
SPY,2014-03-06,2014-03-12,152.4843,151.7309,234.3715,-176.5819,5.9638,-182.5457,time,4,149.6324,False
QQQ,2014-03-06,2014-03-12,82.9186,82.2736,430.6375,-277.7762,8.0114,-285.7876,time,4,81.2135,False
IWM,2014-03-06,2014-03-12,102.2444,100.7974,348.9592,-504.9591,7.1949,-512.154,time,4,99.4489,False
SPY,2014-04-02,2014-04-07,153.3852,150.0437,230.8641,-771.4291,5.872,-777.3011,stop,3,150.0437,False
SPY,2014-04-22,2014-04-28,152.3599,152.0751,230.7172,-65.6979,5.9044,-71.6024,time,4,149.0188,False
QQQ,2014-04-22,2014-04-28,79.3476,78.7375,442.8512,-270.174,8.1948,-278.3688,time,4,76.4467,False
IWM,2014-04-22,2014-04-28,96.97,94.6914,361.9416,-824.6998,7.3206,-832.0204,time,4,93.2699,False
SPY,2014-05-27,2014-06-02,155.4765,156.9739,223.5581,334.7414,5.7871,328.9543,time,4,153.0039,False
SPY,2014-06-20,2014-06-26,160.2853,159.8029,217.5352,-104.9422,5.6979,-110.6401,time,4,158.4078,False
IWM,2014-06-23,2014-06-27,101.1259,100.9894,344.7327,-47.0673,7.0841,-54.1513,time,4,98.7755,False
QQQ,2014-07-03,2014-07-08,87.1115,85.8319,399.2466,-510.8583,7.5676,-518.4259,stop,2,85.8319,False
SPY,2014-07-03,2014-07-10,161.7243,159.623,215.2599,-452.3412,5.6562,-457.9974,stop,4,159.8369,False
QQQ,2014-07-22,2014-07-28,88.061,88.3532,391.6293,114.4062,7.5533,106.8529,time,4,86.2572,False
QQQ,2014-08-11,2014-08-15,86.9836,88.9284,396.8897,771.8471,7.6347,764.2124,time,4,85.0885,False
SPY,2014-08-13,2014-08-19,158.8626,162.215,217.4191,728.8775,5.7392,723.1383,time,4,155.6913,False
IWM,2014-08-15,2014-08-21,98.0447,98.6872,355.5909,228.4573,7.232,221.2253,time,4,95.3695,False
IWM,2014-09-19,2014-09-22,99.2783,96.9751,352.9727,-812.9617,7.1587,-820.1204,stop,1,96.9751,False
QQQ,2014-09-19,2014-09-25,91.9404,90.1639,381.6866,-678.0593,7.4471,-685.5064,stop,4,90.1639,False
SPY,2014-10-21,2014-10-27,157.4612,161.1414,219.6767,808.4522,5.7886,802.6636,time,4,151.8035,False
QQQ,2014-10-23,2014-10-29,89.085,91.3456,388.9583,879.2794,7.6515,871.6279,time,4,85.6138,False
SPY,2014-10-28,2014-11-03,161.6835,165.7498,216.5777,880.6755,5.8056,874.8699,time,4,156.0658,False
IWM,2014-11-05,2014-11-11,100.2211,100.8223,353.621,212.6221,7.2966,205.3254,time,4,96.6856,False
SPY,2014-11-11,2014-11-17,167.6311,167.8857,211.8266,53.9299,5.7361,48.1938,time,4,164.4989,False
SPY,2014-11-25,2014-12-02,170.4898,170.1201,208.369,-77.0328,5.6709,-82.7037,time,4,168.4654,False
SPY,2014-12-23,2014-12-30,171.9512,171.4803,206.4378,-97.2024,5.6943,-102.8968,time,4,166.6708,False
QQQ,2014-12-23,2014-12-30,96.4167,95.8288,367.7421,-216.185,7.4339,-223.6189,time,4,93.5906,False
IWM,2014-12-23,2014-12-30,103.4595,103.7589,342.2831,102.4538,7.2318,95.2221,time,4,99.9253,False
QQQ,2015-02-06,2015-02-12,95.4614,97.3721,371.0412,708.9513,7.5312,701.4201,time,4,92.3316,False
SPY,2015-02-10,2015-02-17,170.0596,173.5536,207.525,725.099,5.7235,719.3755,time,4,165.4067,False
QQQ,2015-03-20,2015-03-25,100.1004,97.8839,358.5772,-794.7714,7.3515,-802.1229,stop,3,97.8839,False
IWM,2015-03-20,2015-03-26,108.0872,105.5891,331.1657,-827.2804,7.0464,-834.3268,stop,4,105.7025,False
SPY,2015-03-30,2015-04-06,171.7313,172.4366,205.8345,145.1569,5.6811,139.4758,time,4,167.7989,False
SPY,2015-04-27,2015-04-30,176.1702,173.3137,200.9121,-573.9085,5.5778,-579.4863,stop,3,173.3137,False
IWM,2015-05-20,2015-05-27,108.2528,107.8895,325.1792,-118.1294,6.9541,-125.0835,time,4,105.5125,False
IWM,2015-06-22,2015-06-26,111.0635,110.2679,316.5743,-251.8907,6.8271,-258.7178,time,4,108.5851,False
SPY,2015-07-16,2015-07-22,176.6436,176.2267,198.5559,-82.7735,5.565,-88.3384,time,4,172.5952,False
QQQ,2015-07-16,2015-07-22,102.7023,103.9297,340.8216,418.3115,7.186,411.1255,time,4,99.9483,False
QQQ,2015-10-28,2015-11-03,104.7653,106.3934,335.8098,546.7329,7.1169,539.616,time,4,102.22,False
SPY,2015-11-11,2015-11-13,175.0562,171.2597,201.9986,-766.878,5.5922,-772.4702,trend_break,2,171.6177,False
SPY,2015-11-20,2015-11-27,175.5339,175.6261,199.9819,18.4331,5.5893,12.8437,time,4,171.7949,False
QQQ,2015-11-20,2015-11-27,105.6904,105.7459,331.6516,18.4039,7.0307,11.3732,time,4,103.0975,False
QQQ,2015-12-22,2015-12-29,103.5913,106.0596,338.9441,836.6004,7.2195,829.3809,time,4,99.8053,False
QQQ,2016-03-28,2016-04-01,100.1016,102.7074,353.5223,921.2205,7.3332,913.8874,time,4,97.8781,False
QQQ,2016-04-26,2016-04-28,101.6372,99.038,351.1783,-912.78,7.2615,-920.0415,stop,2,99.038,False
SPY,2016-05-10,2016-05-16,175.1759,175.2267,202.0032,10.2623,5.6249,4.6374,time,4,172.1736,False
SPY,2016-05-24,2016-05-31,174.7097,177.8198,202.551,629.9379,5.6724,624.2656,time,4,171.308,False
QQQ,2016-05-31,2016-06-06,102.6329,102.8005,346.8255,58.1069,7.256,50.8509,time,4,100.164,False
QQQ,2016-07-08,2016-07-14,101.8985,104.4926,349.4915,906.6179,7.4705,899.1474,time,4,98.6508,False
SPY,2016-07-14,2016-07-20,184.3323,184.9201,194.8241,114.5151,5.6603,108.8549,time,4,179.2421,False
SPY,2016-08-04,2016-08-10,184.2557,185.3886,195.1021,221.0283,5.6043,215.424,time,4,181.9327,False
SPY,2016-08-15,2016-08-19,186.4535,186.1553,193.1875,-57.6098,5.5727,-63.1825,time,4,184.0392,False
QQQ,2016-08-15,2016-08-19,109.5036,109.4196,328.7195,-27.6032,7.0196,-34.6228,time,4,107.9292,False
QQQ,2016-09-19,2016-09-23,110.0025,110.6947,327.1552,226.4705,7.1198,219.3507,time,4,107.6574,False
QQQ,2016-10-04,2016-10-10,111.2279,111.5273,324.208,97.0468,7.0711,89.9757,time,4,109.0948,False
SPY,2016-10-18,2016-10-24,183.4143,183.9708,196.773,109.5008,5.646,103.8549,time,4,180.0351,False
QQQ,2016-10-18,2016-10-24,110.5825,111.8547,325.4187,414.0109,7.0624,406.9485,time,4,108.5685,False
IWM,2016-10-18,2016-10-24,107.5053,107.7884,333.4103,94.389,7.1582,87.2308,time,4,104.5998,False
IWM,2016-11-01,2016-11-02,104.9752,102.5398,345.704,-841.9162,7.2503,-849.1664,stop,1,102.5398,False
QQQ,2016-11-18,2016-11-25,110.2924,111.1343,326.4709,274.858,7.1099,267.748,time,4,106.9274,False
IWM,2016-11-21,2016-11-28,116.1663,117.0686,309.4448,279.2354,6.9466,272.2888,time,4,112.3028,False
QQQ,2016-12-09,2016-12-15,111.3308,112.6311,325.0428,422.6555,7.1019,415.5536,time,4,109.1979,False
SPY,2016-12-20,2016-12-27,194.7518,194.8552,186.5236,19.2833,5.5478,13.7355,time,4,191.8808,False
QQQ,2016-12-27,2016-12-30,113.0205,111.03,321.4495,-639.8501,6.9933,-646.8434,stop,3,111.03,False
IWM,2016-12-27,2017-01-03,121.0159,120.3853,299.9859,-189.1938,6.812,-196.0058,time,4,117.8853,False
QQQ,2017-01-19,2017-01-25,115.61,117.6836,311.8192,646.5618,6.9098,639.6519,time,4,113.6826,False
IWM,2017-01-19,2017-01-25,120.0477,121.8865,300.1368,551.8885,6.8389,545.0496,time,4,116.9031,False
QQQ,2017-01-27,2017-01-31,118.0589,116.3526,308.6963,-526.7151,6.8398,-533.5549,stop,2,116.3526,False
SPY,2017-02-07,2017-02-13,197.5333,200.4527,183.5968,535.9945,5.5355,530.459,time,4,195.047,False
SPY,2017-02-21,2017-02-27,202.8209,204.1901,179.6822,246.0296,5.4944,240.5352,time,4,200.481,False
IWM,2017-02-21,2017-02-27,123.8141,124.3649,294.1523,161.9999,6.7795,155.2204,time,4,120.9334,False
QQQ,2017-02-23,2017-03-01,122.6281,123.3224,297.6307,206.6569,6.7454,199.9115,time,4,121.2824,False
IWM,2017-03-31,2017-04-06,122.4245,120.7853,299.3016,-490.615,6.8303,-497.4453,time,4,119.1956,False
QQQ,2017-04-19,2017-04-25,123.9643,127.0482,294.2463,907.4107,6.7554,900.6553,time,4,122.1793,False
SPY,2017-04-24,2017-04-28,205.139,205.9174,178.1251,138.6506,5.4936,133.157,time,4,202.0871,False
IWM,2017-04-24,2017-04-28,123.9034,123.8856,293.8295,-5.2468,6.7701,-12.0169,time,4,120.7662,False
QQQ,2017-05-15,2017-05-17,130.367,128.9272,282.4076,-406.6238,6.6349,-413.2586,stop,2,128.9272,False
SPY,2017-05-24,2017-05-31,207.8548,208.8235,176.464,170.943,5.5008,165.4422,time,4,205.2737,False
QQQ,2017-05-31,2017-06-06,133.3569,134.3159,275.4566,264.1534,6.6203,257.5331,time,4,131.365,False
QQQ,2017-07-12,2017-07-18,132.2118,134.9458,278.4917,761.4041,6.6944,754.7097,time,4,128.6778,False
IWM,2017-07-19,2017-07-25,126.9439,128.8854,292.0302,566.9939,6.856,560.1378,time,4,124.1188,False
QQQ,2017-07-26,2017-07-27,136.473,134.1848,273.0076,-624.6922,6.5771,-631.2693,stop,1,134.1848,False
SPY,2017-07-27,2017-08-02,215.5086,215.0566,171.9084,-77.6899,5.4702,-83.1601,time,4,213.5083,False
IWM,2017-08-07,2017-08-10,125.6555,123.3957,294.6152,-665.7775,6.7876,-672.5651,stop,3,123.3957,False
QQQ,2017-08-16,2017-08-18,136.1242,133.1168,270.3107,-812.9249,6.4882,-819.4131,stop,2,133.1168,False
SPY,2017-09-11,2017-09-15,215.5781,217.6524,169.4175,351.4318,5.4232,346.0086,time,4,212.8664,False
SPY,2017-09-20,2017-09-26,218.4211,217.5563,167.7404,-145.0528,5.3769,-150.4297,time,4,216.2904,False
SPY,2017-10-13,2017-10-19,222.8494,223.4171,164.1821,93.209,5.3327,87.8764,time,4,221.0376,False
QQQ,2017-10-18,2017-10-19,140.9573,139.3255,259.6727,-423.7441,6.344,-430.0881,stop,1,139.3255,False
SPY,2017-11-01,2017-11-07,225.3824,225.9326,161.8308,89.0371,5.3075,83.7296,time,4,223.3959,False
QQQ,2017-11-01,2017-11-07,144.3303,145.3885,252.4141,267.1031,6.3502,260.7528,time,4,142.0425,False
SPY,2017-11-21,2017-11-28,226.378,229.6011,161.6263,520.9342,5.3468,515.5874,time,4,223.8526,False
QQQ,2017-11-21,2017-11-28,146.031,147.9489,250.2644,479.9974,6.3299,473.6676,time,4,143.7013,False
SPY,2017-12-07,2017-12-13,230.6492,232.99,160.063,374.6811,5.3576,369.3236,time,4,227.4124,False
IWM,2017-12-07,2017-12-13,135.7089,136.1305,271.7495,114.5582,6.5683,107.99,time,4,132.2777,False
QQQ,2017-12-08,2017-12-14,146.5884,147.2782,251.815,173.6814,6.3649,167.3165,time,4,143.561,False
QQQ,2017-12-28,2018-01-04,148.6844,151.7804,249.7456,773.2259,6.3767,766.8492,time,4,146.5174,False
SPY,2017-12-29,2018-01-05,235.7436,240.0366,157.4074,675.7423,5.3564,670.3859,time,4,233.5061,False
SPY,2018-01-24,2018-01-30,249.3423,247.3582,150.8462,-299.3001,5.3019,-304.602,time,4,245.9461,False
SPY,2018-03-09,2018-03-15,242.0383,241.4236,154.9789,-95.2634,5.3818,-100.6453,time,4,235.0351,False
QQQ,2018-03-09,2018-03-15,161.9679,162.4035,231.1406,100.6769,6.2452,94.4318,time,4,156.8065,False
IWM,2018-03-13,2018-03-19,144.0467,139.3536,262.806,-1233.3764,6.5954,-1239.9719,stop,4,139.3536,False
QQQ,2018-04-17,2018-04-23,155.7536,153.525,238.1673,-530.7796,6.3624,-537.142,time,4,148.0857,False
QQQ,2018-05-02,2018-05-08,154.6346,157.489,238.733,681.4542,6.3374,675.1168,time,4,149.0096,False
IWM,2018-05-09,2018-05-15,142.5836,143.7115,260.4887,293.8217,6.5073,287.3144,time,4,138.7511,False
SPY,2018-05-14,2018-05-18,240.9274,239.1557,154.7508,-274.1704,5.3356,-279.506,time,4,235.0912,False
SPY,2018-05-21,2018-05-25,240.6365,239.8785,154.3574,-117.0035,5.3199,-122.3233,time,4,235.9801,False
QQQ,2018-05-21,2018-05-25,160.04,160.9504,231.6104,210.8549,6.2055,204.6494,time,4,156.0299,False
IWM,2018-05-21,2018-05-25,146.5179,145.9494,252.3291,-143.4331,6.3734,-149.8065,time,4,143.2281,False
IWM,2018-06-07,2018-06-13,150.7951,150.5786,246.1719,-53.3052,6.3401,-59.6453,time,4,148.0274,False
IWM,2018-07-05,2018-07-11,150.2092,151.3412,246.9998,279.6146,6.3834,273.2312,time,4,146.543,False
QQQ,2018-07-10,2018-07-16,168.7077,170.2853,221.4352,349.333,6.1499,343.1831,time,4,163.6626,False
IWM,2018-08-07,2018-08-13,152.0476,150.834,245.3647,-297.7567,6.3578,-304.1145,time,4,148.3552,False
SPY,2018-08-21,2018-08-27,253.4395,256.5648,146.8032,458.8048,5.2684,453.5364,time,4,249.7462,False
SPY,2018-09-20,2018-09-26,259.0972,257.8152,144.1811,-184.8397,5.2123,-190.052,time,4,255.9199,False
QQQ,2018-09-26,2018-10-02,175.4663,176.8468,212.5397,293.4104,6.0082,287.4022,time,4,171.2635,False
SPY,2018-11-07,2018-11-13,246.858,242.8824,151.461,-602.1497,5.3359,-607.4856,trend_break,4,237.0138,False
