date,entry_price,exit_price,shares,gross_return_pct,cost_pct,net_return_pct,intraday_return_pct,sma200,sigma,adv_shares,liquidity_constrained
2018-01-16,243.7795,244.7125,102,0.3827,0.0142,0.3685,-0.852,218.11,0.004041,78101855,False
2018-01-24,249.2454,250.1079,100,0.346,0.0141,0.3319,-0.2958,219.41,0.004062,85350785,False
2018-01-25,249.3509,250.1871,100,0.3354,0.0141,0.3213,-0.3027,219.64,0.003993,87317930,False
2018-01-29,250.5656,248.7349,99,-0.7306,0.0141,-0.7447,-0.4372,220.12,0.004931,92067645,False
2018-01-30,247.9956,248.8493,100,0.3442,0.0141,0.3301,-0.2972,220.35,0.005575,93857095,False
2018-01-31,248.1187,247.3883,100,-0.2944,0.0141,-0.3085,-0.2936,220.58,0.005495,94942550,False
2018-02-02,242.4416,240.6814,103,-0.7261,0.0143,-0.7403,-1.6531,221.0,0.007595,99571075,False
2018-02-05,232.3022,228.7903,107,-1.5118,0.0145,-1.5263,-3.4814,221.14,0.012039,110128965,False
2018-02-07,235.594,235.8933,106,0.127,0.0145,0.1126,-0.3091,221.46,0.012962,130520450,False
2018-02-08,226.7572,229.5472,110,1.2304,0.0147,1.2157,-3.873,221.56,0.015299,139364210,False
2018-02-20,238.877,239.3171,104,0.1842,0.0145,0.1698,-0.2316,222.59,0.016377,153428645,False
2018-02-21,237.6888,238.6129,105,0.3888,0.0145,0.3743,-0.6804,222.74,0.016362,153518595,False
2018-02-22,237.9968,239.2202,105,0.5141,0.0145,0.4996,-0.2582,222.89,0.016377,152303355,False
2018-02-27,241.5439,242.6441,103,0.4555,0.0144,0.441,-1.3232,223.42,0.017014,152098770,False
2018-02-28,239.097,238.8858,104,-0.0883,0.0145,-0.1028,-1.4618,223.58,0.017011,151604340,False
2018-03-01,235.6204,233.9481,106,-0.7098,0.0145,-0.7243,-1.3669,223.71,0.01724,155028855,False
2018-03-12,245.1438,246.3056,101,0.474,0.0143,0.4597,-0.2436,224.91,0.009681,107265945,False
2018-03-13,243.5595,244.5188,102,0.3939,0.0143,0.3796,-1.1149,225.08,0.009515,104677590,False
2018-03-14,242.3096,242.8201,103,0.2107,0.0143,0.1964,-0.9035,225.24,0.009652,105911165,False
2018-03-15,242.0456,242.5732,103,0.218,0.0143,0.2037,-0.319,225.4,0.009262,104046030,False
2018-03-19,239.0296,239.4272,104,0.1663,0.0144,0.152,-1.0463,225.71,0.009379,100942615,False
2018-03-22,233.0028,233.4447,107,0.1896,0.0145,0.1751,-1.5826,226.1,0.010805,100517020,False
2018-03-23,228.0365,231.6419,109,1.5811,0.0146,1.5665,-2.3167,226.18,0.010941,105055440,False
2018-03-27,230.2899,230.4224,108,0.0575,0.0146,0.043,-2.0927,226.39,0.012731,109370785,False
2018-03-28,229.6094,230.7493,108,0.4965,0.0146,0.4818,-0.3528,226.48,0.012599,110598010,False
2018-04-02,227.5239,228.7611,109,0.5438,0.0147,0.5291,-1.9349,226.66,0.013396,109695490,False
2018-04-06,229.5122,230.9703,108,0.6353,0.0146,0.6207,-1.4046,227.06,0.014587,118463525,False
2018-04-13,234.3106,235.9455,106,0.6977,0.0145,0.6832,-0.8451,227.61,0.014722,117825260,False
2018-04-19,237.6157,237.545,105,-0.0298,0.0145,-0.0443,-0.2818,228.15,0.014843,113576665,False
2018-04-20,235.6008,236.1753,106,0.2438,0.0145,0.2293,-0.8184,228.27,0.013814,111135025,False
2018-04-23,235.5655,236.5906,106,0.4351,0.0145,0.4206,-0.2582,228.4,0.012818,105236185,False
2018-04-24,232.393,232.3312,107,-0.0266,0.0145,-0.0412,-1.7742,228.51,0.011721,103782655,False
2018-04-30,233.7451,233.1795,106,-0.242,0.0145,-0.2565,-1.029,228.96,0.009776,90609010,False
2018-05-02,232.5874,231.7568,107,-0.3571,0.0145,-0.3716,-0.5892,229.15,0.009246,86454015,False
2018-05-22,240.903,239.6305,103,-0.5282,0.0143,-0.5425,-0.4928,230.8,0.005905,72049310,False
2018-05-29,237.7305,239.0384,105,0.5502,0.0144,0.5358,-0.4772,231.3,0.006043,72159945,False
2018-05-31,239.4272,240.7263,104,0.5425,0.0143,0.5282,-0.4446,231.57,0.00662,72291245,False
2018-06-07,245.1094,244.6499,101,-0.1875,0.0142,-0.2017,-0.2087,232.33,0.006264,66965065,False
2018-06-13,245.6926,246.5586,101,0.3525,0.0142,0.3383,-0.4155,232.99,0.005773,67398550,False
2018-06-21,243.4317,244.6921,102,0.5178,0.0142,0.5035,-0.6233,233.91,0.005783,73493635,False
2018-06-22,243.8755,242.7215,102,-0.4732,0.0142,-0.4874,-0.3337,234.05,0.005761,72436370,False
2018-06-25,240.5556,241.1237,103,0.2362,0.0143,0.2219,-0.8923,234.18,0.006559,76510340,False
2018-06-27,239.091,239.0377,104,-0.0223,0.0143,-0.0366,-1.0688,234.42,0.005515,75913895,False
2018-06-29,240.8041,239.233,103,-0.6525,0.0143,-0.6667,-0.3087,234.65,0.00503,76387130,False
2018-07-03,240.4668,241.5942,103,0.4688,0.0143,0.4546,-0.722,234.88,0.004972,76848215,False
2018-07-27,249.805,249.885,100,0.032,0.0141,0.0179,-0.8072,237.25,0.005149,61608600,False
2018-07-30,248.5002,249.2635,100,0.3072,0.0142,0.293,-0.5542,237.38,0.005392,59916100,False
2018-08-01,249.308,248.0031,100,-0.5234,0.0141,-0.5375,-0.2486,237.64,0.005363,60750195,False
2018-08-13,250.4087,251.1365,99,0.2907,0.0141,0.2765,-0.4833,238.76,0.004424,58803525,False
2018-08-15,250.1245,251.5626,99,0.5749,0.0141,0.5608,-0.2125,239.03,0.004879,61296445,False
2018-08-30,257.6875,257.2791,97,-0.1585,0.014,-0.1725,-0.22,240.63,0.004563,56251160,False
2018-09-06,255.7879,254.7405,97,-0.4095,0.014,-0.4235,-0.3424,241.26,0.004623,60423660,False
2018-09-10,255.7346,255.0866,97,-0.2534,0.014,-0.2674,-0.2216,241.54,0.004325,60970795,False
2018-09-17,256.8353,257.0483,97,0.0829,0.014,0.069,-0.5089,242.26,0.003591,57801430,False
2018-09-21,260.3609,259.7813,96,-0.2226,0.0139,-0.2365,-0.3753,242.82,0.00402,63580110,False
2018-09-25,259.2552,259.3978,96,0.055,0.0139,0.041,-0.2676,243.1,0.003638,62741100,False
2018-09-26,258.4793,258.952,96,0.1829,0.014,0.1689,-0.3541,243.23,0.003716,64380910,False
2018-10-03,260.1202,259.6386,96,-0.1851,0.0139,-0.1991,-0.3484,243.89,0.003392,63604410,False
2018-10-04,258.0871,258.31,96,0.0863,0.014,0.0724,-0.5976,244.0,0.003813,65886210,False
2018-10-05,256.6425,255.9559,97,-0.2675,0.014,-0.2815,-0.6455,244.1,0.004016,67507555,False
2018-10-10,248.1538,247.0659,100,-0.4384,0.0142,-0.4526,-2.9739,244.38,0.008092,78320555,False
2018-10-12,246.0584,245.7017,101,-0.145,0.0143,-0.1592,-0.2963,244.47,0.009815,95916200,False
2018-10-15,244.6763,246.638,102,0.8018,0.0143,0.7875,-0.4173,244.52,0.00982,97617185,False
2018-10-18,246.4595,247.1105,101,0.2641,0.0143,0.2498,-1.0737,244.7,0.011209,105220570,False
2018-10-19,246.3258,246.9946,101,0.2715,0.0143,0.2572,-0.3175,244.74,0.011212,106941665,False
2018-10-22,245.2202,241.6,101,-1.4763,0.0143,-1.4906,-0.7184,244.76,0.011219,108391975,False
2018-11-09,247.6724,247.1641,100,-0.2052,0.0143,-0.2195,-0.4551,244.53,0.013476,120648220,False
2018-12-03,249.0455,248.2162,100,-0.333,0.0143,-0.3473,-0.3497,244.72,0.012154,95105420,False
2019-02-25,250.6971,250.3474,99,-0.1395,0.0141,-0.1537,-0.431,244.45,0.006404,76845905,False
2019-03-04,250.5895,250.7151,99,0.0501,0.0141,0.036,-0.7813,244.71,0.005225,73565445,False
2019-03-06,248.7329,248.2845,100,-0.1803,0.0141,-0.1944,-0.652,244.8,0.005315,73258285,False
2019-03-07,246.6522,244.7956,101,-0.7527,0.0142,-0.7669,-0.6574,244.83,0.005682,75085150,False
2019-03-19,254.3957,254.1795,98,-0.085,0.014,-0.099,-0.3915,245.28,0.005183,74895805,False
2019-03-20,253.63,252.8104,98,-0.3232,0.0141,-0.3372,-0.2162,245.34,0.005255,75295725,False
2019-03-22,251.5581,251.2158,99,-0.1361,0.0141,-0.1502,-1.4017,245.45,0.007192,78289745,False
2019-03-27,251.9185,252.5491,99,0.2503,0.0141,0.2362,-0.5194,245.55,0.00748,80446215,False
2019-04-03,258.0171,258.3414,96,0.1257,0.014,0.1116,-0.3132,245.8,0.007606,77224165,False
2019-04-11,259.6296,261.2422,96,0.6211,0.014,0.6071,-0.2147,246.27,0.006692,70295040,False
2019-04-16,261.3863,262.5033,95,0.4274,0.014,0.4134,-0.2715,246.59,0.00675,67180080,False
2019-04-17,260.7467,261.3322,95,0.2246,0.014,0.2106,-0.6692,246.69,0.006732,65863035,False
2019-05-01,262.8726,262.7556,95,-0.0445,0.0139,-0.0584,-0.9874,247.51,0.003805,58159415,False
2019-05-07,259.3773,259.017,96,-0.1389,0.014,-0.1529,-0.7651,247.79,0.005886,65363075,False
2019-05-13,253.0085,254.0264,98,0.4023,0.0141,0.3882,-0.5524,247.94,0.007919,74922800,False
2019-05-23,254.1616,255.6028,98,0.567,0.0141,0.5529,-0.3602,248.19,0.009222,82758100,False
2019-05-24,254.738,255.0173,98,0.1096,0.0141,0.0955,-0.3383,248.2,0.00915,82975685,False
2019-05-28,252.3689,251.2519,99,-0.4426,0.0142,-0.4567,-1.0385,248.19,0.009262,83617270,False
2019-05-29,250.6754,251.432,99,0.3019,0.0142,0.2877,-0.2295,248.18,0.009285,84810330,False
2019-06-11,260.2513,260.017,96,-0.09,0.014,-0.1041,-0.7182,248.28,0.008966,73681640,False
2019-06-24,265.8077,265.8621,94,0.0204,0.0139,0.0065,-0.2005,248.56,0.007863,71575240,False
2019-06-25,263.2007,264.0968,94,0.3405,0.014,0.3265,-1.001,248.6,0.007903,72175205,False
2019-06-26,262.9381,263.6986,95,0.2892,0.014,0.2752,-0.4387,248.64,0.007666,69505805,False
2019-07-01,267.6363,267.5909,93,-0.0169,0.0139,-0.0308,-0.3438,248.78,0.006665,66135660,False
2019-07-16,271.3657,271.3385,92,-0.01,0.0138,-0.0238,-0.2894,249.36,0.005176,59238560,False
2019-07-17,269.519,269.0213,92,-0.1847,0.0138,-0.1985,-0.6706,249.41,0.005133,56768635,False
2019-07-19,269.0031,269.4014,92,0.148,0.0138,0.1342,-0.9565,249.51,0.004979,52509975,False
2019-07-25,271.5649,272.2529,92,0.2533,0.0138,0.2395,-0.3124,249.76,0.004723,48825180,False
2019-07-31,269.2384,269.3923,92,0.0572,0.0139,0.0433,-1.1828,250.18,0.00524,48494610,False
2019-08-01,266.8939,265.9979,93,-0.3357,0.0139,-0.3496,-0.9274,250.29,0.00526,53581995,False
2019-08-02,264.8844,260.7838,94,-1.5481,0.0139,-1.562,-0.4186,250.39,0.005481,56835615,False
2019-08-05,256.9185,258.8104,97,0.7364,0.0141,0.7223,-1.4822,250.42,0.008482,63480795,False
2019-08-09,263.9792,262.4765,94,-0.5693,0.014,-0.5833,-0.3281,250.74,0.010257,76082095,False
2019-08-12,260.7656,260.467,95,-0.1145,0.0141,-0.1286,-0.6518,250.82,0.010519,77663475,False
2019-08-14,256.9908,257.878,97,0.3452,0.0142,0.331,-1.4476,251.04,0.012864,85525250,False
2019-08-20,262.5942,264.7577,95,0.8239,0.0141,0.8098,-0.5758,251.51,0.013623,89998715,False
2019-08-22,264.649,263.3456,94,-0.4925,0.0141,-0.5066,-0.2967,251.73,0.013707,89927905,False
2019-08-23,257.8509,260.0415,96,0.8495,0.0142,0.8354,-2.0865,251.8,0.014608,95131775,False
2019-08-27,259.6793,259.0187,96,-0.2544,0.0141,-0.2686,-0.9222,251.92,0.014939,97887635,False
2019-08-30,264.7306,263.0287,94,-0.6429,0.0141,-0.6569,-0.6016,252.17,0.015048,88730425,False
2019-09-09,269.9355,269.1752,92,-0.2817,0.014,-0.2957,-0.3142,252.81,0.012712,72661330,False
2019-09-13,272.5516,271.4201,91,-0.4152,0.0139,-0.4291,-0.2286,253.52,0.009535,66000110,False
2019-09-20,271.2549,270.591,92,-0.2448,0.0139,-0.2586,-0.6925,254.21,0.008612,68489630,False
2019-09-24,269.0632,269.145,92,0.0304,0.0139,0.0165,-1.1823,254.5,0.005937,64327675,False
2019-09-26,270.0908,270.8456,92,0.2795,0.0138,0.2656,-0.2117,254.85,0.005812,64411080,False
2019-09-27,268.6358,269.1541,93,0.1929,0.0139,0.1791,-0.8159,255.02,0.005383,65753440,False
2019-10-01,266.6715,265.0891,93,-0.5934,0.0139,-0.6073,-1.5114,255.33,0.005984,66148550,False
2019-10-02,261.9608,261.7335,95,-0.0868,0.014,-0.1007,-1.1801,255.48,0.006731,69931160,False
2019-10-08,262.3882,264.407,95,0.7694,0.014,0.7554,-0.8624,256.29,0.007876,73113100,False
2019-10-18,270.9729,272.2915,92,0.4866,0.0139,0.4727,-0.2411,258.27,0.00885,69087680,False
2019-10-22,271.9187,271.6641,91,-0.0936,0.0139,-0.1075,-0.5223,258.72,0.008816,66552535,False
2019-10-31,275.8473,277.2932,90,0.5242,0.0138,0.5104,-0.2631,260.22,0.006697,54534380,False
2019-11-19,283.668,283.0769,88,-0.2084,0.0136,-0.222,-0.2399,262.95,0.003002,50554460,False
2019-12-02,283.4044,280.6852,88,-0.9594,0.0136,-0.9731,-0.9377,264.52,0.003807,52087490,False
2019-12-27,295.0512,295.1335,84,0.0279,0.0135,0.0144,-0.2718,268.04,0.004721,60748105,False
2019-12-30,293.4246,292.9219,85,-0.1713,0.0135,-0.1848,-0.579,268.24,0.00484,61404925,False
2020-01-10,297.6558,298.2773,83,0.2088,0.0135,0.1953,-0.4828,269.95,0.004549,62932135,False
2020-01-22,302.8009,302.1521,82,-0.2143,0.0134,-0.2277,-0.2709,271.51,0.004592,55742300,False
2020-01-24,300.4522,295.2067,83,-1.7459,0.0135,-1.7593,-1.104,271.93,0.005155,59056370,False
2020-01-29,298.4875,296.4222,83,-0.6919,0.0135,-0.7054,-0.536,272.49,0.006593,62987185,False
2020-01-31,294.0186,295.4991,85,0.5035,0.0136,0.49,-1.6116,272.85,0.007553,66642630,False
2020-02-11,306.3833,307.818,81,0.4683,0.0134,0.4548,-0.2677,274.27,0.008497,67557405,False
2020-02-20,307.9277,306.5752,81,-0.4392,0.0134,-0.4527,-0.2339,275.6,0.008534,64149310,False
2020-02-21,304.7566,295.3072,82,-3.1006,0.0135,-3.1141,-0.5932,275.83,0.008891,67240570,False
2020-02-24,294.6492,296.0382,84,0.4714,0.0136,0.4578,-0.2228,276.0,0.011489,70916070,False
2020-02-25,285.7206,287.119,87,0.4894,0.0138,0.4756,-3.4852,276.14,0.012841,77658605,False
2020-02-26,284.6698,279.15,87,-1.939,0.0138,-1.9528,-0.853,276.27,0.012525,84205595,False
2020-05-26,274.9267,277.7212,90,1.0164,0.0139,1.0025,-0.9439,273.32,0.015145,97153220,False
2020-05-28,278.5026,278.0338,89,-0.1683,0.0139,-0.1822,-0.5515,273.48,0.014345,95713570,False
2020-06-10,293.238,286.3069,85,-2.3637,0.0136,-2.3773,-0.7529,274.68,0.012175,95957520,False
2020-06-11,276.3331,283.347,90,2.5382,0.014,2.5242,-3.4836,274.76,0.018036,99183645,False
2020-06-12,279.6424,273.9523,89,-2.0348,0.0139,-2.0487,-1.3074,274.86,0.018037,102818695,False
2020-06-16,287.6858,288.7061,86,0.3547,0.0138,0.3409,-0.7988,275.08,0.017369,104946700,False
2020-06-17,286.4907,284.974,87,-0.5294,0.0138,-0.5432,-0.7673,275.19,0.017174,104357180,False
2020-06-19,284.9632,284.3631,87,-0.2106,0.0138,-0.2244,-1.7602,275.4,0.016849,106968315,False
2020-06-23,288.1116,286.0711,86,-0.7082,0.0138,-0.722,-0.4593,275.58,0.016729,106478865,False
2020-06-24,280.7622,280.1898,89,-0.2039,0.0139,-0.2177,-1.8558,275.63,0.01757,107878670,False
2020-06-26,277.0322,278.2878,90,0.4532,0.0139,0.4393,-1.9957,275.73,0.018529,108275320,False
2020-07-02,288.2778,292.1002,86,1.326,0.0138,1.3122,-0.6396,275.98,0.018793,110101385,False
2020-07-07,289.7089,290.4752,86,0.2645,0.0138,0.2507,-0.5073,276.17,0.018113,106124280,False
2020-07-09,290.2628,290.1983,86,-0.0222,0.0138,-0.036,-0.7764,276.37,0.01815,104399920,False
2020-07-13,290.6875,289.2657,86,-0.4891,0.0137,-0.5028,-1.6525,276.59,0.01234,92231190,False
2020-07-21,300.0774,299.7173,83,-0.12,0.0136,-0.1336,-0.4411,277.5,0.011827,80431945,False
2020-07-23,298.1846,296.3288,83,-0.6224,0.0136,-0.6359,-1.0751,277.83,0.010467,77044255,False
2020-07-28,296.532,297.4091,84,0.2958,0.0136,0.2822,-0.3908,278.32,0.008469,71161870,False
2020-08-11,307.2698,309.7072,81,0.7932,0.0134,0.7798,-1.2023,279.99,0.006653,58957375,False
2020-08-19,311.36,309.6334,80,-0.5546,0.0134,-0.5679,-0.5368,281.06,0.00691,54413985,False
2020-08-31,322.5132,323.3442,77,0.2577,0.0132,0.2444,-0.2968,282.59,0.005219,49624270,False
2020-09-03,318.894,319.5772,78,0.2142,0.0134,0.2009,-2.9449,283.22,0.010338,56832510,False
2020-09-04,316.2903,310.8798,79,-1.7106,0.0134,-1.724,-1.0285,283.39,0.010569,60924910,False
2020-09-08,307.6483,311.6554,81,1.3025,0.0135,1.2889,-1.0395,283.51,0.012331,64434070,False
2020-09-10,308.2761,310.0582,81,0.5781,0.0135,0.5645,-2.3199,283.8,0.01321,67366885,False
2020-09-11,308.4332,311.5999,81,1.0267,0.0135,1.0132,-0.5241,283.91,0.013208,69510090,False
2020-09-15,314.0744,315.3116,79,0.3939,0.0135,0.3805,-0.2785,284.19,0.013576,71299350,False
2020-09-16,312.828,307.9714,79,-1.5525,0.0135,-1.5659,-0.7877,284.32,0.013604,73467455,False
2020-09-18,306.5068,301.9183,81,-1.497,0.0135,-1.5106,-1.4074,284.58,0.013927,77824415,False
2020-09-23,299.0816,297.7653,83,-0.4401,0.0136,-0.4538,-2.4962,284.85,0.01481,83525235,False
2020-09-29,308.1012,308.7686,81,0.2166,0.0136,0.2031,-0.4791,285.24,0.015657,85531580,False
2020-10-06,310.4742,313.4314,80,0.9524,0.0135,0.939,-1.4651,285.77,0.012887,80130155,False
2020-10-13,324.5644,325.1391,77,0.1771,0.0133,0.1637,-0.6103,286.45,0.012511,76638960,False
2020-10-14,322.525,318.6132,77,-1.2129,0.0134,-1.2262,-0.804,286.6,0.012577,75420555,False
2020-10-16,321.9317,323.1925,77,0.3916,0.0134,0.3783,-0.4786,286.86,0.011968,73043475,False
2020-10-19,317.0373,318.3814,78,0.4239,0.0134,0.4105,-1.9045,286.98,0.012244,71492215,False
2020-10-26,314.6086,314.9516,79,0.109,0.0134,0.0956,-0.8009,287.51,0.010661,69021390,False
2020-10-27,313.524,307.8509,79,-1.8095,0.0134,-1.8229,-0.4533,287.58,0.010608,69755895,False
2020-10-28,302.8081,303.0399,82,0.0766,0.0136,0.063,-1.6381,287.6,0.013056,70906555,False
2020-10-30,302.6968,306.0896,82,1.1208,0.0136,1.1073,-0.53,287.63,0.01323,72544315,False
2020-11-09,328.6709,327.6791,76,-0.3018,0.0133,-0.3151,-2.5854,288.16,0.013731,85426210,False
2020-11-12,327.4195,329.329,76,0.5832,0.0133,0.5699,-0.6665,288.61,0.013835,86446515,False
2020-11-18,330.2653,329.6349,75,-0.1909,0.0133,-0.2042,-1.2829,289.3,0.014216,86075575,False
2020-11-20,329.3847,331.1924,75,0.5488,0.0133,0.5355,-0.607,289.56,0.014333,87366325,False
2020-11-30,335.6233,338.877,74,0.9695,0.0132,0.9563,-0.2122,290.26,0.010238,76762215,False
2020-12-09,340.0635,338.6916,73,-0.4034,0.0131,-0.4166,-1.0866,291.72,0.008229,60667250,False
2020-12-14,338.0335,340.5734,73,0.7514,0.0131,0.7382,-1.0796,292.68,0.00731,60445390,False
2020-12-18,343.6822,339.763,72,-1.1403,0.0131,-1.1534,-0.4825,294.01,0.006699,63033555,False
2020-12-22,341.8762,342.8443,73,0.2832,0.0131,0.2701,-0.2634,294.86,0.006491,63567945,False
2020-12-29,345.8047,346.624,72,0.2369,0.013,0.2239,-0.6287,297.04,0.005661,60828275,False
2021-01-04,343.3191,342.6768,72,-0.1871,0.013,-0.2001,-1.7372,298.88,0.006234,63585595,False
2021-01-14,352.3213,350.7014,70,-0.4598,0.013,-0.4727,-0.5597,303.86,0.006211,66034400,False
2021-01-15,349.7519,352.2096,71,0.7027,0.013,0.6897,-0.2708,304.47,0.006509,68471375,False
2021-01-26,357.2831,353.9597,69,-0.9302,0.0129,-0.9431,-0.4203,307.9,0.007073,63930400,False
2021-01-27,348.5509,350.3662,71,0.5208,0.0131,0.5078,-1.5281,308.37,0.009035,68147935,False
2021-01-29,344.5107,347.9086,72,0.9863,0.0131,0.9732,-1.4802,309.27,0.010315,74039305,False
2021-02-10,363.1387,364.2186,68,0.2974,0.013,0.2844,-0.5203,313.29,0.010407,64759140,False
2021-02-16,365.2054,363.4552,68,-0.4792,0.013,-0.4922,-0.4214,314.77,0.01016,61860455,False
2021-02-19,363.0922,360.3272,68,-0.7615,0.013,-0.7744,-0.5203,316.31,0.009771,63577200,False
2021-02-25,355.924,357.8045,70,0.5283,0.013,0.5153,-2.0696,318.2,0.010098,68803390,False
2021-02-26,354.0901,358.9589,70,1.375,0.013,1.362,-1.0381,318.66,0.010028,71728565,False
2021-03-02,359.8432,359.145,69,-0.194,0.013,-0.207,-0.8414,319.66,0.009856,70846635,False
2021-03-03,355.0768,354.8906,70,-0.0524,0.013,-0.0654,-1.1327,320.12,0.009895,73621110,False
2021-03-04,350.6828,354.1831,71,0.9981,0.013,0.9851,-1.1857,320.52,0.010272,80171405,False
2021-03-08,355.3561,359.2009,70,1.0819,0.013,1.0689,-0.7643,321.38,0.010812,89140225,False
2021-03-16,368.5661,367.2814,67,-0.3486,0.0129,-0.3615,-0.2921,324.07,0.011539,101341805,False
2021-03-18,364.442,364.1413,68,-0.0825,0.0129,-0.0955,-0.7605,324.92,0.012008,106407055,False
2021-03-23,363.7863,365.1874,68,0.3851,0.0129,0.3722,-0.6149,326.06,0.012141,107414575,False
2021-03-24,361.9371,360.4988,69,-0.3974,0.013,-0.4104,-0.89,326.39,0.011939,108672310,False
2021-04-14,384.2873,386.4261,65,0.5566,0.0127,0.5438,-0.3343,332.82,0.007342,85986845,False
2021-04-19,387.799,386.5849,64,-0.3131,0.0127,-0.3258,-0.2523,334.39,0.006608,80678480,False
2021-04-20,384.9598,384.3433,64,-0.1602,0.0127,-0.1729,-0.4204,334.87,0.006907,81082140,False
2021-04-22,385.053,385.6135,64,0.1456,0.0127,0.1328,-0.8704,335.83,0.006949,79887170,False
2021-05-03,390.5918,388.6023,64,-0.5093,0.0127,-0.522,-0.2933,339.22,0.005818,66943360,False
2021-05-05,388.3034,388.3781,64,0.0192,0.0127,0.0065,-0.3905,340.12,0.006053,69138165,False
2021-05-10,390.3489,385.8283,64,-1.1581,0.0127,-1.1708,-1.0793,341.49,0.006684,71549915,False
2021-05-12,378.646,380.1965,66,0.4095,0.0128,0.3967,-1.4153,342.35,0.008466,78224320,False
2021-05-18,384.7449,380.0564,64,-1.2186,0.0128,-1.2314,-0.9283,344.09,0.009257,78770200,False
2021-05-21,387.5469,389.7884,64,0.5784,0.0127,0.5656,-0.463,345.31,0.008767,79944350,False
2021-05-25,390.629,391.2174,63,0.1506,0.0127,0.1379,-0.4972,346.13,0.009076,80211480,False
2021-05-27,391.6097,393.1788,63,0.4007,0.0127,0.388,-0.2094,346.96,0.00897,78712135,False
2021-05-28,392.3102,394.6732,63,0.6023,0.0127,0.5896,-0.2209,347.37,0.008845,77361795,False
2021-06-01,391.9646,392.6185,63,0.1668,0.0127,0.1541,-0.6863,347.77,0.008838,76666210,False
2021-06-09,393.8139,395.0374,63,0.3107,0.0127,0.298,-0.3615,350.21,0.008074,67053775,False
2021-06-15,396.4571,396.5972,63,0.0354,0.0126,0.0227,-0.221,351.75,0.004741,57149880,False
2021-06-16,394.2436,393.8326,63,-0.1043,0.0126,-0.1169,-0.5935,352.11,0.004455,58178675,False
2021-06-18,388.7961,390.5577,64,0.4531,0.0127,0.4404,-0.5203,352.78,0.004955,59435510,False
2021-07-14,408.7736,407.4338,61,-0.3278,0.0126,-0.3403,-0.2652,360.66,0.006344,65717065,False
2021-07-16,404.1822,399.3565,61,-1.1939,0.0126,-1.2065,-1.0711,361.63,0.006577,63700330,False
2021-07-19,398.2133,398.8786,62,0.1671,0.0126,0.1544,-0.2863,362.07,0.006732,65165865,False
2021-07-27,411.3693,411.9971,60,0.1526,0.0126,0.1401,-0.2046,364.94,0.007165,67702210,False
2021-08-02,410.0387,410.8351,60,0.1942,0.0126,0.1817,-0.6245,366.69,0.007119,68487465,False
2021-08-18,411.5287,408.8017,60,-0.6626,0.0125,-0.6752,-0.8533,372.7,0.005123,55191555,False
2021-08-26,418.1628,418.9687,59,0.1927,0.0125,0.1802,-0.5238,375.66,0.005265,56902995,False
2021-09-07,423.0354,422.5013,59,-0.1263,0.0125,-0.1387,-0.2761,378.89,0.005,57668705,False
2021-09-09,420.7116,422.6418,59,0.4588,0.0125,0.4463,-0.3816,379.8,0.005141,59007640,False
2021-09-10,417.3944,420.3929,59,0.7184,0.0125,0.7059,-1.2416,380.23,0.005441,61559580,False
2021-09-13,418.4626,419.9058,59,0.3449,0.0125,0.3324,-0.4592,380.64,0.005456,63772995,False
2021-09-14,416.2045,416.626,60,0.1013,0.0125,0.0888,-0.8815,381.04,0.005561,63995850,False
2021-09-17,414.9339,408.8048,60,-1.4771,0.0125,-1.4896,-0.7912,382.24,0.005567,64004145,False
2021-09-21,407.6299,409.9047,61,0.5581,0.0126,0.5455,-0.6643,382.92,0.006035,70603640,False
2021-09-28,407.7143,409.0962,61,0.3389,0.0126,0.3263,-1.3578,384.73,0.007868,79101230,False
2021-09-30,403.409,405.1386,61,0.4287,0.0126,0.4161,-1.5779,385.4,0.008224,84841910,False
2021-10-04,402.9389,404.443,62,0.3733,0.0126,0.3606,-1.0069,386.03,0.009073,93248840,False
2021-10-08,411.6061,410.9482,60,-0.1599,0.0126,-0.1724,-0.3686,387.36,0.009723,97995720,False
2021-10-11,408.6263,409.5475,61,0.2255,0.0126,0.2129,-0.565,387.69,0.0098,97070455,False
2021-10-12,407.6204,408.645,61,0.2514,0.0126,0.2387,-0.4705,388.01,0.009755,96719660,False
2021-10-26,428.6209,429.0815,58,0.1075,0.0125,0.095,-0.2712,391.71,0.0075,76873105,False
2021-10-27,426.722,428.1508,58,0.3348,0.0125,0.3223,-0.5499,392.08,0.00766,76378545,False
2021-11-09,439.3562,437.664,56,-0.3852,0.0124,-0.3975,-0.4134,395.73,0.004649,56718740,False
2021-11-10,435.8215,437.3163,57,0.343,0.0124,0.3306,-0.421,396.17,0.005348,56541525,False
2021-11-11,435.9626,437.2317,57,0.2911,0.0124,0.2787,-0.3095,396.59,0.004304,54772110,False
2021-11-15,439.4032,439.1399,56,-0.0599,0.0124,-0.0723,-0.2582,397.51,0.00432,53370800,False
2021-11-22,439.5348,439.2057,56,-0.0749,0.0124,-0.0872,-0.705,399.55,0.004303,55145080,False
2021-11-26,431.4504,436.2446,57,1.1112,0.0124,1.0987,-0.7289,400.67,0.006403,58534275,False
2021-11-30,428.2449,433.9603,58,1.3346,0.0125,1.3221,-1.3939,401.34,0.008262,64345895,False
2021-12-01,423.4882,423.7044,59,0.0511,0.0125,0.0385,-2.4131,401.63,0.008518,68497435,False
2021-12-03,426.2332,428.7807,58,0.5977,0.0125,0.5852,-1.2523,402.28,0.009229,76478060,False
2021-12-09,438.3879,441.0952,57,0.6176,0.0125,0.6051,-0.3845,403.82,0.010733,81008010,False
2021-12-13,438.5948,435.3233,57,-0.7459,0.0125,-0.7584,-0.7699,404.65,0.011005,84836475,False
2021-12-16,438.4819,435.4,57,-0.7029,0.0125,-0.7153,-1.295,405.9,0.011807,94188260,False
2021-12-17,433.8152,428.7306,57,-1.1721,0.0125,-1.1846,-0.364,406.28,0.012003,98432560,False
2021-12-30,449.1823,448.6918,55,-0.1092,0.0124,-0.1216,-0.3703,409.44,0.010705,86512865,False
2022-01-04,450.4934,450.1255,55,-0.0817,0.0124,-0.0941,-0.3485,410.71,0.009863,78769735,False
2022-01-05,441.843,441.3809,56,-0.1046,0.0124,-0.117,-1.8401,411.1,0.009966,79222445,False
2022-01-07,439.6828,436.4848,56,-0.7273,0.0124,-0.7398,-0.3975,411.88,0.009871,81145400,False
2022-01-13,438.2112,435.0604,57,-0.719,0.0124,-0.7315,-1.6222,413.31,0.00938,79815185,False
2022-01-18,430.6266,432.1737,58,0.3593,0.0125,0.3468,-0.7069,413.89,0.009722,77491175,False
2022-01-19,426.1552,428.0419,58,0.4427,0.0125,0.4302,-1.3926,414.12,0.009709,77602315,False
2022-01-20,421.4385,420.3159,59,-0.2664,0.0125,-0.2789,-1.5427,414.33,0.008999,80230985,False
2022-02-03,421.2971,421.0612,59,-0.056,0.0125,-0.0685,-0.9646,415.91,0.012467,129766140,False
2022-02-07,421.9196,421.4197,59,-0.1185,0.0125,-0.131,-0.5005,416.26,0.012558,131313980,False
2022-02-10,423.8629,423.9479,58,0.0201,0.0125,0.0075,-0.4476,416.82,0.013543,133935735,False
2022-03-23,419.9563,421.9813,59,0.4822,0.0126,0.4696,-0.6959,419.57,0.01566,118198780,False
2022-03-30,434.0558,433.2893,57,-0.1766,0.0125,-0.1891,-0.3563,420.45,0.014302,100185860,False
2022-03-31,427.3751,428.9553,58,0.3697,0.0126,0.3572,-1.365,420.62,0.014773,100995770,False
2022-04-05,426.7978,422.8802,58,-0.9179,0.0125,-0.9304,-0.9204,421.17,0.01281,91306610,False
2022-12-01,388.7486,383.8532,64,-1.2593,0.0129,-1.2721,-0.34,383.43,0.016734,80499275,False
2022-12-13,383.5859,383.2425,65,-0.0895,0.0128,-0.1024,-2.0111,382.25,0.011577,76433200,False
2023-01-30,384.0245,384.5422,65,0.1348,0.0128,0.122,-0.5487,375.65,0.010155,78633025,False
2023-02-08,393.6686,397.273,63,0.9156,0.0127,0.9029,-0.6003,374.93,0.010564,80976650,False
2023-02-09,390.2557,389.0766,64,-0.3021,0.0127,-0.3149,-1.7664,374.85,0.010568,81467340,False
2023-02-21,382.5865,382.9988,65,0.1077,0.0128,0.0949,-0.985,374.69,0.010498,79200245,False
2023-02-22,382.0593,384.9544,65,0.7578,0.0128,0.745,-0.2453,374.65,0.010499,80411115,False
2023-02-23,384.0916,379.0682,65,-1.3079,0.0128,-1.3207,-0.2241,374.62,0.01057,80983220,False
2023-02-27,381.2828,380.8035,65,-0.1257,0.0128,-0.1385,-0.5352,374.66,0.010526,83383495,False
2023-02-28,379.8736,379.0587,65,-0.2145,0.0128,-0.2273,-0.2442,374.7,0.010193,84495325,False
2023-03-07,381.8004,381.9155,65,0.0301,0.0128,0.0173,-1.5207,374.84,0.00978,85050500,False
2023-03-09,375.368,374.8215,66,-0.1456,0.0128,-0.1584,-2.0463,374.95,0.009731,86024185,False
2023-03-17,375.2897,376.0691,66,0.2077,0.0128,0.1949,-0.8214,374.71,0.011176,111666450,False
2023-03-22,377.3298,380.1974,66,0.76,0.0128,0.7472,-1.6603,374.55,0.011687,113699980,False
2023-03-23,378.3498,377.07,66,-0.3383,0.0128,-0.3511,-0.486,374.49,0.011632,114855425,False
2023-03-27,381.5447,380.8518,65,-0.1816,0.0128,-0.1944,-0.4094,374.39,0.011473,114508110,False
2023-04-04,393.2656,392.5343,63,-0.186,0.0127,-0.1987,-0.7167,375.27,0.011161,109696365,False
2023-04-12,392.669,393.7563,63,0.2769,0.0127,0.2642,-0.9275,376.15,0.008956,92439140,False
2023-04-18,398.5968,396.6818,62,-0.4804,0.0126,-0.4931,-0.3297,376.86,0.007662,79644760,False
2023-04-25,390.7732,391.3891,63,0.1576,0.0127,0.1449,-1.096,377.61,0.007196,72760210,False
2023-04-26,389.118,391.6585,64,0.6529,0.0127,0.6402,-0.5803,377.73,0.00726,73638975,False
2023-05-02,395.3538,395.8542,63,0.1266,0.0127,0.1139,-0.9475,378.46,0.007828,74725510,False
2023-05-03,392.6401,391.5911,63,-0.2672,0.0127,-0.2798,-0.8119,378.61,0.007882,75972025,False
2023-05-04,389.859,393.4965,64,0.933,0.0127,0.9203,-0.4423,378.69,0.008021,77457110,False
2023-05-10,397.288,396.4219,62,-0.218,0.0127,-0.2307,-0.2489,379.1,0.009081,77965060,False
2023-05-12,396.0755,396.6818,63,0.1531,0.0127,0.1404,-0.4427,379.3,0.008575,76798175,False
2023-05-16,394.786,396.807,63,0.5119,0.0127,0.4992,-0.3909,379.37,0.008695,75898100,False
2023-05-19,402.8405,402.8597,62,0.0048,0.0126,-0.0079,-0.3689,379.54,0.009288,80084720,False
2023-05-23,398.4813,396.8742,62,-0.4033,0.0127,-0.416,-0.7169,379.62,0.008899,79336225,False
2023-05-24,395.5943,399.1068,63,0.8879,0.0127,0.8752,-0.3225,379.63,0.009017,79774560,False
2023-05-30,404.3417,402.5133,61,-0.4522,0.0126,-0.4648,-0.4384,379.72,0.008352,80398750,False
2023-06-05,411.0009,410.5871,60,-0.1007,0.0126,-0.1132,-0.2755,379.74,0.007394,79310710,False
2023-06-07,410.4716,410.539,60,0.0164,0.0126,0.0039,-0.4411,379.81,0.007348,81817140,False
2023-06-16,424.4658,422.5245,58,-0.4574,0.0125,-0.4698,-0.8036,380.88,0.007161,87394140,False
2023-06-21,420.1001,419.1439,59,-0.2276,0.0125,-0.2401,-0.2797,381.33,0.007499,86824340,False
2023-06-26,416.7195,417.5985,59,0.2109,0.0125,0.1984,-0.2728,382.0,0.006861,85273165,False
2023-07-14,433.9508,433.8059,57,-0.0334,0.0124,-0.0458,-0.2664,385.76,0.006397,77676000,False
2023-07-20,436.7519,438.4711,57,0.3936,0.0124,0.3813,-0.4382,387.57,0.005839,72287005,False
2023-07-21,436.7519,437.9013,57,0.2632,0.0124,0.2508,-0.3921,388.01,0.005841,72318925,False
2023-07-27,437.0512,440.3256,57,0.7492,0.0124,0.7368,-1.4226,389.67,0.005242,70274630,False
2023-08-02,434.7719,432.7532,57,-0.4643,0.0124,-0.4767,-0.6884,391.6,0.00615,71635580,False
2023-08-04,431.565,433.4002,57,0.4252,0.0124,0.4128,-0.8675,392.47,0.005958,71516205,False
2023-08-09,430.5413,432.8979,58,0.5474,0.0124,0.5349,-0.7305,393.69,0.006159,71000035,False
2023-08-10,430.6957,428.822,58,-0.435,0.0124,-0.4475,-0.5087,394.06,0.00587,72029050,False
2023-08-15,427.7788,427.3635,58,-0.0971,0.0124,-0.1095,-0.7574,395.05,0.006181,71484130,False
2023-08-16,424.6397,426.1079,58,0.3458,0.0125,0.3333,-0.6373,395.36,0.006268,72194905,False
2023-08-17,421.4041,418.5836,59,-0.6693,0.0125,-0.6818,-1.1039,395.61,0.006312,73450890,False
2023-08-22,423.2005,424.263,59,0.2511,0.0125,0.2386,-0.6868,396.49,0.006361,76054640,False
2023-08-24,421.9836,423.7125,59,0.4097,0.0125,0.3972,-1.754,397.17,0.00745,75740190,False
2023-08-31,434.9843,437.7081,57,0.6262,0.0124,0.6137,-0.2878,398.75,0.007685,77069575,False
2023-09-01,435.7956,435.3514,57,-0.1019,0.0124,-0.1144,-0.4369,399.04,0.007611,75010335,False
2023-09-05,433.9122,433.1008,57,-0.187,0.0124,-0.1994,-0.3306,399.31,0.007427,74850770,False
2023-09-06,430.9952,427.9913,58,-0.697,0.0125,-0.7094,-0.4862,399.58,0.007516,74820630,False
2023-09-12,430.773,430.9952,58,0.0516,0.0125,0.0391,-0.2148,400.64,0.00755,73390990,False
2023-09-15,429.753,429.4428,58,-0.0722,0.0125,-0.0846,-0.8431,401.39,0.007388,73588640,False
2023-09-20,425.1683,422.3186,58,-0.6702,0.0125,-0.6827,-1.2094,402.04,0.007592,72201850,False
2023-09-21,418.141,419.1684,59,0.2457,0.0125,0.2332,-0.9892,402.19,0.008014,73984590,False
2023-09-22,417.2008,415.9892,59,-0.2904,0.0125,-0.3029,-0.4694,402.36,0.007444,74600210,False
2023-09-26,412.8002,413.973,60,0.2841,0.0126,0.2715,-0.7481,402.77,0.007752,74756330,False
2023-09-27,412.9649,412.4125,60,-0.1338,0.0125,-0.1463,-0.2435,402.94,0.006784,75837525,False
2023-09-29,414.3511,413.5174,60,-0.2012,0.0125,-0.2137,-0.9706,403.31,0.006876,79449080,False
2023-10-03,408.6419,409.1073,61,0.1139,0.0126,0.1013,-0.8164,403.6,0.007235,83121525,False
2023-10-12,420.3412,421.8436,59,0.3574,0.0125,0.3449,-0.7529,405.36,0.008029,88086895,False
2023-10-13,418.2476,420.4963,59,0.5377,0.0125,0.5251,-0.8525,405.63,0.007697,87251605,False
2023-10-18,416.9972,417.7145,59,0.172,0.0125,0.1595,-0.9167,406.46,0.008406,89226020,False
2023-10-19,413.3333,412.8971,60,-0.1055,0.0125,-0.1181,-1.0489,406.7,0.007807,90087380,False
2023-10-20,408.2542,406.7227,61,-0.3751,0.0126,-0.3877,-1.1245,406.9,0.008233,91241890,False
2023-11-09,420.5157,422.59,59,0.4933,0.0125,0.4807,-1.0469,409.32,0.009713,90423080,False
2023-11-29,440.6478,441.491,56,0.1914,0.0124,0.179,-0.5556,412.23,0.007245,71013245,False
2023-12-06,440.7932,442.8772,56,0.4728,0.0124,0.4604,-0.8827,413.51,0.006433,68764375,False
2023-12-20,455.7188,458.7066,54,0.6556,0.0123,0.6433,-1.2026,417.07,0.005725,75580995,False
2023-12-29,462.58,459.5143,54,-0.6627,0.0123,-0.675,-0.2476,419.71,0.005971,82181215,False
2024-01-03,456.2346,455.7577,54,-0.1045,0.0123,-0.1168,-0.3486,420.52,0.006356,85460980,False
2024-01-04,454.765,454.9694,54,0.0449,0.0123,0.0326,-0.2178,420.89,0.006435,86182915,False
2024-01-11,463.5921,465.0422,53,0.3128,0.0123,0.3005,-0.2596,422.91,0.006841,87159735,False
2024-01-12,463.9133,462.5313,53,-0.2979,0.0123,-0.3101,-0.2428,423.33,0.006203,85397155,False
2024-01-24,472.39,474.5213,52,0.4512,0.0122,0.439,-0.4961,425.96,0.005808,81429105,False
2024-01-31,469.9472,471.6504,53,0.3624,0.0122,0.3502,-1.1747,427.96,0.007062,78862440,False
2024-02-05,479.3582,480.3022,52,0.1969,0.0122,0.1847,-0.2329,429.16,0.007446,78509435,False
2024-02-16,486.1319,484.3898,51,-0.3583,0.0122,-0.3705,-0.4365,433.19,0.007484,74377715,False
2024-02-23,494.2485,494.6864,50,0.0886,0.0122,0.0764,-0.2788,435.08,0.008768,73811425,False
2024-02-26,492.4383,493.1293,50,0.1403,0.0122,0.1281,-0.4545,435.56,0.008831,72498680,False
2024-03-05,493.5964,496.8761,50,0.6645,0.0122,0.6523,-0.5997,438.51,0.007583,66296500,False
2024-03-08,498.0148,496.808,50,-0.2423,0.0121,-0.2545,-0.7256,439.94,0.007888,68033915,False
2024-03-13,502.151,503.1242,49,0.1938,0.0121,0.1817,-0.2205,441.49,0.007321,65893655,False
2024-03-14,501.1583,498.088,49,-0.6126,0.0121,-0.6247,-0.3907,441.98,0.00719,67982855,False
2024-03-18,500.6751,499.982,49,-0.1384,0.0121,-0.1505,-0.2218,442.94,0.007259,70949040,False
2024-03-21,509.7932,509.7053,49,-0.0172,0.0121,-0.0293,-0.2274,444.4,0.005906,70107710,False
2024-03-26,506.4837,509.3149,49,0.559,0.0121,0.5469,-0.4643,445.84,0.005965,71731890,False
2024-04-01,509.7541,505.9273,49,-0.7507,0.0121,-0.7628,-0.3188,447.24,0.005891,72956690,False
2024-04-04,500.8801,502.2371,49,0.2709,0.0121,0.2588,-1.9961,448.45,0.006246,74917035,False
2024-04-09,506.9817,501.2803,49,-1.1246,0.0121,-1.1366,-0.2267,449.73,0.006085,74079820,False
2024-04-12,498.7128,502.8912,50,0.8378,0.0121,0.8257,-0.6843,450.98,0.007057,74425950,False
2024-04-15,492.4649,492.9433,50,0.0971,0.0122,0.085,-2.0733,451.33,0.007441,73648705,False
2024-04-16,491.5668,494.0269,50,0.5005,0.0122,0.4883,-0.2792,451.68,0.007288,72878240,False
2024-04-17,488.6575,490.0536,51,0.2857,0.0122,0.2735,-1.0868,451.98,0.007205,73635990,False
2024-04-18,487.652,487.5739,51,-0.016,0.0122,-0.0282,-0.4901,452.27,0.006749,73883665,False
2024-04-19,483.3956,486.0022,51,0.5392,0.0122,0.527,-0.857,452.55,0.006784,75981490,False
2024-04-24,493.4021,487.3201,50,-1.2327,0.0122,-1.2448,-0.227,453.56,0.00792,75755295,False
2024-04-30,490.0536,489.4678,51,-0.1195,0.0122,-0.1317,-1.2938,454.81,0.008663,72821545,False
2024-05-01,488.4623,492.172,51,0.7595,0.0122,0.7473,-0.2054,455.07,0.008646,73875895,False
2024-05-13,508.5338,508.729,49,0.0384,0.0121,0.0263,-0.3158,457.69,0.007446,63101070,False
2024-05-16,516.1289,516.2461,48,0.0227,0.0121,0.0106,-0.2246,458.79,0.007533,60268230,False
2024-05-23,513.4638,515.309,48,0.3594,0.0121,0.3473,-1.3134,460.86,0.006882,54074845,False
2024-05-30,510.1934,511.1501,49,0.1875,0.0121,0.1754,-0.3641,462.53,0.005958,49108880,False
2024-06-03,515.2602,513.952,48,-0.2539,0.012,-0.2659,-0.2306,463.42,0.005438,49224610,False
2024-06-20,534.0039,533.1803,46,-0.1542,0.012,-0.1662,-0.4441,469.35,0.005371,47817155,False
2024-06-24,531.5545,532.7788,47,0.2303,0.012,0.2183,-0.2921,470.35,0.00503,48030460,False
2024-06-28,533.004,534.385,46,0.2591,0.012,0.2471,-0.5373,472.41,0.004243,48957670,False
2024-07-11,545.0114,546.1377,45,0.2067,0.0119,0.1947,-0.8834,477.02,0.004567,46167640,False
2024-07-17,545.4618,546.9995,45,0.2819,0.0119,0.27,-0.3329,479.71,0.005592,45333710,False
2024-07-18,541.27,541.035,46,-0.0434,0.012,-0.0554,-1.0474,480.34,0.005909,46078410,False
2024-07-19,537.6757,541.6032,46,0.7305,0.012,0.7185,-0.6209,480.96,0.006085,45837455,False
2024-07-24,530.0756,530.1931,47,0.0222,0.0121,0.0101,-1.3902,482.88,0.00827,46062360,False
2024-07-25,527.3137,531.104,47,0.7188,0.0121,0.7067,-0.5431,483.44,0.008333,47192745,False
2024-07-29,533.5329,535.0019,46,0.2753,0.012,0.2633,-0.2308,484.57,0.008689,46297425,False
2024-07-30,530.8297,537.6658,47,1.2878,0.0121,1.2758,-0.7799,485.11,0.00875,46625215,False
2024-08-01,531.819,524.7085,47,-1.337,0.0121,-1.3491,-1.7301,486.27,0.009855,50068585,False
2024-08-02,521.9172,501.0954,47,-3.9895,0.0121,-4.0016,-0.532,486.77,0.010497,52133620,False
2024-08-07,507.9708,513.1125,49,1.0122,0.0122,1.0,-1.8563,488.13,0.012023,62118150,False
2024-08-22,544.7567,547.9985,45,0.5951,0.0121,0.583,-1.127,495.21,0.012944,59439620,False
2024-08-26,549.2325,547.9593,45,-0.2318,0.012,-0.2438,-0.4244,496.48,0.012952,59097040,False
2024-08-28,546.7938,548.7624,45,0.36,0.0121,0.348,-0.5185,497.74,0.0125,57159185,False
2024-08-29,546.8428,549.2129,45,0.4334,0.012,0.4214,-0.3498,498.34,0.012002,55273510,False
2024-09-03,540.702,538.8608,46,-0.3405,0.012,-0.3526,-1.4969,499.5,0.009952,49985695,False
2024-09-05,538.2829,538.6061,46,0.06,0.0121,0.048,-0.2324,500.52,0.00975,46783925,False
2024-09-06,529.2235,533.4252,47,0.7939,0.0121,0.7819,-1.742,500.99,0.009488,47044785,False
2024-09-17,551.4655,552.1218,45,0.119,0.012,0.107,-0.3592,504.65,0.008541,47137545,False
2024-09-18,549.8301,559.2419,45,1.7118,0.012,1.6998,-0.4151,505.18,0.008562,48403175,False
2024-09-26,562.2245,563.2954,44,0.1905,0.0119,0.1785,-0.3621,508.68,0.008752,52037265,False
2024-09-27,561.4091,560.3775,44,-0.1838,0.0119,-0.1957,-0.3349,509.25,0.008771,52206550,False
2024-10-01,558.6093,557.7154,44,-0.16,0.0119,-0.172,-0.8336,510.33,0.007345,52852850,False
2024-10-07,557.8038,560.3776,44,0.4614,0.0119,0.4495,-0.6126,512.34,0.006246,51423815,False
2024-10-15,569.5729,569.5729,43,-0.0,0.0119,-0.0119,-0.8228,515.55,0.006705,49593185,False
2024-10-17,572.0976,573.7874,43,0.2954,0.0119,0.2835,-0.6076,516.66,0.00562,46131120,False
2024-10-23,567.8143,569.7693,44,0.3443,0.0119,0.3324,-0.5626,518.96,0.006051,43656115,False
2024-10-25,568.8458,572.3236,43,0.6114,0.0119,0.5995,-0.4248,520.02,0.005998,43246675,False
2024-10-28,570.6044,569.6416,43,-0.1687,0.0119,-0.1806,-0.3004,520.56,0.005975,41577540,False
2024-10-30,569.7988,565.4271,43,-0.7672,0.0119,-0.7791,-0.2202,521.63,0.005611,40255985,False
2024-10-31,558.629,561.2618,44,0.4713,0.0119,0.4594,-1.2023,522.13,0.007249,41222785,False
2024-11-04,559.7784,560.692,44,0.1632,0.0119,0.1513,-0.2399,523.06,0.006712,40771820,False
2024-11-12,586.3914,586.8532,42,0.0787,0.0119,0.0669,-0.2973,526.33,0.008467,42261495,False
2024-11-14,582.9039,579.3378,42,-0.6118,0.0119,-0.6237,-0.6646,527.44,0.008616,43320175,False
2024-11-15,575.4377,575.8995,43,0.0802,0.0119,0.0683,-0.6732,527.93,0.009114,45248775,False
2024-11-25,587.0103,588.258,42,0.2125,0.0119,0.2007,-0.3319,530.9,0.008931,46823985,False
2024-11-27,588.2874,589.1029,42,0.1386,0.0119,0.1267,-0.2715,531.95,0.008971,46588285,False
2024-12-09,594.0345,594.7123,42,0.1141,0.0118,0.1023,-0.4953,535.69,0.004813,40636215,False
2024-12-10,592.1876,595.1151,42,0.4944,0.0118,0.4826,-0.4245,536.19,0.004881,40618600,False
2024-12-12,593.6906,595.7243,42,0.3425,0.0118,0.3308,-0.3709,537.21,0.005252,39109940,False
2024-12-13,593.5728,595.3312,42,0.2962,0.0118,0.2845,-0.3611,537.7,0.004991,38959970,False
2024-12-18,575.9585,580.949,43,0.8665,0.0119,0.8546,-2.9306,539.08,0.008005,41225715,False
2024-12-19,575.7816,573.4513,43,-0.4047,0.0119,-0.4166,-0.8895,539.48,0.008003,43020060,False
2024-12-27,586.5021,579.4838,42,-1.1966,0.0119,-1.2085,-0.4234,541.67,0.009024,48803130,False
