date,ticker,action,shares,price,cost,gross_notional,regime
2003-02-03,XLU,buy,7934.04918466434,4.201301574707031,61.12676140159695,33333.33333333333,B
2003-02-03,XLP,buy,3096.6802390954103,10.764215469360352,38.160854946089074,33333.33333333333,B
2003-02-03,XLV,buy,1855.4159426025988,17.965423583984375,30.52270564427123,33333.33333333333,B
2003-03-03,XLU,sell,7934.04918466434,3.9907898902893066,59.127067092598985,31663.123275216563,D
2003-03-03,XLP,sell,3096.6802390954103,10.313154220581055,35.14023308223102,31936.540877616782,D
2003-03-03,XLV,sell,1855.4159426025988,17.549516677856445,30.091023818384983,32561.653029065044,D
2003-03-03,XLI,buy,3874.3712030985193,12.393173217773438,54.856733040598584,48015.75342995322,D
2003-03-03,XLF,buy,4530.522813346248,10.598280906677246,50.22273343430717,48015.75342995322,D
2003-04-01,XLI,sell,3874.3712030985193,12.75318431854248,52.18407279144009,49410.5700715686,A
2003-04-01,XLF,sell,4530.522813346248,10.896490097045898,52.54588577380466,49366.79697006791,A
2003-04-01,XLK,buy,6085.099502879295,5.398319244384766,50.85587679992778,32849.30975038947,A
2003-04-01,XLY,buy,3760.6841946359054,8.734929084777832,40.483483024387134,32849.30975038947,A
2003-04-01,XLF,buy,3014.6688940960084,10.896490097045898,34.32589970147909,32849.30975038947,A
2003-05-01,XLK,sell,6085.099502879295,5.879583358764648,51.47092552836457,35777.84977355614,D
2003-05-01,XLY,sell,3760.6841946359054,9.555255889892578,41.17214178976867,35934.29980082066,D
2003-05-01,XLF,sell,3014.6688940960084,11.944718360900879,34.88968760959805,36009.37089134534,D
2003-05-01,XLI,buy,3914.409609090445,13.730183601379395,56.23139977392319,53745.56262381555,D
2003-05-01,XLF,buy,4499.525313191397,11.944718360900879,52.67385045477875,53745.56262381555,D
2003-07-01,XLI,sell,3914.409609090445,14.64804744720459,56.674584965121326,57338.457681750406,A
2003-07-01,XLF,sell,4499.525313191397,12.760485649108887,53.96046189592137,57416.12818678099,A
2003-07-01,XLK,buy,5911.064770769485,6.457840919494629,51.4775356677425,38172.71595445832,A
2003-07-01,XLY,buy,3713.404383896149,10.279708862304688,41.126521976629014,38172.71595445832,A
2003-07-01,XLF,buy,2991.478302953467,12.760485649108887,35.5371086739205,38172.71595445832,A
2003-08-01,XLK,sell,5911.064770769485,6.532454013824463,52.987214886438295,38613.758787789506,C
2003-08-01,XLY,sell,3713.404383896149,10.48127555847168,42.39613076577666,38921.21460765229,C
2003-08-01,XLF,sell,2991.478302953467,12.904326438903809,35.97229667334889,38603.01255620952,C
2003-08-01,XLE,buy,9384.96564155368,6.174727439880371,82.26145674543292,57949.60486923599,C
2003-08-01,XLB,buy,8581.65234467829,6.752732753753662,79.4838041704144,57949.604869236005,C
2003-09-02,XLE,sell,9384.96564155368,6.628361701965332,83.92698930305545,62206.94683273491,D
2003-09-02,XLB,sell,8581.65234467829,7.094488620758057,77.67937056252752,60882.43490662183,D
2003-09-02,XLI,buy,3858.0221004784753,15.914408683776855,54.45358516219928,61398.14041805767,D
2003-09-02,XLF,buy,4637.940227263036,13.238234519958496,56.052907337866785,61398.14041805767,D
2003-10-01,XLI,sell,3858.0221004784753,15.558212280273438,54.77760441035346,60023.92682123054,B
2003-10-01,XLF,sell,4637.940227263036,13.452908515930176,56.68816811913078,62393.78557972203,B
2003-10-01,XLU,buy,8060.810289440989,5.051005840301514,62.758517470192544,40715.19984952897,B
2003-10-01,XLP,buy,3486.6919914603404,11.677314758300781,41.630589587481246,40715.19984952897,B
2003-10-01,XLV,buy,2091.506928994536,19.466920852661133,35.06794778855495,40715.19984952898,B
2003-11-03,XLU,sell,8060.810289440989,5.103979110717773,62.897745041556405,41142.2073327657,A
2003-11-03,XLP,sell,3486.6919914603404,12.094968795776367,40.62076362531142,42171.430837196174,A
2003-11-03,XLV,sell,2091.506928994536,19.198741912841797,34.593961749413246,40154.30173868643,A
2003-11-03,XLK,buy,5482.713221291698,7.491243362426758,51.63827814476825,41072.33902709086,A
2003-11-03,XLY,buy,3557.2790665381463,11.545998573303223,41.97898096035905,41072.33902709086,A
2003-11-03,XLF,buy,2896.279979313335,14.181066513061523,35.868497119212655,41072.33902709086,A
2003-12-01,XLK,sell,5482.713221291698,7.498707294464111,52.538267582327954,41113.26162595488,D
2003-12-01,XLY,sell,3557.2790665381463,11.671664237976074,42.59426882564094,41519.366865414195,D
2003-12-01,XLF,sell,2896.279979313335,14.139747619628906,36.07524114600457,40952.66794327459,D
2003-12-01,XLI,buy,3678.146555969773,16.763565063476562,54.306935354310006,61658.84910400153,D
2003-12-01,XLF,buy,4360.675364417837,14.139747619628906,54.697326540952304,61658.84910400152,D
2004-04-01,XLI,sell,3678.146555969773,17.54524803161621,55.47357894235106,64533.99362112461,B
2004-04-01,XLF,sell,4360.675364417837,15.504352569580078,57.87533126499617,67609.44829141624,B
2004-04-01,XLU,buy,7691.503246097988,5.716404438018799,62.66352075710269,43967.743291030536,B
2004-04-01,XLP,buy,3391.5612620834922,12.963865280151367,42.464235355889166,43967.743291030536,B
2004-04-01,XLV,buy,2108.8265532098935,20.849388122558594,36.3910302070072,43967.74329103053,B
2004-05-03,XLU,sell,7691.503246097988,5.493751525878906,61.912949390414184,42255.207694553384,C
2004-05-03,XLP,sell,3391.5612620834922,13.265347480773926,41.910666663690016,44990.23864386969,C
2004-05-03,XLV,sell,2108.8265532098935,21.624155044555664,36.73036641226808,45601.59234868665,C
2004-05-03,XLE,buy,8026.720927247518,8.25942325592041,78.39663090839254,66296.08549529119,C
2004-05-03,XLB,buy,8564.73222237649,7.740590572357178,81.40377099037202,66296.08549529119,C
2004-06-01,XLE,sell,8026.720927247518,8.159327507019043,76.96998016538559,65492.64485285607,A
2004-06-01,XLB,sell,8564.73222237649,7.91398286819458,81.12702483054761,67781.14407856163,A
2004-06-01,XLK,buy,5895.886654888667,7.51786470413208,54.610608129774825,44324.47818235087,A
2004-06-01,XLY,buy,3673.1471976086586,12.067166328430176,43.850546223400805,44324.47818235087,A
2004-06-01,XLF,buy,2981.2638248727394,14.867680549621582,37.883042635292156,44324.47818235087,A
2004-07-01,XLK,sell,5895.886654888667,7.63433313369751,55.90164445417466,45011.16284194153,D
2004-07-01,XLY,sell,3673.1471976086586,12.037116050720215,42.602081580255415,44214.09908899316,D
2004-07-01,XLF,sell,2981.2638248727394,14.886195182800293,37.93023316483247,44379.67518847735,D
2004-07-01,XLI,buy,3566.8829743433757,18.687253952026367,55.236798857791634,66655.24795871381,D
2004-07-01,XLF,buy,4477.655112014665,14.886195182800293,57.25115694406862,66655.24795871381,D
2004-08-02,XLI,sell,3566.8829743433757,18.528383255004883,53.45862978475319,66088.57477438581,B
2004-08-02,XLF,sell,4477.655112014665,14.760300636291504,56.73361087072383,66091.53559896396,B
2004-08-02,XLU,buy,7654.608841556949,5.745174407958984,62.52956460223715,43977.06281944955,B
2004-08-02,XLP,buy,3474.137426563488,12.658411979675293,41.717336069650784,43977.06281944955,B
2004-08-02,XLV,buy,2194.4229671185144,20.040376663208008,35.38548859293426,43977.06281944955,B
2004-09-01,XLU,sell,7654.608841556949,5.915401935577393,62.57054825980275,45280.0879574338,D
2004-09-01,XLP,sell,3474.137426563488,12.755471229553223,42.447988223711285,44314.259992044645,D
2004-09-01,XLV,sell,2194.4229671185144,20.4704532623291,36.344618337750376,44920.8327861811,D
2004-09-01,XLI,buy,3636.223815402902,18.462196350097656,57.22708771840539,67132.67805286963,D
2004-09-01,XLF,buy,4448.592588119909,15.090767860412598,57.89242359760081,67132.67805286963,D
2004-11-01,XLI,sell,3636.223815402902,19.104747772216797,56.580524167386535,69469.13883660025,B
2004-11-01,XLF,sell,4448.592588119909,15.135601043701172,57.883618556817524,67332.12261974899,B
2004-11-01,XLU,buy,7209.827323261776,6.312901020050049,60.83648985989156,45514.92626340398,B
2004-11-01,XLP,buy,3649.6237205574985,12.471128463745117,43.00487775659898,45514.92626340398,B
2004-11-01,XLV,buy,2345.5816437213407,19.404537200927734,38.2873723376705,45514.92626340398,B
2004-12-01,XLU,sell,7209.827323261776,6.484549045562744,61.71295899889521,46752.47888772934,A
2004-12-01,XLP,sell,3649.6237205574985,12.981444358825684,45.393426989419744,47377.38725906754,A
2004-12-01,XLV,sell,2345.5816437213407,20.30207061767578,37.929066697494164,47620.16417035469,A
2004-12-01,XLK,buy,5863.417580879529,8.043854713439941,55.30720234694447,47164.479144824414,A
2004-12-01,XLY,buy,3581.0607284751063,13.170533180236816,43.61490642892877,47164.479144824414,A
2004-12-01,XLF,buy,2973.167889642806,15.863375663757324,39.377437948500344,47164.479144824414,A
2005-01-03,XLK,sell,5863.417580879529,8.019575119018555,54.62967126452477,47022.11774403744,D
2005-01-03,XLY,sell,3581.0607284751063,13.484620094299316,43.72527775697842,48289.24345810157,D
2005-01-03,XLF,sell,2973.167889642806,16.14234733581543,39.70084982840626,47993.90876230753,D
2005-01-03,XLI,buy,3477.6541167718,20.562990188598633,56.251945382390616,71510.96748251817,D
2005-01-03,XLF,buy,4430.022845801056,16.14234733581543,59.429836155750195,71510.96748251817,D
2005-02-01,XLI,sell,3477.6541167718,20.222501754760742,56.245138310539225,70326.86647886864,B
2005-02-01,XLF,sell,4430.022845801056,16.020294189453125,59.22304630459416,70970.26925573125,B
2005-02-01,XLU,buy,6822.967197631523,6.890618801116943,59.554485306463675,47014.46605140396,B
2005-02-01,XLP,buy,3495.6047232138812,13.449594497680664,42.54798425157222,47014.46605140396,B
2005-02-01,XLV,buy,2281.3002206747115,20.608627319335938,37.29793076371352,47014.466051403964,B
2005-03-01,XLU,sell,6822.967197631523,7.010958194732666,59.86856299309785,47835.5377866269,A
2005-03-01,XLP,sell,3495.6047232138812,13.535953521728516,42.99207483143569,47316.34306375777,A
2005-03-01,XLV,sell,2281.3002206747115,21.19485855102539,37.92681633270901,48351.83548962352,A
2005-03-01,XLK,buy,6172.361545288647,7.736036777496338,57.38531119160846,47749.6159183571,A
2005-03-01,XLY,buy,3653.5881814266554,13.069238662719727,44.76409266508807,47749.6159183571,A
2005-03-01,XLF,buy,3003.4507768175995,15.8982515335083,39.665527714654964,47749.6159183571,A
2005-04-01,XLK,sell,6172.361545288647,7.429503917694092,56.044889936921095,45857.58428214636,C
2005-04-01,XLY,sell,3653.5881814266554,12.671923637390137,43.32100762263256,46297.99043750968,C
2005-04-01,XLF,sell,3003.4507768175995,14.93727970123291,38.07832222292621,44863.38432220974,C
2005-04-01,XLE,buy,5667.567470275021,12.063055038452148,64.10181868631841,68368.17832806859,C
2005-04-01,XLB,buy,7207.5389271633485,9.485648155212402,73.83315785018665,68368.17832806859,C
2005-05-02,XLE,sell,5667.567470275021,11.335366249084473,62.04925354306552,64243.95301696454,B
2005-05-02,XLB,sell,7207.5389271633485,8.908373832702637,71.91507619672582,64207.45117692761,B
2005-05-02,XLU,buy,5847.4374713579555,7.30667781829834,52.588006317848716,42725.341665857704,B
2005-05-02,XLP,buy,3220.0731219078957,13.268438339233398,39.50013559284582,42725.341665857704,B
2005-05-02,XLV,buy,1966.2526545105065,21.729324340820312,32.98735640217127,42725.341665857704,B
2005-06-01,XLU,sell,5847.4374713579555,7.377002239227295,52.28464079247624,43136.55931994923,D
2005-06-01,XLP,sell,3220.0731219078957,13.569073677062988,39.53838528161557,43693.409436698465,D
2005-06-01,XLV,sell,1966.2526545105065,21.967424392700195,32.524403718128745,43193.50652490561,D
2005-06-01,XLI,buy,3189.845762324103,20.34023666381836,50.86297008228205,64882.21772675034,D
2005-06-01,XLF,buy,4121.3855204982065,15.742816925048828,54.16424698182585,64882.217726750336,D
2005-07-01,XLI,sell,3189.845762324103,19.799863815307617,50.460283465939604,63158.511685853344,B
2005-07-01,XLF,sell,4121.3855204982065,15.830925941467285,53.992884301576986,65245.348951242704,B
2005-07-01,XLU,buy,5486.767459443407,7.7868852615356445,49.79307688570106,42724.82866341324,B
2005-07-01,XLP,buy,3221.433665848815,13.262675285339355,39.10142795149298,42724.82866341324,B
2005-07-01,XLV,buy,1962.7849962578996,21.767452239990234,32.438765666339094,42724.82866341324,B
2005-08-01,XLU,sell,5486.767459443407,7.7868852615356445,50.11773276726348,42724.82866341324,A
2005-08-01,XLP,sell,3221.433665848815,13.570568084716797,39.41860962199235,43716.684892800164,A
2005-08-01,XLV,sell,1962.7849962578996,22.399616241455078,33.36711837965251,43965.63068066279,A
2005-08-01,XLK,buy,5377.581170504077,8.069387435913086,50.04767464454661,43393.785932868384,A
2005-08-01,XLY,buy,3246.712288661537,13.36545467376709,39.773605329945795,43393.785932868384,A
2005-08-01,XLF,buy,2701.6969282155032,16.061677932739258,35.724186229712515,43393.785932868384,A
2005-09-01,XLK,sell,5377.581170504077,7.969764232635498,49.81839053405873,42858.05407077753,B
2005-09-01,XLY,sell,3246.712288661537,12.79457950592041,38.314204949528694,41540.318510128855,B
2005-09-01,XLF,sell,2701.6969282155032,15.83629322052002,35.36971310629968,42784.86474819894,B
2005-09-01,XLU,buy,5245.935091312603,8.065596580505371,48.8080473149888,42311.59613404406,B
2005-09-01,XLP,buy,3161.1991463993454,13.384666442871094,38.149242516025126,42311.59613404406,B
2005-09-01,XLV,buy,1904.4706019347616,22.21698570251465,31.82867705005044,42311.59613404406,B
2005-10-03,XLU,sell,5245.935091312603,8.37027645111084,49.58311020361736,43909.92695886987,A
2005-10-03,XLP,sell,3161.1991463993454,13.5741548538208,38.61282174376482,42910.60673699085,A
2005-10-03,XLV,sell,1904.4706019347616,22.10802459716797,31.699454184979235,42104.082912157,A
2005-10-03,XLK,buy,5364.053213247405,7.996585369110107,49.60618277325923,42894.109444182264,A
2005-10-03,XLY,buy,3426.0926251386913,12.5198335647583,39.93079661156737,42894.109444182264,A
2005-10-03,XLF,buy,2698.3971507943584,15.896143913269043,35.57829298517307,42894.109444182264,A
2005-11-01,XLK,sell,5364.053213247405,7.808835983276367,49.348079094210995,41887.01174781556,C
2005-11-01,XLY,sell,3426.0926251386913,12.3073091506958,39.792538095112356,42165.981116500814,C
2005-11-01,XLF,sell,2698.3971507943584,16.3603515625,36.1673440576501,44146.72604224403,C
2005-11-01,XLE,buy,4714.946581225759,13.569051742553711,57.0546362154797,63977.35412402904,C
2005-11-01,XLB,buy,7259.2814788021315,8.813179969787598,70.73372083409272,63977.354124029036,C
2005-12-01,XLE,sell,4714.946581225759,14.121533393859863,58.201896775706416,66582.27559704495,D
2005-12-01,XLB,sell,7259.2814788021315,9.64190673828125,73.35791130501265,69993.31500554255,D
2005-12-01,XLI,buy,3177.8168894887385,21.449079513549805,52.38577883375331,68161.24714214547,D
2005-12-01,XLF,buy,3941.2902366675216,17.294145584106445,54.67785856063787,68161.24714214547,D
2006-01-03,XLI,sell,3177.8168894887385,21.455873489379883,52.18357445716747,68182.83715328507,B
2006-01-03,XLF,sell,3941.2902366675216,17.49382781982422,55.16651636542608,68948.25278821588,B
2006-01-03,XLU,buy,5737.7026257624575,7.952803611755371,52.9331602603751,45630.822165341946,B
2006-01-03,XLP,buy,3317.633745586862,13.754026412963867,40.668388918987056,45630.822165341946,B
2006-01-03,XLV,buy,2010.4583575748168,22.696725845336914,34.00523281349691,45630.822165341946,B
2006-02-01,XLU,sell,5737.7026257624575,8.012451171875,52.58382358194527,45973.06212766067,A
2006-02-01,XLP,sell,3317.633745586862,13.724684715270996,40.38846872897776,45533.47715892327,A
2006-02-01,XLV,sell,2010.4583575748168,22.852218627929688,34.192197165873914,45943.433929648156,A
2006-02-01,XLK,buy,5455.983469843083,8.38315200805664,51.6164042972982,45738.33878113888,A
2006-02-01,XLY,buy,3532.2331142439866,12.948844909667969,41.95974277099849,45738.33878113888,A
2006-02-01,XLF,buy,2636.6487690450917,17.347148895263672,36.564131877186355,45738.33878113888,A
2006-03-01,XLK,sell,5455.983469843083,8.51817512512207,52.27856499479753,46475.02267589455,B
2006-03-01,XLY,sell,3532.2331142439866,13.096436500549316,42.13677223209775,46259.66668583393,B
2006-03-01,XLF,sell,2636.6487690450917,17.819799423217773,37.14551585946562,46984.552213857576,B
2006-03-01,XLU,buy,5759.014573706117,8.072094917297363,52.87643404750872,46487.312269054586,B
2006-03-01,XLP,buy,3354.1500256615363,13.859640121459961,41.52693684401278,46487.312269054586,B
2006-03-01,XLV,buy,2021.750828096182,22.99359130859375,34.75879416510075,46487.312269054586,B
2006-04-03,XLU,sell,5759.014573706117,7.729576110839844,51.976810533213936,44514.74147089731,A
2006-04-03,XLP,sell,3354.1500256615363,13.967874526977539,41.562201021744684,46850.34670309883,A
2006-04-03,XLV,sell,2021.750828096182,22.664743423461914,34.1554574984626,45822.46378497162,A
2006-04-03,XLK,buy,5312.506129030936,8.591477394104004,50.620483518626386,45642.27631360826,A
2006-04-03,XLY,buy,3503.072402220013,13.029212951660156,41.389378508251426,45642.27631360825,A
2006-04-03,XLF,buy,2563.289055668212,17.806137084960938,36.005051152666404,45642.27631360825,A
2006-06-01,XLK,sell,5312.506129030936,8.016651153564453,49.474576743808576,42588.50838761408,B
2006-06-01,XLY,sell,3503.072402220013,13.223445892333984,42.46234936405054,46322.68836768477,B
2006-06-01,XLF,sell,2563.289055668212,18.057384490966797,36.67125298645913,46286.296039688095,B
2006-06-01,XLU,buy,5587.596412317002,8.050079345703125,51.90913540920536,44980.59447091798,B
2006-06-01,XLP,buy,3176.0279847962793,14.162530899047852,39.98834764894998,44980.59447091798,B
2006-06-01,XLV,buy,2061.358998326602,21.820844650268555,33.97555860861888,44980.59447091798,B
2006-07-03,XLU,sell,5587.596412317002,8.2437162399292,51.90713197901503,46062.559286387805,C
2006-07-03,XLP,sell,3176.0279847962793,14.428118705749512,39.89235364980726,45824.10877742312,C
2006-07-03,XLV,sell,2061.358998326602,21.566129684448242,33.92805806778727,44455.535484115826,C
2006-07-03,XLE,buy,4254.658772852813,15.992789268493652,56.525009762354564,68043.86116358284,C
2006-07-03,XLB,buy,6445.954911343816,10.556056022644043,69.00814151598826,68043.86116358284,C
2006-08-01,XLE,sell,4254.658772852813,16.371976852416992,57.25770577581176,69657.17494407913,D
2006-08-01,XLB,sell,6445.954911343816,9.96130084991455,67.00756863366843,64210.09613688003,D
2006-08-01,XLI,buy,3088.319469825194,21.632478713989258,51.59097884175465,66808.0051929921,D
2006-08-01,XLF,buy,3687.204049410906,18.118879318237305,53.08449879804131,66808.0051929921,D
2007-01-03,XLI,sell,3088.319469825194,24.34613609313965,54.94013482223679,75188.64611145706,A
2007-01-03,XLF,sell,3687.204049410906,20.556066513061523,57.24330455537834,75794.41168692037,A
2007-01-03,XLK,buy,5540.154632821297,9.070391654968262,54.001229791201375,50251.37234877605,A
2007-01-03,XLY,buy,3332.69640401245,15.078292846679688,42.777918952548966,50251.37234877604,A
2007-01-03,XLF,buy,2444.6005911124016,20.556066513061523,37.83998707583055,50251.37234877604,A
2007-03-01,XLK,sell,5540.154632821297,8.96930980682373,54.39392457875824,49691.36327948399,B
2007-03-01,XLY,sell,3332.69640401245,14.898239135742188,43.02769990941762,49651.30799380554,B
2007-03-01,XLF,sell,2444.6005911124016,19.993728637695312,37.45900575838221,48876.680846250914,B
2007-03-01,XLU,buy,4968.7971332921725,9.926785469055176,50.985818155664425,49324.18318144775,B
2007-03-01,XLP,buy,3130.8966150199262,15.754012107849121,41.66966155802431,49324.18318144775,B
2007-03-01,XLV,buy,2050.7115298916383,24.052228927612305,36.2513508376867,49324.18318144775,B
2007-04-02,XLU,sell,4968.7971332921725,10.496820449829102,52.04319485239283,52156.571359793496,A
2007-04-02,XLP,sell,3130.8966150199262,16.08500862121582,42.44587454927092,50360.49904473094,A
2007-04-02,XLV,sell,2050.7115298916383,24.336383819580078,36.225473017588286,49906.902894681174,A
2007-04-02,XLK,buy,5565.585572887047,9.113158226013184,54.90125386310398,50720.061946135895,A
2007-04-02,XLY,buy,3389.360577153522,14.964492797851562,43.815056744468656,50720.061946135895,A
2007-04-02,XLF,buy,2569.8160928854954,19.736845016479492,38.832401575206084,50720.06194613589,A
2007-05-01,XLK,sell,5565.585572887047,9.540823936462402,55.582984112493016,53100.272054230554,D
2007-05-01,XLY,sell,3389.360577153522,15.309588432312012,44.14417564023921,51889.71548492392,D
2007-05-01,XLF,sell,2569.8160928854954,20.732070922851562,40.009990776857,53277.60949638739,D
2007-05-01,XLI,buy,3047.539822064555,25.922439575195312,56.3114934746124,78999.6668904699,D
2007-05-01,XLF,buy,3810.505336608409,20.732070922851562,59.495072303863665,78999.6668904699,D
2007-06-01,XLI,sell,3047.539822064555,27.20367431640625,57.87029513464681,82904.28078572282,A
2007-06-01,XLF,sell,3810.505336608409,21.257640838623047,60.34134712582838,81002.35385927798,A
2007-06-01,XLK,buy,5470.147170080521,9.972375869750977,55.7137377277972,54550.36364289758,A
2007-06-01,XLY,buy,3449.1771635378745,15.815471649169922,45.40276633386548,54550.36364289758,A
2007-06-01,XLF,buy,2566.1532273037997,21.257640838623047,40.54123898688638,54550.36364289758,A
2007-07-02,XLK,sell,5470.147170080521,10.04551887512207,56.77426303764909,54950.466646739456,C
2007-07-02,XLY,sell,3449.1771635378745,15.53305721282959,45.18561755493223,53576.266218419085,C
2007-07-02,XLF,sell,2566.1532273037997,20.513723373413086,39.68510537164322,52641.35743870138,C
2007-07-02,XLE,buy,4058.5540660395745,19.82334327697754,61.71825890412008,80454.11045927546,C
2007-07-02,XLB,buy,5881.9142602738475,13.678218841552734,72.07856787212059,80454.11045927546,C
2007-08-01,XLE,sell,4058.5540660395745,19.430889129638672,60.887455421902324,78861.31408385921,B
2007-08-01,XLB,sell,5881.9142602738475,13.17961311340332,70.46529657353666,77521.3543166192,B
2007-08-01,XLU,buy,5150.0140265652,10.104000091552734,53.0259423991131,52035.742195912644,B
2007-08-01,XLP,buy,3221.263917619542,16.153827667236328,43.830847422367434,52035.742195912644,B
2007-08-01,XLV,buy,2124.83618483874,24.489295959472656,38.280048402530255,52035.742195912644,B
2007-09-04,XLU,sell,5150.0140265652,10.231407165527344,53.260768149993154,52691.89041396551,D
2007-09-04,XLP,sell,3221.263917619542,16.468780517578125,44.49033914322349,53050.2884484701,D
2007-09-04,XLV,sell,2124.83618483874,25.096826553344727,38.65838895285606,53326.64518516859,D
2007-09-04,XLI,buy,2887.7409849222786,27.49594497680664,56.5489609138332,79401.16722869239,D
2007-09-04,XLF,buy,4152.882442894276,19.119531631469727,61.46071563302381,79401.16722869239,D
2007-12-03,XLI,sell,2887.7409849222786,27.216224670410156,56.3784550634115,78593.40743559624,B
2007-12-03,XLF,sell,4152.882442894276,17.41474151611328,58.03829997660637,72321.3742898089,B
2007-12-03,XLU,buy,4444.808714093948,11.298601150512695,48.397559656780714,50220.120850870735,B
2007-12-03,XLP,buy,2835.4285707613494,17.711650848388672,40.663546466513736,50220.120850870735,B
2007-12-03,XLV,buy,1909.3641270894068,26.302013397216797,36.23704259636413,50220.120850870735,B
2008-01-02,XLU,sell,4444.808714093948,11.105022430419922,48.07496952284973,49359.70046893922,C
2008-01-02,XLP,sell,2835.4285707613494,17.380111694335938,40.261187146294716,49280.065261143565,C
2008-01-02,XLV,sell,1909.3641270894068,25.450979232788086,34.951188768553216,48595.18674638304,C
2008-01-02,XLE,buy,1628.697716989088,22.563308715820312,26.928191268301806,36748.80939317653,C
2008-01-02,XLB,buy,2639.5903316468853,13.922163963317871,32.53274124656641,36748.80939317653,C
2008-02-01,XLE,sell,1628.697716989088,20.250215530395508,25.026556355544216,32981.479802892136,B
2008-02-01,XLB,sell,2639.5903316468853,13.794066429138184,32.09472631419427,36410.68438044802,B
2008-02-01,XLU,buy,4480.49092633964,10.61691951751709,47.58871408283014,47569.011563913555,B
2008-02-01,XLP,buy,2828.6432604956813,16.8169002532959,39.024751800077084,47569.011563913555,B
2008-02-01,XLV,buy,1928.6588643570817,24.664295196533203,34.691949971330374,47569.011563913555,B
2008-03-03,XLU,sell,4480.49092633964,10.073408126831055,46.38456361167048,45133.81370958253,C
2008-03-03,XLP,sell,2828.6432604956813,16.774038314819336,39.48035881593548,47447.77043051005,C
2008-03-03,XLV,sell,1928.6588643570817,23.88488006591797,33.70931367800878,46065.78566323845,C
2008-03-03,XLE,buy,1584.0395904815605,21.853769302368164,25.663430907771335,34617.235776201764,C
2008-03-03,XLB,buy,2471.523778801711,14.006434440612793,30.21028531366999,34617.235776201764,C
2008-04-01,XLE,sell,1584.0395904815605,21.475521087646484,25.432684581054847,34018.07562905365,B
2008-04-01,XLB,sell,2471.523778801711,14.016362190246582,30.522775414157945,34641.77244549166,B
2008-04-01,XLU,buy,4438.5033428180095,10.342741012573242,46.15446172019547,45906.29055820726,B
2008-04-01,XLP,buy,2644.9648945130725,17.35610580444336,37.288753495519025,45906.290558207256,B
2008-04-01,XLV,buy,1981.083434022116,23.17231559753418,34.22394025276871,45906.290558207256,B
2008-05-01,XLU,sell,4438.5033428180095,10.722762107849121,46.766127477809476,47593.01545993061,A
2008-05-01,XLP,sell,2644.9648945130725,17.325334548950195,37.26587519673096,45824.90166766774,A
2008-05-01,XLV,sell,1981.083434022116,23.443037033081055,34.32785520613372,46442.612309403856,A
2008-05-01,XLK,buy,4792.740999898354,9.715171813964844,49.088298031041816,46562.30227384617,A
2008-05-01,XLY,buy,3526.734263389646,13.202668190002441,42.66759490442463,46562.30227384617,A
2008-05-01,XLF,buy,2936.8837721846594,15.85432243347168,38.400450537885334,46562.30227384617,A
2008-06-02,XLK,sell,4792.740999898354,9.789602279663086,48.87052555511017,46919.028218439664,C
2008-06-02,XLY,sell,3526.734263389646,12.69853687286377,41.13396862059918,44784.36508444547,C
2008-06-02,XLF,sell,2936.8837721846594,14.05112075805664,35.640580383034056,41266.50853534356,C
2008-06-02,XLE,buy,1347.5041401142844,24.623558044433594,23.619404706063996,33180.34640921866,C
2008-06-02,XLB,buy,2221.4822289602293,14.936129570007324,28.174279341454458,33180.34640921866,C
2008-07-01,XLE,sell,1347.5041401142844,25.35638999938965,24.15757752038926,34167.84050252999,B
2008-07-01,XLB,sell,2221.4822289602293,13.914109230041504,27.08047477095381,30909.9463863487,B
2008-07-01,XLU,buy,3994.980144530869,10.952164649963379,42.99147798302375,43753.680316236576,B
2008-07-01,XLP,buy,2649.063033015236,16.51666259765625,36.55455352190726,43753.680316236576,B
2008-07-01,XLV,buy,1946.4071629285697,22.479202270507812,32.91125373545071,43753.680316236576,B
2008-08-01,XLU,sell,3994.980144530869,9.902726173400879,40.60468214167701,39561.19443946266,A
2008-08-01,XLP,sell,2649.063033015236,16.906097412109375,36.92599976473072,44785.317686973496,A
2008-08-01,XLV,sell,1946.4071629285697,23.309858322143555,33.40102019091929,45370.47520507035,A
2008-08-01,XLK,buy,4973.918660162293,8.682174682617188,47.63150082619863,43184.43066465826,A
2008-08-01,XLY,buy,3837.0505307024155,11.254590034484863,42.277740153693834,43184.43066465826,A
2008-08-01,XLF,buy,3435.10543622203,12.571500778198242,39.49219236043245,43184.43066465826,A
2008-09-02,XLK,sell,4973.918660162293,8.88646125793457,48.05563323276626,44200.535473650045,D
2008-09-02,XLY,sell,3837.0505307024155,12.390010833740234,44.696841072600606,47541.09764501164,D
2008-09-02,XLF,sell,3435.10543622203,12.623806953430176,39.44253155091518,43364.107891545464,D
2008-09-02,XLI,buy,2704.9991367150524,24.928918838500977,49.25228641985575,67432.70393738475,D
2008-09-02,XLF,buy,5341.709057033841,12.623806953430176,61.559200819948245,67432.70393738475,D
2008-10-01,XLI,sell,2704.9991367150524,21.393964767456055,44.21112489283338,57870.65622688088,B
2008-10-01,XLF,sell,5341.709057033841,12.128705978393555,60.75715241826562,64788.01857488535,B
2008-10-01,XLU,buy,4565.8668284553105,8.937015533447266,45.076871544441445,40805.22276955671,B
2008-10-01,XLP,buy,2358.5131819043104,17.30124855041504,33.59413588102459,40805.22276955671,B
2008-10-01,XLV,buy,1826.733788091301,22.337804794311523,30.56049006794528,40805.22276955671,B
2008-11-03,XLU,sell,4565.8668284553105,7.889096260070801,43.81139150522249,36020.56292034812,C
2008-11-03,XLP,sell,2358.5131819043104,15.241280555725098,31.69189974107092,35946.7610997795,C
2008-11-03,XLV,sell,1826.733788091301,19.790185928344727,29.812511301957944,36151.40130791632,C
2008-11-03,XLE,buy,1891.624986282756,14.260824203491211,23.86595094257409,26976.131388309856,C
2008-11-03,XLB,buy,3059.860337544221,8.816131591796875,30.349560261004395,26976.131388309856,C
2008-12-01,XLE,sell,1891.624986282756,12.863659858703613,22.376537491756164,24333.220403766263,B
2008-12-01,XLB,sell,3059.860337544221,7.240846157073975,27.57907693321111,22155.977966290146,B
2008-12-01,XLU,buy,4401.397799903877,7.594703197479248,40.73819796943962,33427.3099443081,B
2008-12-01,XLP,buy,2361.9922791948834,14.152167320251465,30.092070925846752,33427.3099443081,B
2008-12-01,XLV,buy,1914.8676996562747,17.45672035217285,27.735837861706475,33427.3099443081,B
2009-01-02,XLU,sell,4401.397799903877,8.125528335571289,41.05794081396132,35763.682539240086,D
2009-01-02,XLP,sell,2361.9922791948834,15.195680618286133,30.619158671726925,35892.08029750318,D
2009-01-02,XLV,sell,1914.8676996562747,20.1262149810791,29.878838331142923,38539.038983606595,D
2009-01-02,XLI,buy,3154.5652118870044,17.442384719848633,45.67432863311327,55023.14004958395,D
2009-01-02,XLF,buy,7297.960709119777,7.539522647857666,65.7086738079546,55023.14004958395,D
2009-02-02,XLI,sell,3154.5652118870044,14.468277931213379,40.29040425546606,45641.1262377182,C
2009-02-02,XLF,sell,7297.960709119777,5.502781867980957,58.118790270785595,40159.085863381755,C
2009-02-02,XLE,buy,1610.326539492126,13.287254333496094,19.053129410992867,21396.818290210518,C
2009-02-02,XLB,buy,2979.9625429846305,7.180230617523193,26.274116734571592,21396.818290210518,C
2009-04-01,XLE,sell,1610.326539492126,12.54269790649414,18.449965677401853,20197.839315659843,D
2009-04-01,XLB,sell,2979.9625429846305,7.885072231292725,27.501980251929304,23497.21989798056,D
2009-04-01,XLI,buy,3159.3690512344015,13.664905548095703,39.84821079069465,43172.47967669483,D
2009-04-01,XLF,buy,7921.987994330133,5.449702739715576,62.6799727371672,43172.47967669483,D
2009-05-01,XLI,sell,3159.3690512344015,15.956910133361816,42.895904732014955,50413.768028671926,A
2009-05-01,XLF,sell,7921.987994330133,6.4061102867126465,66.58596814475372,50749.12878169235,A
2009-05-01,XLK,buy,4836.105441499547,6.962518215179443,41.93147098683548,33671.47222696902,A
2009-05-01,XLY,buy,3586.6387346227125,9.388030052185059,35.91898198243229,33671.47222696902,A
2009-05-01,XLF,buy,5256.149319940578,6.4061102867126465,43.98198335281367,33671.47222696902,A
2009-07-01,XLK,sell,4836.105441499547,7.318121433258057,42.53176469047364,35391.20688493375,B
2009-07-01,XLY,sell,3586.6387346227125,9.448469161987305,35.61987991980461,33888.24547927186,B
2009-07-01,XLF,sell,5256.149319940578,7.182815074920654,45.64013926883108,37753.948571303124,B
2009-07-01,XLU,buy,4506.050200075021,7.900643348693848,41.039718354556,35600.6955421033,B
2009-07-01,XLP,buy,2393.3814587903767,14.874643325805664,30.620668905793085,35600.6955421033,B
2009-07-01,XLV,buy,1796.25903680362,19.819355010986328,27.503372635730308,35600.6955421033,B
2009-08-03,XLU,sell,4506.050200075021,8.174714088439941,41.8358612618,36835.67205377089,D
2009-08-03,XLP,sell,2393.3814587903767,15.619013786315918,31.31591649798437,37382.25800075979,D
2009-08-03,XLV,sell,1796.25903680362,21.06652069091797,28.521066420807244,37840.92816507184,D
2009-08-03,XLI,buy,3138.654505542764,17.815898895263672,45.08261836502347,55917.95133791368,D
2009-08-03,XLF,buy,6932.933193128315,8.06555461883545,63.399843659510125,55917.95133791368,D
2009-11-02,XLI,sell,3138.654505542764,18.7764835357666,46.61995749015605,58932.894647783374,A
2009-11-02,XLF,sell,6932.933193128315,8.593942642211914,65.42522072465391,59581.23020403183,A
2009-11-02,XLK,buy,4736.802454243822,8.325163841247559,44.084900631578265,39434.65651520336,A
2009-11-02,XLY,buy,3568.687382952324,11.050185203552246,38.50657756351428,39434.65651520336,A
2009-11-02,XLF,buy,4588.657169004987,8.593942642211914,43.18288714601836,39434.65651520336,A
2009-12-01,XLK,sell,4736.802454243822,8.875351905822754,45.559003010027766,42040.7886897788,D
2009-12-01,XLY,sell,3568.687382952324,11.862217903137207,39.79670640708039,42332.54736475692,D
2009-12-01,XLF,sell,4588.657169004987,8.89718246459961,43.79400535240294,40826.12010013046,D
2009-12-01,XLI,buy,3044.358254598017,20.52347755432129,47.91838115494557,62480.81830555514,D
2009-12-01,XLF,buy,7022.539838219099,8.89718246459961,67.18171652612428,62480.81830555514,D
2010-01-04,XLI,sell,3044.358254598017,20.92279052734375,48.29283730673947,63696.47005114414,A
2010-01-04,XLF,sell,7022.539838219099,8.94238567352295,67.1598182765981,62798.25964103464,A
2010-01-04,XLK,buy,4487.096122978483,9.37878131866455,44.07300323086334,42083.49329324273,A
2010-01-04,XLY,buy,3419.0267899037462,12.30861759185791,38.721732588006496,42083.49329324273,A
2010-01-04,XLF,buy,4706.070038764442,8.94238567352295,44.927575941497615,42083.49329324273,A
2010-02-01,XLK,sell,4487.096122978483,8.544486045837402,42.25007120086648,38339.93020912076,B
2010-02-01,XLY,sell,3419.0267899037462,12.013211250305176,38.283714167558884,41073.491097566475,B
2010-02-01,XLF,sell,4706.070038764442,8.778024673461914,44.573251645911796,41309.998915314136,B
2010-02-01,XLU,buy,4726.242147766493,8.497254371643066,44.2858438322267,40160.08175155255,B
2010-02-01,XLP,buy,2351.8254703866733,17.07613182067871,32.20058224501571,40160.08175155255,B
2010-02-01,XLV,buy,1682.3774927986497,23.871028900146484,29.092406418339657,40160.08175155255,B
2010-03-01,XLU,sell,4726.242147766493,8.451510429382324,44.382220631523296,39943.88480363483,D
2010-03-01,XLP,sell,2351.8254703866733,17.606529235839844,33.065127488149564,41407.483901955755,D
2010-03-01,XLV,sell,1682.3774927986497,24.05314064025879,29.258590944727523,40466.46244429189,D
2010-03-01,XLI,buy,2816.1198953239445,21.58770751953125,45.58219830190476,60793.57264018628,D
2010-03-01,XLF,buy,6784.50443077875,8.960650444030762,64.97243630777696,60793.57264018628,D
2010-04-01,XLI,sell,2816.1198953239445,23.30744171142578,47.57632319121734,65636.55031264931,A
2010-04-01,XLF,sell,6784.50443077875,9.810847282409668,67.58286074396909,66561.73685720205,A
2010-04-01,XLK,buy,4718.460403819959,9.323735237121582,45.97195888394349,43993.675532059075,A
2010-04-01,XLY,buy,3236.2362161093592,13.594086647033691,38.6145526688032,43993.67553205908,A
2010-04-01,XLF,buy,4484.187172186181,9.810847282409668,44.621677762628394,43993.67553205908,A
2010-05-03,XLK,sell,4718.460403819959,9.5865478515625,46.86756515797878,45233.74644692295,D
2010-05-03,XLY,sell,3236.2362161093592,14.60120677947998,40.68496331724285,47252.95417865462,D
2010-05-03,XLF,sell,4484.187172186181,10.048792839050293,45.364125241155996,45060.66794482568,D
2010-05-03,XLI,buy,2787.65104938042,24.62700653076172,49.450690811497786,68651.50059857636,D
2010-05-03,XLF,buy,6831.815691511915,10.048792839050293,69.26121278388759,68651.50059857636,D
2010-06-01,XLI,sell,2787.65104938042,21.45410919189453,45.19903485556335,59806.5700023069,B
2010-06-01,XLF,sell,6831.815691511915,8.767532348632812,65.04341706000048,59898.16507522797,B
2010-06-01,XLU,buy,4914.11826214302,8.102715492248535,45.41057815038223,39817.70217340769,B
2010-06-01,XLP,buy,2331.6528808926664,17.077028274536133,32.395670156268146,39817.70217340769,B
2010-06-01,XLV,buy,1831.9182732931438,21.735523223876953,29.70580210633332,39817.70217340769,B
2010-08-02,XLU,sell,4914.11826214302,9.036445617675781,47.73905206465617,44406.16243468282,A
2010-08-02,XLP,sell,2331.6528808926664,17.853784561157227,33.11162202098374,41628.82820685926,A
2010-08-02,XLV,sell,1831.9182732931438,22.274494171142578,30.185911151169055,40805.052900477705,A
2010-08-02,XLK,buy,4647.981402909347,9.080808639526367,45.16147013288629,42207.42967989708,A
2010-08-02,XLY,buy,3187.3895660083417,13.242005348205566,37.96031187495189,42207.42967989708,A
2010-08-02,XLF,buy,4577.7818928269335,9.220061302185059,44.49861627265852,42207.429679897075,A
2010-09-01,XLK,sell,4647.981402909347,8.610130310058594,43.88851920649604,40019.72555777843,B
2010-09-01,XLY,sell,3187.3895660083417,12.879096031188965,37.344363776338255,41050.69630943115,B
2010-09-01,XLF,sell,4577.7818928269335,8.608650207519531,43.03887237413585,39408.523041663735,B
2010-09-01,XLU,buy,4367.753525831487,9.176363945007324,42.52468230337374,40080.095975118675,B
2010-09-01,XLP,buy,2273.2285556965276,17.6313533782959,31.925748827264066,40080.095975118675,B
2010-09-01,XLV,buy,1821.9026273584445,21.999032974243164,29.887054136725666,40080.095975118675,B
2010-10-01,XLU,sell,4367.753525831487,9.29111099243164,42.65814784422787,40581.28279608499,A
2010-10-01,XLP,sell,2273.2285556965276,18.40280532836914,32.69841147334725,41833.78257737294,A
2010-10-01,XLV,sell,1821.9026273584445,23.450422286987305,30.953921559062927,42724.38597732719,A
2010-10-01,XLK,buy,4439.698199339358,9.378328323364258,43.48129885310734,41636.9473700536,A
2010-10-01,XLY,buy,3008.6765211821103,13.838957786560059,36.47687772932989,41636.9473700536,A
2010-10-01,XLF,buy,4686.0165493075565,8.885360717773438,44.66972085406747,41636.9473700536,A
2010-12-01,XLK,sell,4439.698199339358,9.960649490356445,45.07363926841372,44222.27760658601,C
2010-12-01,XLY,sell,3008.6765211821103,15.274567604064941,38.65652569814984,45956.232921559065,C
2010-12-01,XLF,sell,4686.0165493075565,9.038558006286621,45.02685323377541,42354.83239933542,C
2010-12-01,XLE,buy,3445.2733311899738,19.2005672454834,51.262668173698074,66151.20227458369,C
2010-12-01,XLB,buy,5044.043255808367,13.114717483520508,59.826676689007776,66151.20227458369,C
2011-01-03,XLE,sell,3445.2733311899738,20.53746223449707,53.06960359439563,70757.170926834,A
2011-01-03,XLB,sell,5044.043255808367,14.161286354064941,61.68686115515885,71430.14092779232,A
2011-01-03,XLK,buy,4545.559382399119,10.40924072265625,46.73310877289942,47315.821830521105,A
2011-01-03,XLY,buy,3003.8566803624117,15.751690864562988,39.04969813524405,47315.821830521105,A
2011-01-03,XLF,buy,4719.97687796524,10.024587631225586,47.5943279839208,47315.821830521105,A
2011-03-01,XLK,sell,4545.559382399119,10.646278381347656,47.64668050647913,48393.29058396775,D
2011-03-01,XLY,sell,3003.8566803624117,16.088775634765625,40.01813494298016,48328.37616934272,D
2011-03-01,XLF,sell,4719.97687796524,10.141438484191895,47.98819193566779,47867.355154692596,D
2011-03-01,XLI,buy,2647.5662279728663,27.259164810180664,50.40345566491709,72170.44415418072,D
2011-03-01,XLF,buy,7116.391256198752,10.141438484191895,72.50884086192069,72170.44415418072,D
2011-04-01,XLI,sell,2647.5662279728663,28.709278106689453,52.26429416365519,76009.71514475178,B
2011-04-01,XLF,sell,7116.391256198752,10.192646980285645,72.5109575548427,72534.86384802537,B
2011-04-01,XLU,buy,5113.347474445637,9.666597366333008,51.07388747552537,49428.67122962173,B
2011-04-01,XLP,buy,2459.1868309507845,20.099599838256836,37.609674144906975,49428.67122962173,B
2011-04-01,XLV,buy,1912.411108680956,25.84625816345215,34.8890490081839,49428.67122962173,B
2011-05-02,XLU,sell,5113.347474445637,9.982597351074219,51.79816083162787,51044.48895352306,D
2011-05-02,XLP,sell,2459.1868309507845,21.095558166503906,38.562381540220514,51877.91883462268,D
2011-05-02,XLV,sell,1912.411108680956,27.648046493530273,36.51545939020539,52874.43124755485,D
2011-05-02,XLI,buy,2662.755498932516,29.208181381225586,53.01887817394692,77774.24558667676,D
2011-05-02,XLF,buy,7733.350238484677,10.056992530822754,78.10126674164304,77774.24558667676,D
2011-06-01,XLI,sell,2662.755498932516,27.514951705932617,50.89305093480376,73265.58895783468,B
2011-06-01,XLF,sell,7733.350238484677,9.440374374389648,75.92877071439146,73005.72141957082,B
2011-06-01,XLU,buy,4824.683940015691,10.087936401367188,49.101536289760475,48671.10474357596,B
2011-06-01,XLP,buy,2276.872388489786,21.376298904418945,36.14770684336803,48671.104743575954,B
2011-06-01,XLV,buy,1759.886827578555,27.65581512451172,33.55725247682455,48671.104743575954,B
2011-07-01,XLU,sell,4824.683940015691,10.300212860107422,49.56776159103223,49695.27156490337,A
2011-07-01,XLP,sell,2276.872388489786,21.182918548583984,36.016142913224726,48230.80235089901,A
2011-07-01,XLV,sell,1759.886827578555,28.064504623413086,34.0508708715262,49390.35200926215,A
2011-07-01,XLK,buy,4558.699739537832,10.75385570526123,48.092908378763376,49023.5992026018,A
2011-07-01,XLY,buy,2852.0998279066957,17.1885986328125,39.48000069195958,49023.5992026018,A
2011-07-01,XLF,buy,5068.447954385557,9.672309875488281,50.244701197394626,49023.5992026018,A
2011-08-01,XLK,sell,4558.699739537832,10.617993354797363,47.79255159192736,48404.24354092917,B
2011-08-01,XLY,sell,2852.0998279066957,16.52652931213379,38.446489307982624,47135.311407031746,B
2011-08-01,XLF,sell,5068.447954385557,9.12773609161377,48.86603842010717,46263.45532171103,B
2011-08-01,XLU,buy,4664.653513028831,10.114760398864746,47.513365516585495,47181.85262800934,B
2011-08-01,XLP,buy,2281.7332282872253,20.678075790405273,35.50748834236781,47181.85262800934,B
2011-08-01,XLV,buy,1802.495930256158,26.175844192504883,33.09639835020684,47181.85262800934,B
2011-11-01,XLU,sell,4664.653513028831,10.479077339172363,48.639309366258466,48881.26492347118,A
2011-11-01,XLP,sell,2281.7332282872253,20.67673110961914,35.71668977465703,47178.784425178186,A
2011-11-01,XLV,sell,1802.495930256158,25.83043670654297,33.14158796218351,46559.25704028298,A
2011-11-01,XLK,buy,4540.484760851482,10.451753616333008,47.58226801909325,47456.02801913439,A
2011-11-01,XLY,buy,2956.1391534338923,16.053380966186523,39.54118335877665,47456.02801913439,A
2011-11-01,XLF,buy,5940.127035802196,7.9890594482421875,54.32581116049024,47456.02801913439,A
2012-01-03,XLK,sell,4540.484760851482,10.713330268859863,47.870215118548174,48643.71282372712,D
2012-01-03,XLY,sell,2956.1391534338923,16.641357421875,40.30454020402663,49194.16824109238,D
2012-01-03,XLF,sell,5940.127035802196,8.340339660644531,55.22804691739935,49542.67710596789,D
2012-01-03,XLI,buy,2773.404807236522,26.523645401000977,52.080497119021,73560.80566057298,D
2012-01-03,XLF,buy,8819.88128225563,8.340339660644531,82.24774072663779,73560.80566057298,D
2012-02-01,XLI,sell,2773.404807236522,28.153974533081055,53.68314258484878,78082.36831286161,A
2012-02-01,XLF,sell,8819.88128225563,8.928038597106934,84.13337167933533,78744.24050987925,A
2012-02-01,XLK,buy,4604.999275385475,11.331806182861328,49.536411617956595,52182.95926088506,A
2012-02-01,XLY,buy,2976.1520075280214,17.533700942993164,41.53507319681336,52182.959260885065,A
2012-02-01,XLF,buy,5844.840240475055,8.928038597106934,55.672724355767265,52182.959260885065,A
2012-05-01,XLK,sell,4604.999275385475,12.459207534790039,52.686221636036535,57374.64166958538,B
2012-05-01,XLY,sell,2976.1520075280214,19.475404739379883,44.75470370687172,57961.76491252618,B
2012-05-01,XLF,sell,5844.840240475055,9.778193473815918,58.35157463323957,57151.97869490984,B
2012-05-01,XLU,buy,5109.789831507165,11.233588218688965,54.94003650801601,57401.274851195565,B
2012-05-01,XLP,buy,2435.69993346263,23.5666446685791,41.66094910608502,57401.27485119556,B
2012-05-01,XLV,buy,1922.5141215293577,29.85740089416504,39.06701526869861,57401.27485119556,B
2012-07-02,XLU,sell,5109.789831507165,11.774699211120605,56.347328925204664,60166.23829803951,A
2012-07-02,XLP,sell,2435.69993346263,24.213613510131836,42.524419604922834,58977.09681551795,A
2012-07-02,XLV,sell,1922.5141215293577,30.401033401489258,39.644670598822145,58446.41602344878,A
2012-07-02,XLK,buy,4893.547723157342,12.077011108398438,55.270306987841415,59099.430212049105,A
2012-07-02,XLY,buy,3161.6074582638134,18.692842483520508,46.34404244925487,59099.430212049105,A
2012-07-02,XLF,buy,6366.269131763233,9.283212661743164,62.077426109184124,59099.430212049105,A
2012-08-01,XLK,sell,4893.547723157342,12.189882278442383,55.37514854945342,59651.77066922776,D
2012-08-01,XLY,sell,3161.6074582638134,18.45870018005371,45.9264086825852,58359.16415911341,D
2012-08-01,XLF,sell,6366.269131763233,9.19498062133789,61.7260519319766,58537.721296784526,D
2012-08-01,XLI,buy,3191.5084619954346,27.611778259277344,61.32439973268467,88123.22396522522,D
2012-08-01,XLF,buy,9583.840096489848,9.19498062133789,93.13678913059755,88123.22396522522,D
2012-10-01,XLI,sell,3191.5084619954346,28.673357009887695,62.98161798238689,91511.2615308727,A
2012-10-01,XLF,sell,9583.840096489848,9.91032886505127,96.54741130786194,94979.0071462791,A
2012-10-01,XLK,buy,4806.248981269476,12.911855697631836,55.98726696560305,62057.593293041486,A
2012-10-01,XLY,buy,3106.6725821322057,19.975582122802734,47.4995442836866,62057.5932930415,A
2012-10-01,XLF,buy,6261.910592279871,9.91032886505127,62.93974907893017,62057.59329304149,A
2012-11-01,XLK,sell,4806.248981269476,12.31579303741455,54.49790048139253,59192.76773959939,C
2012-11-01,XLY,sell,3106.6725821322057,19.907222747802734,47.361363016675035,61845.2230969973,C
2012-11-01,XLF,sell,6261.910592279871,10.188782691955566,63.737108735288906,63801.24626119438,C
2012-11-01,XLE,buy,4155.731174127389,22.199857711791992,68.21802589320713,92256.6407540863,C
2012-11-01,XLB,buy,6627.836991974213,13.919569969177246,81.51710322248654,92256.6407540863,C
2012-12-03,XLE,sell,4155.731174127389,21.714380264282227,67.32809839227026,90239.12699113418,B
2012-12-03,XLB,sell,6627.836991974213,13.650501251220703,80.42176984948104,90473.29715183085,B
2012-12-03,XLU,buy,5358.665962691139,11.221517562866211,57.605939150678154,60132.36421387199,B
2012-12-03,XLP,buy,2402.1220271720995,25.033018112182617,42.99324637230895,60132.36421387199,B
2012-12-03,XLV,buy,1869.1670989166057,32.17067337036133,40.18900301320493,60132.36421387199,B
2013-01-02,XLU,sell,5358.665962691139,11.49689769744873,58.480883483447165,61608.03436786064,A
2013-01-02,XLP,sell,2402.1220271720995,25.243375778198242,43.20836288932002,60637.66899699264,A
2013-01-02,XLV,sell,1869.1670989166057,32.7633171081543,40.82627403367165,61240.114389933566,A
2013-01-02,XLK,buy,4852.239266179145,12.585067749023438,55.85578294901256,61065.759899336306,A
2013-01-02,XLY,buy,2932.7939995521697,20.821701049804688,46.05909627633911,61065.7598993363,A
2013-01-02,XLF,buy,5684.249767191849,10.742976188659668,59.58132975805268,61065.7598993363,A
2013-03-01,XLK,sell,4852.239266179145,12.530183792114258,55.535012537787466,60799.449808538295,D
2013-03-01,XLY,sell,2932.7939995521697,21.94812774658203,47.7098406671754,64369.33735658026,D
2013-03-01,XLF,sell,5684.249767191849,11.233318328857422,60.98331441196348,63852.98709559973,D
2013-03-01,XLI,buy,2931.3845023508898,32.189186096191406,63.28186034416893,94358.88126566423,D
2013-03-01,XLF,buy,8399.911629252456,11.233318328857422,90.32073853103006,94358.88126566423,D
2013-04-01,XLI,sell,2931.3845023508898,32.60553741455078,63.55781204211597,95579.36706783625,A
2013-04-01,XLF,sell,8399.911629252456,11.577889442443848,91.38670644353603,97253.24816978331,A
2013-04-01,XLK,buy,5034.352964359722,12.74674129486084,57.96514510010918,64171.59482370915,A
2013-04-01,XLY,buy,2829.1598398363963,22.682209014892578,46.98350954514345,64171.59482370915,A
2013-04-01,XLF,buy,5542.598687154495,11.577889442443848,60.20642552400756,64171.59482370915,A
2013-05-01,XLK,sell,5034.352964359722,12.941737174987793,58.87694305901838,65153.27291086421,D
2013-05-01,XLY,sell,2829.1598398363963,23.423912048339844,48.33928746587893,66269.99125902298,D
2013-05-01,XLF,sell,5542.598687154495,11.814310073852539,61.129778427705155,65481.979504971205,D
2013-05-01,XLI,buy,3039.6534583268326,32.336769104003906,65.98197041429952,98292.57203810175,D
2013-05-01,XLF,buy,8319.789426861507,11.814310073852539,91.98806816160791,98292.57203810175,D
2013-06-03,XLI,sell,3039.6534583268326,34.57370376586914,68.87042249640223,105092.07821909156,A
2013-06-03,XLF,sell,8319.789426861507,12.689674377441406,95.44490911792664,105575.41871575238,A
2013-06-03,XLK,buy,5198.010304547478,13.488570213317871,61.698306153270096,70113.72696243846,A
2013-06-03,XLY,buy,2884.3988564408382,24.30791664123535,50.32074370573468,70113.72696243846,A
2013-06-03,XLF,buy,5525.258164786365,12.689674377441406,63.255884019203656,70113.72696243846,A
2013-07-01,XLK,sell,5198.010304547478,13.10081958770752,61.08205993518239,68098.19521492113,C
2013-07-01,XLY,sell,2884.3988564408382,24.567485809326172,51.05044958200442,70862.42797404694,C
2013-07-01,XLF,sell,5525.258164786365,12.516291618347168,62.99016088343289,69155.74245711984,C
2013-07-01,XLE,buy,4226.415479804612,24.580732345581055,74.63770339981927,103888.3876902977,C
2013-07-01,XLB,buy,6962.939616872098,14.920190811157227,89.23908265243867,103888.38769029769,C
2013-08-01,XLE,sell,4226.415479804612,26.10806655883789,77.59891013575127,110343.53665204158,A
2013-08-01,XLB,sell,6962.939616872098,15.775103569030762,91.72652295917923,109841.09360106471,A
2013-08-01,XLK,buy,5363.45001519011,13.66319751739502,64.3896750453391,73281.8769322178,A
2013-08-01,XLY,buy,2809.7163455090463,26.081592559814453,51.4154169357729,73281.8769322178,A
2013-08-01,XLF,buy,5486.527615636789,13.356695175170898,64.65062384147612,73281.8769322178,A
2013-09-03,XLK,sell,5363.45001519011,13.390528678894043,63.787603402418114,71819.43124621786,C
2013-09-03,XLY,sell,2809.7163455090463,25.129865646362305,50.28322627698374,70607.79426703042,C
2013-09-03,XLF,sell,5486.527615636789,12.574028968811035,62.57983782459571,68987.75717719873,C
2013-09-03,XLE,buy,4120.362198599519,25.612457275390625,74.68906081069181,105532.60077076475,C
2013-09-03,XLB,buy,6707.917926810953,15.732542037963867,88.54157422648396,105532.60077076475,C
2013-10-01,XLE,sell,4120.362198599519,26.128969192504883,75.37178698104,107660.81694916851,D
2013-10-01,XLB,sell,6707.917926810953,16.40227508544922,90.91351780565817,110025.11508616946,D
2013-10-01,XLI,buy,2915.602182737096,37.272926330566406,70.3370304536097,108673.02536639839,D
2013-10-01,XLF,buy,8415.494812878344,12.913444519042969,97.47721093271618,108673.02536639837,D
2013-12-02,XLI,sell,2915.602182737096,40.058414459228516,74.26727080376547,116794.4006343139,A
2013-12-02,XLF,sell,8415.494812878344,13.82801342010498,101.59315600092455,116369.57520930559,A
2013-12-02,XLK,buy,5242.543855948842,14.803874015808105,65.94623023968695,77609.95876581549,A
2013-12-02,XLY,buy,2739.738400334443,28.32750701904297,53.56479264521997,77609.95876581549,A
2013-12-02,XLF,buy,5612.5168820689705,13.82801342010498,67.59243455254445,77609.95876581549,A
2014-02-03,XLK,sell,5242.543855948842,14.666045188903809,65.97972364430743,76887.38509615573,B
2014-02-03,XLY,sell,2739.738400334443,26.646289825439453,51.21206727500566,73003.86346119744,B
2014-02-03,XLF,sell,5612.5168820689705,13.284769058227539,66.15804622312943,74560.99061368956,B
2014-02-03,XLU,buy,5727.917091446882,13.040765762329102,66.89824140834942,74696.42509560019,B
2014-02-03,XLP,buy,2589.926337885242,28.84113883972168,51.06500319028618,74696.42509560019,B
2014-02-03,XLV,buy,1661.577278324438,44.95513153076172,46.75738066642041,74696.42509560019,B
2014-03-03,XLU,sell,5727.917091446882,13.464361190795898,68.04175476338682,77122.74459017393,D
2014-03-03,XLP,sell,2589.926337885242,30.461095809936523,53.40051977156437,78891.99431900038,D
2014-03-03,XLV,sell,1661.577278324438,48.34767150878906,49.388067093261355,80333.39243889772,D
2014-03-03,XLI,buy,2844.620958179743,41.4818115234375,75.00213568155117,118000.03044283229,D
2014-03-03,XLF,buy,8469.795595409429,13.931862831115723,102.69288447269336,118000.03044283229,D
2014-08-01,XLI,sell,2844.620958179743,41.9092903137207,75.2954637922296,119216.04556884921,B
2014-08-01,XLF,sell,8469.795595409429,14.488753318786621,105.14572076769245,122716.77904243267,B
2014-08-01,XLU,buy,5687.966634343251,14.157625198364258,69.91886649664433,80528.09974983314,B
2014-08-01,XLP,buy,2531.2369686536986,31.81373405456543,53.83053409765527,80528.09974983314,B
2014-08-01,XLV,buy,1600.4825400595478,50.31488800048828,49.29430134248533,80528.09974983314,B
2014-09-02,XLU,sell,5687.966634343251,14.663614273071289,71.35468688680027,83406.14872410895,D
2014-09-02,XLP,sell,2531.2369686536986,33.04326248168945,55.21578769588935,83640.3275585801,D
2014-09-02,XLV,sell,1600.4825400595478,52.683719635009766,51.09400344542227,84319.37342122551,D
2014-09-02,XLI,buy,2860.998959918213,43.867958068847656,78.3600917655137,125506.18240870893,D
2014-09-02,XLF,buy,8207.959540188958,15.290789604187012,104.9092908137773,125506.18240870893,D
2014-10-01,XLI,sell,2860.998959918213,42.4078369140625,76.53524979120864,121328.77730351401,C
2014-10-01,XLF,sell,8207.959540188958,14.987320899963379,103.71259290603994,123015.32356272778,C
2014-10-01,XLE,buy,4304.534484951092,28.34025001525879,84.01733483163257,121991.58350281717,C
2014-10-01,XLB,buy,6354.997623935113,19.196165084838867,95.36023403741075,121991.58350281717,C
2014-11-03,XLE,sell,4304.534484951092,27.46868896484375,82.3771114891535,118239.91890556544,D
2014-11-03,XLB,sell,6354.997623935113,19.05344581604004,94.97141351066155,121084.60288871086,D
2014-11-03,XLI,buy,2664.682172870007,44.83928680419922,75.16543221792429,119482.44819135501,D
2014-11-03,XLF,buy,7625.75876878911,15.668270111083984,99.36899643774647,119482.44819135501,D
2015-01-02,XLI,sell,2664.682172870007,46.21139144897461,76.91289715911651,123138.67097760012,B
2015-01-02,XLF,sell,7625.75876878911,16.274791717529297,102.01632186057033,124107.63565016542,B
2015-01-02,XLU,buy,4984.360931086055,16.511272430419922,67.34965612365691,82298.14122470334,B
2015-01-02,XLP,buy,2294.6394683124727,35.86539077758789,53.85516290761772,82298.14122470334,B
2015-01-02,XLV,buy,1442.3634591648554,57.057838439941406,49.53290036609506,82298.14122470334,B
2015-03-02,XLU,sell,4984.360931086055,15.439284324645996,64.71434024684298,76954.96559169485,A
2015-03-02,XLP,sell,2294.6394683124727,37.16352081298828,55.027287893735185,85276.88163893494,A
2015-03-02,XLV,sell,1442.3634591648554,60.59953689575195,51.77644393452461,87406.55766074506,A
2015-03-02,XLK,buy,4366.41373509831,19.030776977539062,64.25927230516524,83096.24598431926,A
2015-03-02,XLY,buy,2447.2169622086476,33.955406188964844,54.52938375987278,83096.24598431926,A
2015-03-02,XLF,buy,5147.454882713042,16.143171310424805,67.95823632920258,83096.24598431926,A
2015-04-01,XLK,sell,4366.41373509831,18.206695556640625,62.79347556476766,79497.96554926899,B
2015-04-01,XLY,sell,2447.2169622086476,33.24518585205078,54.06069696576188,81358.18272891763,B
2015-04-01,XLF,sell,5147.454882713042,15.912786483764648,67.70434346588722,81910.35048342444,B
2015-04-01,XLU,buy,5179.847284455862,15.599445343017578,67.75034268189896,80802.74459904725,B
2015-04-01,XLP,buy,2218.5832542557823,36.420875549316406,52.576135000435485,80802.74459904725,B
2015-04-01,XLV,buy,1350.4196453118363,59.83528518676758,48.19302782006413,80802.74459904725,B
2015-05-01,XLU,sell,5179.847284455862,15.599445343017578,67.37568816771191,80802.74459904725,A
2015-05-01,XLP,sell,2218.5832542557823,36.4283447265625,52.29613185710078,80819.3155906085,A
2015-05-01,XLV,sell,1350.4196453118363,60.593963623046875,48.4628824108949,81827.27886387327,A
2015-05-01,XLK,buy,4273.061675905826,18.963472366333008,62.986740293711534,81032.08701067674,A
2015-05-01,XLY,buy,2394.948844801151,33.83457946777344,53.453530893757595,81032.08701067674,A
2015-05-01,XLF,buy,5039.9581509210475,16.07792854309082,66.2758026687628,81032.08701067674,A
2015-07-01,XLK,sell,4273.061675905826,18.421199798583984,61.79410634311454,78714.92288353333,C
2015-07-01,XLY,sell,2394.948844801151,34.38665771484375,54.16789195994518,82354.28617073763,C
2015-07-01,XLF,sell,5039.9581509210475,16.42023277282715,67.46732628333696,82757.2860034311,C
2015-07-01,XLE,buy,5039.393249654053,24.157238006591797,87.66980118518991,121737.82214070503,C
2015-07-01,XLB,buy,6218.920155031032,19.575395584106445,94.93979248958406,121737.82214070503,C
2015-08-03,XLE,sell,5039.393249654053,22.112661361694336,82.90605497144118,111434.39639800844,D
2015-08-03,XLB,sell,6218.920155031032,18.340360641479492,91.02659865615166,114057.23844383468,D
2015-08-03,XLI,buy,2526.7197256108966,44.54898452758789,70.60392829178247,112562.79796179096,D
2015-08-03,XLF,buy,6738.066012451391,16.70550537109375,91.20109358396778,112562.79796179096,D
2015-09-01,XLI,sell,2526.7197256108966,41.22184753417969,67.00076282829295,104156.05529073671,C
2015-09-01,XLF,sell,6738.066012451391,15.040266036987305,86.34152255795375,101342.30540205113,C
2015-09-01,XLE,buy,2458.128504258134,20.865734100341797,38.8982798488652,51290.655754321124,C
2015-09-01,XLB,buy,3032.7540494355812,16.9122371673584,42.13279644057565,51290.655754321124,C
2015-10-01,XLE,sell,2458.128504258134,20.111164093017578,37.69558846046352,49435.82571085919,D
2015-10-01,XLB,sell,3032.7540494355812,16.33075714111328,41.0028098709647,49527.16985006034,D
2015-10-01,XLI,buy,2435.9832577266716,41.3200569152832,64.28926645902126,100654.96685394306,D
2015-10-01,XLF,buy,6659.797394069051,15.113818168640137,85.19712381453398,100654.96685394306,D
2015-11-02,XLI,sell,2435.9832577266716,45.569915771484375,69.053726477444,111007.55187535053,A
2015-11-02,XLF,sell,6659.797394069051,16.273849487304688,88.88194642425401,108380.54040702371,A
2015-11-02,XLK,buy,3736.359206237035,19.552001953125,56.13529543918741,73053.30249792308,A
2015-11-02,XLY,buy,2012.6683417825304,36.2967414855957,47.186247206939484,73053.30249792308,A
2015-11-02,XLF,buy,4488.999517594921,16.273849487304688,59.74235181265065,73053.30249792308,A
2016-01-04,XLK,sell,3736.359206237035,18.860450744628906,54.99369132120457,70469.41877347435,C
2016-01-04,XLY,sell,2012.6683417825304,34.42155456542969,45.61877246385964,69279.17314878026,C
2016-01-04,XLF,sell,4488.999517594921,15.678120613098145,58.55274110242597,70379.07586899256,C
2016-01-04,XLE,buy,2628.396488227822,19.955766677856445,40.103955224627335,52451.667055971666,C
2016-01-04,XLB,buy,3011.172483032868,17.419017791748047,42.48962406284031,52451.66705597167,C
2016-02-01,XLE,sell,2628.396488227822,18.943090438842773,38.951329777669955,49789.952385636374,B
2016-02-01,XLB,sell,3011.172483032868,15.866220474243164,39.93620787027483,47775.92650177372,B
2016-02-01,XLU,buy,4072.4627541823957,16.55242919921875,54.88323192509857,67409.1514050595,B
2016-02-01,XLP,buy,1738.405550131733,38.776424407958984,43.171203133463976,67409.1514050595,B
2016-02-01,XLV,buy,1200.9509104623035,56.12981414794922,40.54194388814287,67409.1514050595,B
2016-04-01,XLU,sell,4072.4627541823957,18.117246627807617,57.741178138626985,73781.81210008313,D
2016-04-01,XLP,sell,1738.405550131733,41.03435134887695,44.76482427158809,71334.34413094325,D
2016-04-01,XLV,sell,1200.9509104623035,58.00661849975586,41.48873386867178,69663.1013001213,D
2016-04-01,XLI,buy,1528.919414201582,46.77852249145508,44.05097120392527,71520.59120485102,D
2016-04-01,XLRE,buy,3121.2116440133263,22.91436767578125,94.6064028359456,71520.59120485102,D
2016-04-01,XLF,buy,4675.699007605265,15.296235084533691,59.684292000486394,71520.59120485102,D
2016-05-02,XLI,sell,1528.919414201582,47.38286590576172,44.39491859410525,72444.58358382931,C
2016-05-02,XLRE,sell,3121.2116440133263,22.546772003173828,102.53112360667734,70373.24731121982,C
2016-05-02,XLF,sell,4675.699007605265,15.848784446716309,61.12399759357717,74104.14570926121,C
2016-05-02,XLE,buy,4818.297785979243,22.47470474243164,79.91785879684153,108289.82010099557,C
2016-05-02,XLB,buy,5601.548877487237,19.332120895385742,84.34045793162842,108289.82010099557,C
2016-06-01,XLE,sell,4818.297785979243,22.294721603393555,79.15320199796976,107422.60774065476,D
2016-06-01,XLB,sell,5601.548877487237,19.221696853637695,84.11688698619965,107671.2744338942,D
2016-06-01,XLI,buy,1523.4974657700805,46.97996520996094,44.07032597309086,71573.85793934204,D
2016-06-01,XLRE,buy,3165.4777980861154,22.610759735107422,120.6633949993491,71573.85793934204,D
2016-06-01,XLF,buy,4462.917755782122,16.037458419799805,58.7310884357281,71573.85793934204,D
2016-07-01,XLI,sell,1523.4974657700805,47.4246711730957,44.75484177371794,72251.36634719069,B
2016-07-01,XLRE,sell,3165.4777980861154,24.066349029541016,97.70423908787203,76181.49353400341,B
2016-07-01,XLF,sell,4462.917755782122,15.405120849609375,57.6908467400897,68751.78736969105,B
2016-07-01,XLU,buy,3755.1423876307585,19.244535446166992,55.46715355301709,72265.97078416428,B
2016-07-01,XLP,buy,1710.0734112338541,42.25898742675781,45.42797005123493,72265.97078416428,B
2016-07-01,XLV,buy,1178.7515277368018,61.307212829589844,42.93081234547029,72265.97078416428,B
2016-08-01,XLU,sell,3755.1423876307585,19.123533248901367,55.37407671168164,71811.59030421567,D
2016-08-01,XLP,sell,1710.0734112338541,42.15890121459961,45.07422870894673,72094.81601392143,D
2016-08-01,XLV,sell,1178.7515277368018,64.29781341552734,44.2126332685537,75791.14579368869,D
2016-08-01,XLI,buy,1494.4276479532743,48.926998138427734,44.634907047300054,73117.85874942479,D
2016-08-01,XLRE,buy,2931.6365927832394,24.940969467163086,61.330067969930305,73117.85874942479,D
2016-08-01,XLF,buy,4575.312187697003,15.980955123901367,59.93653193555289,73117.85874942479,D
2016-10-03,XLI,sell,1494.4276479532743,49.584754943847656,45.33905107413701,74100.82870507374,A
2016-10-03,XLRE,sell,2931.6365927832394,23.16290855407715,51.43510501318321,67905.23031242448,A
2016-10-03,XLF,sell,4575.312187697003,16.096494674682617,60.3194670269731,73646.48826427528,A
2016-10-03,XLK,buy,3329.844806892195,21.556758880615234,53.367008274393704,71780.66161204384,A
2016-10-03,XLY,buy,1979.8865782002867,36.25493621826172,46.636000238834775,71780.66161204384,A
2016-10-03,XLF,buy,4459.397096247551,16.096494674682617,58.783579416382615,71780.66161204384,A
2016-11-01,XLK,sell,3329.844806892195,21.271682739257812,52.64577214437572,70831.40230317596,C
2016-11-01,XLY,sell,1979.8865782002867,35.149024963378906,45.277507936343945,69591.08276182073,C
2016-11-01,XLF,sell,4459.397096247551,16.47355842590332,59.45114495108545,73462.13860933765,C
2016-11-01,XLE,buy,4609.835450961136,23.164464950561523,77.56257303836327,106784.37173164521,C
2016-11-01,XLB,buy,5560.944445393216,19.202560424804688,82.98585925304909,106784.37173164521,C
2016-12-01,XLE,sell,4609.835450961136,25.182870864868164,83.27068511375991,116088.89086984559,A
2016-12-01,XLB,sell,5560.944445393216,20.640275955200195,87.00748007612617,114779.42792445367,A
2016-12-01,XLK,buy,3650.843710505292,21.049964904785156,57.639563202266054,76850.13197899202,A
2016-12-01,XLY,buy,2070.5335780019395,37.1161003112793,49.45456515828641,76850.13197899202,A
2016-12-01,XLF,buy,4005.0243209325095,19.188430786132812,59.12631713953848,76850.13197899202,A
2017-01-03,XLK,sell,3650.843710505292,22.174556732177734,59.532354770021385,80955.84097891387,D
2017-01-03,XLY,sell,2070.5335780019395,37.331302642822266,49.7744515904165,77295.71563251605,D
2017-01-03,XLF,sell,4005.0243209325095,19.789020538330078,60.11190051723604,79255.5085434449,D
2017-01-03,XLI,buy,1479.3496554550263,53.440277099609375,47.56506100601732,79056.85551472826,D
2017-01-03,XLRE,buy,3491.7071110057586,22.641319274902344,59.95370679439611,79056.85551472826,D
2017-01-03,XLF,buy,3994.98577312607,19.789020538330078,59.96065653568382,79056.85551472826,D
2017-04-03,XLI,sell,1479.3496554550263,55.68169021606445,49.202194446679,82372.68923628845,B
2017-04-03,XLRE,sell,3491.7071110057586,23.369220733642578,60.52027903875114,81598.474214323,B
2017-04-03,XLF,sell,3994.98577312607,20.003149032592773,60.39582658313315,79912.29580292864,B
2017-04-03,XLU,buy,4206.00563595069,19.30149269104004,62.34071394189921,81182.18704077545,B
2017-04-03,XLP,buy,1899.0266568405486,42.749366760253906,50.41715242460054,81182.18704077545,B
2017-04-03,XLV,buy,1268.8351429291938,63.981666564941406,47.41795678673762,81182.18704077545,B
2017-05-01,XLU,sell,4206.00563595069,19.335351943969727,62.16266252328513,81324.5992494268,D
2017-05-01,XLP,sell,1899.0266568405486,43.12594223022461,50.986958506356466,81897.31389656207,D
2017-05-01,XLV,sell,1268.8351429291938,65.05635070800781,48.143249466676004,82545.78404904685,D
2017-05-01,XLI,buy,1442.1867109584161,56.72806930541992,48.76339977150435,81812.46769060464,D
2017-05-01,XLRE,buy,3477.7809700270354,23.524330139160156,60.10388072642973,81812.46769060464,D
2017-05-01,XLF,buy,4089.979410606843,20.003149032592773,61.93740333624164,81812.46769060464,D
2017-07-03,XLI,sell,1442.1867109584161,59.0561637878418,50.43319807876461,85170.01461500907,C
2017-07-03,XLRE,sell,3477.7809700270354,24.205570220947266,60.89767986446264,84181.6714830635,C
2017-07-03,XLF,sell,4089.979410606843,21.224395751953125,64.36569062338103,86807.34162805963,C
2017-07-03,XLE,buy,5624.448081187503,22.742403030395508,93.89116620730599,127913.46508590087,C
2017-07-03,XLB,buy,5622.512384473015,22.750232696533203,94.65419752701092,127913.46508590085,C
2017-08-01,XLE,sell,5624.448081187503,22.893627166748047,93.92355728877652,128764.01738943814,A
2017-08-01,XLB,sell,5622.512384473015,22.91789436340332,94.58307015120448,128856.14488427948,A
2017-08-01,XLK,buy,3258.4728778218314,26.316614151000977,59.79070980865628,85751.97344713888,A
2017-08-01,XLY,buy,2042.7403997420308,41.97888946533203,53.811289801214585,85751.97344713888,A
2017-08-01,XLF,buy,4001.882669663435,21.427907943725586,63.3002864184021,85751.97344713888,A
2017-09-01,XLK,sell,3258.4728778218314,26.92585563659668,61.16158008292025,87737.17030399636,D
2017-09-01,XLY,sell,2042.7403997420308,41.31379699707031,53.390827086839,84393.36219265652,D
2017-09-01,XLF,sell,4001.882669663435,21.00392723083496,62.609085754410785,84055.25237995034,D
2017-09-01,XLI,buy,1444.1490607568821,59.04754638671875,50.640897733534274,85273.45865437831,D
2017-09-01,XLRE,buy,3477.9391975498056,24.518386840820312,62.92221558382028,85273.45865437831,D
2017-09-01,XLF,buy,4059.881645809171,21.00392723083496,63.520664654732656,85273.45865437831,D
2017-10-02,XLI,sell,1444.1490607568821,61.888675689697266,52.37517255832989,89376.4728687636,A
2017-10-02,XLRE,sell,3477.9391975498056,24.093975067138672,61.51484231555408,83797.38031078929,A
2017-10-02,XLF,sell,4059.881645809171,22.206985473632812,66.07113300922849,90157.73273315273,A
2017-10-02,XLK,buy,3221.5137772191197,27.210535049438477,60.69469961894381,87659.1135472698,A
2017-10-02,XLY,buy,2110.090397013342,41.542823791503906,54.992683311268195,87659.1135472698,A
2017-10-02,XLF,buy,3947.3666361132514,22.206985473632812,64.2306461813867,87659.1135472698,A
2017-11-01,XLK,sell,3221.5137772191197,28.943662643432617,63.64054231808714,93242.40796900055,D
2017-11-01,XLY,sell,2110.090397013342,42.3575553894043,55.961893903703945,89378.27086814275,D
2017-11-01,XLF,sell,3947.3666361132514,22.68382453918457,64.94475018682753,89541.37216542423,D
2017-11-01,XLI,buy,1463.9305645530253,61.888675689697266,53.186311755332866,90600.7239418576,D
2017-11-01,XLRE,buy,3719.7724006279986,24.356523513793945,65.59311920788372,90600.7239418576,D
2017-11-01,XLF,buy,3994.0673930602748,22.68382453918457,65.71571199356568,90600.7239418576,D
2018-02-01,XLI,sell,1463.9305645530253,69.27513885498047,58.744342895023586,101413.99313346078,A
2018-02-01,XLRE,sell,3719.7724006279986,24.05643081665039,67.26770582453447,89484.44740939299,A
2018-02-01,XLF,sell,3994.0673930602748,25.680585861206055,71.78610179005932,102569.99062292781,A
2018-02-01,XLK,buy,3090.5425087460367,31.612506866455078,65.07680929440794,97699.79627880538,A
2018-02-01,XLY,buy,1984.1358009509038,49.240478515625,59.731226346228915,97699.79627880538,A
2018-02-01,XLF,buy,3804.4224071380686,25.680585861206055,68.36542930497062,97699.79627880538,A
2018-03-01,XLK,sell,3090.5425087460367,30.934221267700195,64.99139685650604,95603.52580278316,C
2018-03-01,XLY,sell,1984.1358009509038,47.55000686645508,58.63742525777745,94345.67095919482,C
2018-03-01,XLF,sell,3804.4224071380686,24.26909065246582,66.46194718547044,92329.87227910601,C
2018-03-01,XLE,buy,6033.544851174529,23.36007308959961,103.73918275736611,140944.0487128144,C
2018-03-01,XLB,buy,5639.544098144421,24.99209976196289,103.0666057246041,140944.0487128144,C
2018-04-02,XLE,sell,6033.544851174529,23.321636199951172,103.45044071396842,140712.1380151809,B
2018-04-02,XLB,sell,5639.544098144421,23.676349639892578,98.95004006652407,133523.81787725998,B
2018-04-02,XLU,buy,4682.917335463186,19.492055892944336,69.99271850652096,91279.68644488638,B
2018-04-02,XLP,buy,2205.9908191733703,41.378089904785156,57.76661054554258,91279.68644488636,B
2018-04-02,XLV,buy,1314.6051619102782,69.43505859375,53.647660391938615,91279.68644488638,B
2018-05-01,XLU,sell,4682.917335463186,19.98188018798828,71.1251825675475,93573.49312747871,A
2018-05-01,XLP,sell,2205.9908191733703,40.30616760253906,56.57502941717753,88915.0356872643,A
2018-05-01,XLV,sell,1314.6051619102782,71.76559448242188,55.017360298338055,94343.42095415157,A
2018-05-01,XLK,buy,3003.643425637716,30.679201126098633,62.34320795559523,92149.38076622337,A
2018-05-01,XLY,buy,1915.6965969980201,48.1022834777832,56.93994986692715,92149.38076622337,A
2018-05-01,XLF,buy,3908.5865165230475,23.576139450073242,66.41869541392111,92149.38076622337,A
2018-06-01,XLK,sell,3003.643425637716,32.905609130859375,65.28994657328307,98836.71653251017,D
2018-06-01,XLY,sell,1915.6965969980201,49.35302734375,57.614008253745794,94545.42653397212,D
2018-06-01,XLF,sell,3908.5865165230475,23.593305587768555,66.59378216261342,92216.47610056004,D
2018-06-01,XLI,buy,1445.587439754936,65.77030944824219,55.770554623029184,95076.7332471743,D
2018-06-01,XLRE,buy,3930.3545604050205,24.190370559692383,70.42039452251854,95076.7332471743,D
2018-06-01,XLF,buy,4029.818242021364,23.593305587768555,68.67426283310581,95076.7332471743,D
2018-07-02,XLI,sell,1445.587439754936,62.98944854736328,53.474233543074384,91056.75565715815,B
2018-07-02,XLRE,sell,3930.3545604050205,25.019868850708008,71.47723740480058,98336.95563811573,B
2018-07-02,XLF,sell,4029.818242021364,23.040184020996094,67.0793252123572,92847.7538673392,B
2018-07-02,XLU,buy,4577.372929025473,20.525390625,70.77492432620792,93952.36740454823,B
2018-07-02,XLP,buy,2257.974763329615,41.609130859375,59.03876654647876,93952.36740454825,B
2018-07-02,XLV,buy,1280.9548418112047,73.34557342529297,54.02534625599625,93952.36740454825,B
2018-08-01,XLU,sell,4577.372929025473,20.57245635986328,71.0649458633373,94167.80482519612,A
2018-08-01,XLP,sell,2257.974763329615,43.14420700073242,60.79314684515946,97418.53059152272,A
2018-08-01,XLV,sell,1280.9548418112047,77.92748260498047,57.30710131822234,99821.58615300816,A
2018-08-01,XLK,buy,2918.4489427415574,33.24049377441406,64.11237845605025,97010.68391214604,A
2018-08-01,XLY,buy,1886.484030424782,51.424068450927734,58.653046750289455,97010.68391214604,A
2018-08-01,XLF,buy,4025.2076308009473,24.10079002380371,69.35416119728643,97010.68391214604,A
2018-09-04,XLK,sell,2918.4489427415574,34.982418060302734,66.27475155802681,102094.40100263368,D
2018-09-04,XLY,sell,1886.484030424782,54.419761657714844,61.657864883061855,102662.01130680191,D
2018-09-04,XLF,sell,4025.2076308009473,24.54917335510254,70.21109075015286,98815.51991881404,D
2018-09-04,XLI,buy,1495.1144071866888,67.59586334228516,58.86801638183851,101063.5491492731,D
2018-09-04,XLRE,buy,3915.323524264726,25.81231117248535,72.95861585562632,101063.54914927311,D
2018-09-04,XLF,buy,4116.7801329761305,24.54917335510254,71.81621119828665,101063.54914927311,D
2018-10-01,XLI,sell,1495.1144071866888,69.72978973388672,60.33098066998468,104254.0132412325,A
2018-10-01,XLRE,sell,3915.323524264726,25.159631729125977,72.35264969696755,98508.09797088415,A
2018-10-01,XLF,sell,4116.7801329761305,23.98252296447754,70.62244292774339,98730.77407880494,A
2018-10-01,XLK,buy,2844.9247398885245,35.27815628051758,65.12791708993993,100363.69958009818,A
2018-10-01,XLY,buy,1843.6324795541364,54.438018798828125,60.223242380123864,100363.69958009818,A
2018-10-01,XLF,buy,4184.86827798539,23.98252296447754,71.79611541349045,100363.69958009818,A
2018-11-01,XLK,sell,2844.9247398885245,32.677391052246094,62.234854847749965,92964.71823954681,C
2018-11-01,XLY,sell,1843.6324795541364,50.091732025146484,56.91594953261784,92350.74411868215,C
2018-11-01,XLF,sell,4184.86827798539,22.8652400970459,69.80147256771005,95688.01795064696,C
2018-11-01,XLE,buy,2894.217203827325,24.238248825073242,50.531752033771646,70150.75674017443,C
2018-11-01,XLB,buy,3022.565276033895,23.209012985229492,51.430522853124565,70150.75674017443,C
2018-12-03,XLE,sell,2894.217203827325,24.184566497802734,50.525885836087774,69995.38842504664,D
2018-12-03,XLB,sell,3022.565276033895,23.844057083129883,52.36151775204143,72070.21897923842,D
2018-12-03,XLI,buy,1453.3517755049436,64.695556640625,55.3568132660437,94025.40211093299,D
2018-12-03,XLRE,buy,3555.845287181634,26.442489624023438,66.7181745411146,94025.40211093299,D
2018-12-03,XLF,buy,4000.031971922169,23.506162643432617,67.93947516691799,94025.40211093299,D
