ticker,entry_date,exit_date,entry_price,exit_price,shares,pnl,entry_cost,exit_cost,transaction_cost,liquidity_constrained,hold_days,exit_reason,regime_active_at_entry,overnight_gap,weekend_gap,period
IJH,2005-01-05,2005-01-18,9.4858,9.4545,703,-21.99,7.0955,7.0913,14.1868,False,8,HIGH_EXIT,True,True,True,IS
IWM,2005-01-05,2005-01-19,47.111,46.851,141,-36.65,1.0482,1.0464,2.0947,False,9,RSI_EXIT,True,True,True,IS
VB,2005-01-05,2005-01-19,39.6755,39.7199,168,7.46,4.2927,4.301,8.5937,False,9,RSI_EXIT,True,True,True,IS
IJH,2005-01-25,2005-01-28,9.3947,9.4767,708,58.04,7.1122,7.1511,14.2633,False,3,HIGH_EXIT,True,True,False,IS
VB,2005-01-25,2005-01-28,38.8665,39.3305,171,79.34,4.2988,4.3444,8.6432,False,3,RSI_EXIT,True,True,False,IS
IWM,2005-02-23,2005-02-28,46.5605,47.8349,143,182.23,1.0661,1.0769,2.143,False,3,RSI_EXIT,True,True,True,IS
IJH,2005-02-23,2005-02-28,9.6929,9.9206,690,157.08,6.9362,7.0352,13.9714,False,3,RSI_EXIT,True,True,True,IS
VB,2005-02-23,2005-02-28,39.7937,40.6965,168,151.68,4.3876,4.4725,8.8601,False,3,RSI_EXIT,True,True,True,IS
IJR,2005-03-11,2005-04-05,20.5028,20.0871,332,-138.03,5.1353,5.0469,10.1822,False,16,MAX_HOLD,True,True,True,IS
IWM,2005-03-14,2005-04-06,47.307,46.4335,144,-125.79,1.0773,1.0662,2.1435,False,16,HIGH_EXIT,True,True,True,IS
VB,2005-03-14,2005-04-06,40.5095,39.8182,168,-116.14,4.8618,4.4545,9.3163,True,16,MAX_HOLD,True,True,True,IS
IWM,2005-04-15,2005-04-22,44.4335,45.0323,151,90.42,1.1062,1.1158,2.2219,False,5,HIGH_EXIT,False,True,True,IS
IJH,2005-04-15,2005-04-22,9.4629,9.4756,710,9.0,7.0659,7.1259,14.1918,False,5,HIGH_EXIT,True,True,True,IS
VB,2005-04-15,2005-04-22,38.29,38.6052,175,55.16,4.5231,4.645,9.168,False,5,HIGH_EXIT,True,True,True,IS
VB,2005-04-29,2005-05-05,37.6948,38.5962,179,161.34,4.6751,5.0453,9.7204,False,4,RSI_EXIT,False,True,True,IS
IJR,2005-04-29,2005-05-05,18.9637,19.4758,356,182.33,5.2488,5.3558,10.6047,False,4,RSI_EXIT,False,True,True,IS
IWM,2005-06-27,2005-06-30,47.2871,48.631,144,193.52,1.0737,1.0848,2.1585,False,3,RSI_EXIT,True,True,False,IS
VB,2005-06-27,2005-06-30,40.8584,41.8297,167,162.21,4.7671,4.8996,9.6666,True,3,RSI_EXIT,True,True,False,IS
IJH,2005-06-27,2005-07-05,10.0857,10.2602,680,118.67,6.9229,7.0053,13.9282,False,5,HIGH_EXIT,True,True,True,IS
IJH,2005-08-08,2005-08-16,10.6129,10.589,658,-15.75,6.8791,6.9104,13.7895,False,6,HIGH_EXIT,True,True,True,IS
IWM,2005-08-08,2005-08-26,50.2403,49.762,138,-66.0,1.0527,1.0486,2.1013,False,14,HIGH_EXIT,True,True,True,IS
IJH,2005-08-19,2005-08-26,10.4983,10.5131,658,9.76,6.8648,6.8832,13.748,False,5,HIGH_EXIT,True,True,True,IS
VB,2005-08-08,2005-08-26,43.4695,42.9032,160,-90.61,4.7862,4.6635,9.4497,False,14,HIGH_EXIT,True,True,True,IS
IJR,2005-08-29,2005-09-01,21.1954,21.8165,327,203.11,5.1754,5.2774,10.4528,False,3,RSI_EXIT,True,True,False,IS
IJH,2005-09-21,2005-09-29,10.4894,10.5034,666,9.31,6.9896,6.9614,13.951,False,6,HIGH_EXIT,True,True,True,IS
IWM,2005-09-22,2005-09-30,49.1016,50.2797,141,166.12,1.0697,1.0747,2.1444,False,6,RSI_EXIT,True,True,True,IS
VB,2005-09-22,2005-09-30,42.433,43.6077,164,192.65,4.912,4.9792,9.8912,True,6,RSI_EXIT,True,True,True,IS
IWM,2005-10-06,2005-10-20,48.81,48.2695,145,-78.37,1.0957,1.0932,2.1889,False,10,HIGH_EXIT,True,True,True,IS
VB,2005-10-06,2005-10-20,42.2859,41.6158,167,-111.9,4.9882,5.0065,9.9947,False,10,HIGH_EXIT,True,True,True,IS
IJR,2005-10-06,2005-10-20,21.1806,21.168,334,-4.21,5.2803,5.2869,10.5672,False,10,HIGH_EXIT,True,True,True,IS
IWM,2005-12-19,2005-12-23,51.7266,52.0487,136,43.81,1.0436,1.0461,2.0897,False,4,HIGH_EXIT,True,True,False,IS
IJH,2005-12-20,2005-12-23,11.0021,11.1982,635,124.54,6.7671,6.8412,13.6082,False,3,RSI_EXIT,True,True,False,IS
IJR,2005-12-19,2005-12-27,22.3566,22.5177,314,50.59,5.1388,5.1632,10.302,False,5,RSI_EXIT,True,True,True,IS
VB,2006-02-14,2006-02-15,46.5583,46.8981,152,51.65,4.6664,4.7003,9.3667,False,1,HIGH_EXIT,True,True,False,IS
IJH,2006-02-14,2006-02-16,11.4235,11.565,621,87.84,6.7452,6.7995,13.5447,False,2,HIGH_EXIT,True,True,False,IS
IJR,2006-02-14,2006-02-16,23.176,23.5808,306,123.85,5.1182,5.1893,10.3075,False,2,HIGH_EXIT,True,True,False,IS
IWM,2006-03-08,2006-03-15,54.625,56.0235,131,183.2,1.0249,1.0355,2.0604,False,5,RSI_EXIT,True,True,True,IS
IJH,2006-03-08,2006-03-15,11.4085,11.6698,628,164.05,6.8084,6.91,13.7184,False,5,RSI_EXIT,True,True,True,IS
VB,2006-03-08,2006-03-15,47.034,48.0946,152,161.21,4.6576,4.7541,9.4117,False,5,RSI_EXIT,True,True,True,IS
IWM,2006-04-12,2006-04-19,56.4119,58.748,129,301.35,1.0225,1.0395,2.062,False,4,RSI_EXIT,True,True,True,IS
IJH,2006-04-12,2006-04-19,11.7758,12.0524,620,171.52,6.819,6.9188,13.7378,False,4,RSI_EXIT,True,True,True,IS
VB,2006-04-12,2006-04-19,48.5216,50.1298,150,241.23,4.7351,4.9632,9.6983,False,4,RSI_EXIT,True,True,True,IS
IWM,2006-05-12,2006-05-26,57.3237,55.6529,130,-217.19,1.0384,1.0258,2.0641,False,10,HIGH_EXIT,True,True,True,IS
VB,2006-05-12,2006-05-26,49.1256,47.604,152,-231.29,5.0725,4.7175,9.79,False,10,HIGH_EXIT,True,True,True,IS
IJR,2006-05-12,2006-05-26,24.7237,24.0244,303,-211.91,5.3333,5.2217,10.555,False,10,HIGH_EXIT,True,True,True,IS
IJH,2006-06-09,2006-06-26,11.2726,11.1596,649,-73.31,7.0332,7.0475,14.0807,False,11,HIGH_EXIT,False,True,True,IS
VB,2006-06-12,2006-06-26,46.1708,45.8569,158,-49.6,4.7621,4.8948,9.6569,False,10,HIGH_EXIT,False,True,True,IS
IWM,2006-06-12,2006-06-27,53.4084,53.352,136,-7.68,1.0577,1.0589,2.1166,False,11,RSI_EXIT,False,True,True,IS
IWM,2006-11-02,2006-11-08,57.0565,58.1952,127,144.61,1.0083,1.0157,2.024,False,4,RSI_EXIT,True,True,True,IS
IJH,2006-11-02,2006-11-08,11.6172,11.821,627,127.8,6.9094,6.976,13.8854,False,4,RSI_EXIT,True,True,True,IS
VB,2006-11-02,2006-11-08,48.7296,49.4471,149,106.91,4.6746,4.7389,9.4135,False,4,RSI_EXIT,True,True,True,IS
IJH,2006-11-28,2006-12-01,11.9503,12.1975,618,152.79,6.8938,6.9704,13.8642,False,3,RSI_EXIT,True,True,False,IS
IWM,2006-11-28,2006-12-05,58.9656,61.1125,125,268.36,1.0051,1.0182,2.0233,False,5,RSI_EXIT,True,True,True,IS
VB,2006-11-28,2006-12-05,50.2626,52.0474,146,260.58,4.7846,4.9184,9.703,False,5,RSI_EXIT,True,True,True,IS
IWM,2006-12-19,2006-12-27,59.6276,60.5756,126,119.45,1.0159,1.0218,2.0376,False,5,HIGH_EXIT,True,True,True,IS
IJH,2006-12-26,2006-12-28,12.0682,12.2664,628,124.53,7.0229,7.0872,14.1101,False,2,HIGH_EXIT,True,True,False,IS
IJR,2006-12-19,2006-12-28,25.0975,25.66,301,169.31,5.3622,5.4393,10.8015,False,6,RSI_EXIT,True,True,True,IS
IWM,2007-01-08,2007-01-12,59.494,60.4906,128,127.56,1.0312,1.0388,2.07,False,4,RSI_EXIT,True,True,False,IS
VB,2007-01-08,2007-01-12,50.6917,51.5601,151,131.14,4.829,4.9353,9.7642,False,4,RSI_EXIT,True,True,False,IS
IJR,2007-01-08,2007-01-12,25.0233,25.3643,306,104.34,5.417,5.4815,10.8985,False,4,RSI_EXIT,True,True,False,IS
IWM,2007-02-28,2007-03-12,60.5919,60.2973,128,-37.7,1.0423,1.0415,2.0838,False,8,HIGH_EXIT,True,True,True,IS
IJH,2007-02-28,2007-03-12,12.6477,12.5987,614,-30.05,7.1137,7.148,14.2617,False,8,HIGH_EXIT,True,True,True,IS
VB,2007-02-28,2007-03-12,52.2588,52.0854,148,-25.66,5.0033,5.067,10.0703,False,8,HIGH_EXIT,True,True,True,IS
IWM,2007-05-01,2007-05-07,62.7377,64.0457,123,160.88,1.0101,1.0186,2.0287,False,4,RSI_EXIT,True,True,True,IS
IWM,2007-06-08,2007-06-15,63.4193,65.2771,122,226.65,1.0061,1.0183,2.0244,False,5,HIGH_EXIT,True,True,True,IS
IJH,2007-06-08,2007-06-15,13.4867,13.8485,577,208.72,6.9056,7.0362,13.9419,False,5,HIGH_EXIT,True,True,True,IS
VB,2007-06-08,2007-06-15,55.4616,56.9037,140,201.89,4.898,5.0079,9.906,False,5,HIGH_EXIT,True,True,True,IS
IJH,2007-06-27,2007-07-03,13.3864,13.745,594,212.97,7.0968,7.2121,14.3089,False,4,RSI_EXIT,True,True,True,IS
VB,2007-06-27,2007-07-03,55.1599,56.8212,144,239.23,4.9565,5.0951,10.0517,False,4,RSI_EXIT,True,True,True,IS
IJR,2007-06-27,2007-07-03,27.0872,27.8753,293,230.91,5.5249,5.6463,11.1712,False,4,HIGH_EXIT,True,True,True,IS
IWM,2007-07-23,2007-07-27,64.906,60.0223,125,-610.47,1.0396,1.01,2.0496,False,4,STOP_LOSS,True,True,False,IS
IJR,2007-07-30,2007-08-03,26.0971,26.3693,298,81.11,5.4717,5.5279,10.9996,False,4,HIGH_EXIT,False,True,False,IS
IJH,2007-07-25,2007-08-09,13.6168,12.9946,594,-369.59,7.1274,6.9739,14.1013,False,11,HIGH_EXIT,True,True,True,IS
VB,2007-07-25,2007-08-09,55.4923,52.8032,145,-389.93,5.1634,4.9607,10.1241,False,11,HIGH_EXIT,True,True,True,IS
IJR,2007-08-06,2007-08-20,25.7028,26.4079,301,212.23,5.4749,5.5756,11.0505,False,10,HIGH_EXIT,False,True,True,IS
IWM,2007-10-22,2007-10-29,61.1043,63.9504,128,364.31,1.0453,1.0629,2.1082,False,5,HIGH_EXIT,False,True,True,IS
IJH,2007-10-22,2007-10-29,13.2333,13.6232,593,231.21,6.9912,7.1176,14.1088,False,5,HIGH_EXIT,True,True,True,IS
VB,2007-10-22,2007-10-29,53.5341,55.7675,146,326.08,5.0127,5.1748,10.1875,False,5,HIGH_EXIT,False,True,True,IS
IJH,2007-11-12,2007-11-29,13.0027,12.9655,623,-23.2,7.307,7.3391,14.6461,False,12,RSI_EXIT,False,True,True,IS
IJH,2008-05-27,2008-05-30,13.1914,13.4148,613,136.95,7.2237,7.2881,14.5119,False,3,HIGH_EXIT,True,True,False,IS
VB,2008-06-12,2008-06-17,50.3763,51.6171,161,199.78,5.139,5.2794,10.4184,False,3,HIGH_EXIT,False,True,True,IS
IJH,2008-06-12,2008-06-18,13.133,13.3028,619,105.09,7.2731,7.3312,14.6043,False,4,HIGH_EXIT,True,True,True,IS
IJH,2008-06-25,2008-07-07,12.9843,11.9886,632,-629.32,7.3658,7.0457,14.4115,False,7,STOP_LOSS,True,True,True,IS
IWM,2008-08-22,2008-08-29,57.0957,58.194,140,153.77,1.1127,1.1217,2.2344,False,5,RSI_EXIT,True,True,True,IS
IWM,2008-09-16,2008-09-22,53.2112,59.0021,149,862.85,1.1582,1.2102,2.3684,False,4,RSI_EXIT,False,True,True,IS
VB,2008-09-05,2008-09-22,48.4894,50.3565,166,309.95,5.1126,5.5845,10.6971,False,11,RSI_EXIT,False,True,True,IS
IJR,2008-09-30,2008-10-06,22.7484,21.0106,369,-641.22,6.2223,5.9054,12.1277,False,4,STOP_LOSS,False,True,True,IS
IJH,2009-06-16,2009-06-29,9.1833,9.0486,896,-120.72,8.7373,8.6702,17.4075,False,9,HIGH_EXIT,True,True,True,IS
VB,2009-06-16,2009-06-29,36.1739,35.8511,227,-73.26,5.6134,5.5846,11.1979,False,9,RSI_EXIT,True,True,True,IS
IWM,2009-06-16,2009-07-02,41.1456,40.5813,199,-112.3,1.434,1.4248,2.8588,False,12,RSI_EXIT,True,True,True,IS
IWM,2009-07-08,2009-07-15,38.7927,40.2462,209,303.8,1.4773,1.4984,2.9757,False,5,HIGH_EXIT,True,True,True,IS
IJH,2009-07-08,2009-07-15,8.6349,8.989,944,334.22,8.9579,9.1709,18.1288,False,5,RSI_EXIT,True,True,True,IS
VB,2009-07-08,2009-07-15,34.111,35.4134,238,309.98,5.7006,5.9261,11.6267,False,5,RSI_EXIT,True,True,True,IS
IJR,2009-08-18,2009-08-24,19.1436,20.1968,438,461.33,6.5164,6.7625,13.2789,False,4,RSI_EXIT,True,True,True,IS
IWM,2009-09-02,2009-09-09,44.401,46.0056,191,306.48,1.4055,1.4211,2.8266,False,4,RSI_EXIT,True,True,True,IS
IJH,2009-09-02,2009-09-09,10.022,10.3778,850,302.42,8.6728,8.8339,17.5067,False,4,RSI_EXIT,True,True,True,IS
VB,2009-09-02,2009-09-09,39.7059,41.2928,214,339.59,5.6143,5.8255,11.4398,False,4,RSI_EXIT,True,True,True,IS
IWM,2009-10-02,2009-10-09,46.2087,48.6485,186,453.8,1.3833,1.4073,2.7906,False,5,RSI_EXIT,True,True,True,IS
IJH,2009-09-28,2009-10-09,10.7164,10.9248,819,170.71,8.6127,8.7366,17.3493,False,9,RSI_EXIT,True,True,True,IS
VB,2009-09-28,2009-10-09,43.1447,43.7908,203,131.15,5.7261,5.8288,11.5549,False,9,RSI_EXIT,True,True,True,IS
IWM,2009-10-28,2009-11-06,46.8565,45.914,191,-180.01,1.4292,1.419,2.8482,False,7,HIGH_EXIT,True,True,True,IS
IJH,2009-10-28,2009-11-06,10.7573,10.6072,834,-125.2,8.8528,8.7902,17.6431,False,7,HIGH_EXIT,True,True,True,IS
VB,2009-10-28,2009-11-06,42.3243,41.5816,212,-157.46,5.9201,5.8124,11.7325,False,7,HIGH_EXIT,True,True,True,IS
IWM,2009-11-30,2009-12-03,46.1048,47.9529,191,352.99,1.42,1.4398,2.8597,False,3,RSI_EXIT,True,True,False,IS
IJH,2010-01-25,2010-02-03,11.4658,11.3461,780,-93.38,8.513,8.4623,16.9753,False,7,HIGH_EXIT,True,True,True,IS
VB,2010-01-25,2010-02-03,45.1977,44.7613,197,-85.98,5.6975,5.6118,11.3093,False,7,HIGH_EXIT,True,True,True,IS
IWM,2010-01-25,2010-02-12,49.8487,48.1637,179,-301.62,1.3603,1.3455,2.7058,False,14,HIGH_EXIT,True,True,True,IS
IJH,2010-02-05,2010-02-12,10.9821,11.0823,800,80.21,8.5394,8.5861,17.1255,False,5,HIGH_EXIT,True,True,True,IS
VB,2010-02-05,2010-02-12,43.2146,43.7902,203,116.86,5.6492,5.7374,11.3866,False,5,HIGH_EXIT,True,True,True,IS
IWM,2010-05-07,2010-05-13,53.6996,57.5068,165,628.18,1.2911,1.3294,2.6206,False,4,RSI_EXIT,True,True,True,IS
IJH,2010-05-07,2010-05-13,12.2296,12.8814,725,472.49,8.2015,8.4931,16.6946,False,4,HIGH_EXIT,True,True,True,IS
VB,2010-05-07,2010-05-13,48.7678,52.1317,181,608.88,5.5488,5.9693,11.5181,False,4,HIGH_EXIT,True,True,True,IS
IWM,2010-05-21,2010-05-28,50.7698,53.8448,183,562.73,1.4115,1.4423,2.8538,False,5,RSI_EXIT,True,True,True,IS
IJH,2010-05-21,2010-05-28,11.5071,12.1784,811,544.46,8.9356,9.2461,18.1816,False,5,RSI_EXIT,True,True,True,IS
VB,2010-05-21,2010-05-28,46.0107,48.7924,202,561.89,6.0536,6.3834,12.437,False,5,RSI_EXIT,True,True,True,IS
IJH,2010-06-25,2010-07-08,11.7357,11.5976,833,-115.04,9.2747,9.1961,18.4708,False,8,HIGH_EXIT,True,True,True,IS
IWM,2010-06-25,2010-07-09,51.3413,50.0413,190,-247.0,1.4694,1.4516,2.921,False,9,HIGH_EXIT,False,True,True,IS
VB,2010-06-25,2010-07-09,46.667,45.7069,209,-200.67,6.421,6.0758,12.4969,False,9,HIGH_EXIT,True,True,True,IS
IWM,2010-08-12,2010-08-19,49.1441,50.5338,195,271.0,1.4868,1.4971,2.9839,False,5,HIGH_EXIT,False,True,True,IS
IJH,2010-08-12,2010-08-19,11.572,11.8341,832,218.05,9.1868,9.269,18.4558,False,5,HIGH_EXIT,False,True,True,IS
VB,2010-08-12,2010-08-19,45.3074,46.4484,212,241.9,6.261,6.3394,12.6004,False,5,HIGH_EXIT,False,True,True,IS
IWM,2010-11-17,2010-11-22,57.3227,58.4157,171,186.91,1.3655,1.3766,2.7421,False,3,HIGH_EXIT,True,True,True,IS
IJH,2010-11-17,2010-11-22,13.2763,13.4773,739,148.53,8.693,8.7821,17.4751,False,3,HIGH_EXIT,True,True,True,IS
VB,2010-11-17,2010-11-22,52.5841,53.427,186,156.78,6.0204,6.1358,12.1562,False,3,HIGH_EXIT,True,True,True,IS
IWM,2011-01-21,2011-01-27,63.6083,64.3317,156,112.84,1.2941,1.3004,2.5944,False,4,HIGH_EXIT,True,True,True,IS
VB,2011-01-21,2011-01-27,58.6066,59.0628,169,77.1,5.9737,6.0326,12.0063,False,4,RSI_EXIT,True,True,True,IS
IJR,2011-01-21,2011-01-27,27.5382,27.9423,361,145.89,6.8872,6.9903,13.8775,False,4,RSI_EXIT,True,True,True,IS
IWM,2011-02-24,2011-03-04,65.0315,67.3159,154,351.8,1.2914,1.3102,2.6016,False,6,RSI_EXIT,True,True,True,IS
IJH,2011-02-24,2011-03-04,15.1231,15.5801,664,303.51,8.4407,8.6245,17.0653,False,6,RSI_EXIT,True,True,True,IS
VB,2011-02-24,2011-03-04,59.9893,62.0406,167,342.57,6.0182,6.2712,12.2894,False,6,RSI_EXIT,True,True,True,IS
IWM,2011-03-16,2011-03-22,63.9906,66.2019,160,353.81,1.334,1.3524,2.6864,False,4,RSI_EXIT,True,True,True,IS
VB,2011-03-16,2011-03-22,59.2543,61.0667,173,313.54,6.2304,6.3834,12.6139,False,4,RSI_EXIT,True,True,True,IS
IJR,2011-03-16,2011-03-22,27.8,28.6259,370,305.59,7.1453,7.3134,14.4586,False,4,RSI_EXIT,True,True,True,IS
IWM,2011-04-13,2011-04-21,67.3594,68.7195,156,212.18,1.3209,1.3333,2.6541,False,6,RSI_EXIT,True,True,True,IS
IJH,2011-04-13,2011-04-21,15.6391,15.8934,675,171.69,8.7384,8.8431,17.5815,False,6,RSI_EXIT,True,True,True,IS
VB,2011-04-13,2011-04-21,62.1522,63.451,169,219.49,6.2848,6.4492,12.734,False,6,RSI_EXIT,True,True,True,IS
IWM,2011-05-05,2011-05-11,67.3513,69.4529,159,334.16,1.3489,1.3679,2.7168,False,4,RSI_EXIT,True,True,True,IS
VB,2011-05-05,2011-05-11,62.3763,64.1935,171,310.75,6.4215,6.6011,13.0226,False,4,RSI_EXIT,True,True,True,IS
IWM,2011-05-24,2011-05-31,66.4956,68.9395,163,398.37,1.3764,1.3988,2.7752,False,4,RSI_EXIT,True,True,True,IS
IJH,2011-05-18,2011-05-31,15.6856,16.0119,695,226.77,9.0532,9.1737,18.227,False,8,HIGH_EXIT,True,True,True,IS
VB,2011-05-18,2011-05-31,61.9927,63.5866,175,278.93,6.5527,6.7185,13.2712,False,8,RSI_EXIT,True,True,True,IS
IWM,2011-06-07,2011-06-22,65.2324,65.3624,170,22.09,1.4295,1.4311,2.8606,False,11,RSI_EXIT,True,True,True,IS
IJH,2011-06-07,2011-06-22,15.2688,15.2799,729,8.11,9.3617,9.3944,18.7561,False,11,RSI_EXIT,True,True,True,IS
VB,2011-06-07,2011-06-22,60.3385,60.4958,184,28.94,6.8125,6.8844,13.6969,False,11,RSI_EXIT,True,True,True,IS
IWM,2011-07-28,2011-08-04,65.3631,60.4449,170,-836.09,1.4299,1.3921,2.822,False,5,STOP_LOSS,True,True,True,IS
IJH,2011-07-28,2011-08-04,15.2653,14.0963,731,-854.59,9.3767,8.9916,18.3684,False,5,STOP_LOSS,True,True,True,IS
VB,2011-07-28,2011-08-04,60.6103,55.9956,184,-849.09,6.831,6.3503,13.1812,False,5,STOP_LOSS,True,True,True,IS
IWM,2012-03-01,2012-03-12,67.1074,67.3873,156,43.66,1.3222,1.3256,2.6478,False,7,RSI_EXIT,True,True,True,IS
VB,2012-03-06,2012-03-12,61.1085,62.8072,169,287.07,6.2028,6.3879,12.5907,False,4,RSI_EXIT,True,True,True,IS
IJR,2012-03-01,2012-03-12,30.3756,30.428,345,18.08,7.0808,7.103,14.1838,False,7,RSI_EXIT,True,True,True,IS
IWM,2012-04-10,2012-04-18,66.1056,66.494,159,61.75,1.342,1.3461,2.6881,False,6,HIGH_EXIT,True,True,True,IS
IJH,2012-04-10,2012-04-18,15.7242,15.8068,672,55.54,8.7485,8.7974,17.5459,False,6,HIGH_EXIT,True,True,True,IS
VB,2012-04-09,2012-04-18,61.8123,62.1421,171,56.39,6.3797,6.465,12.8446,False,7,HIGH_EXIT,True,True,True,IS
IWM,2012-05-07,2012-05-25,65.1462,63.4258,162,-278.7,1.3595,1.3415,2.701,False,14,HIGH_EXIT,True,True,True,IS
IJH,2012-05-07,2012-05-25,15.6317,15.1951,679,-296.42,8.8632,8.7066,17.5698,False,14,HIGH_EXIT,True,True,True,IS
VB,2012-05-07,2012-05-25,61.2292,59.3013,173,-333.52,6.4593,6.2243,12.6836,False,14,HIGH_EXIT,True,True,True,IS
IWM,2012-06-04,2012-06-07,61.2837,64.2197,169,496.18,1.3844,1.4143,2.7987,False,3,HIGH_EXIT,False,True,False,IS
IJH,2012-06-04,2012-06-11,14.5923,15.1837,711,420.47,8.9154,9.176,18.0914,False,5,HIGH_EXIT,False,True,True,IS
VB,2012-06-04,2012-06-11,57.202,59.9726,181,501.48,6.3481,6.6788,13.0269,False,5,RSI_EXIT,False,True,True,IS
IWM,2012-07-24,2012-07-30,64.7965,66.0846,165,212.53,1.3829,1.3922,2.7751,False,4,RSI_EXIT,True,True,True,IS
VB,2012-07-24,2012-07-30,60.4675,61.6081,177,201.88,6.5331,6.6096,13.1426,False,4,RSI_EXIT,True,True,True,IS
IJR,2012-07-24,2012-07-30,29.521,30.0575,364,195.3,7.3461,7.4436,14.7897,False,4,RSI_EXIT,True,True,True,IS
IWM,2012-09-26,2012-10-05,69.9722,70.564,155,91.73,1.3345,1.3364,2.6709,False,7,HIGH_EXIT,True,True,True,IS
IJH,2012-09-26,2012-10-05,16.165,16.3198,675,104.51,8.9134,8.9638,17.8771,False,7,RSI_EXIT,True,True,True,IS
VB,2012-09-26,2012-10-05,65.0128,65.785,167,128.96,6.5046,6.5406,13.0452,False,7,RSI_EXIT,True,True,True,IS
IWM,2012-10-10,2012-10-17,68.9875,69.5962,159,96.77,1.3589,1.3642,2.7231,False,5,HIGH_EXIT,True,True,True,IS
VB,2012-10-10,2012-10-17,64.4617,65.105,170,109.37,6.551,6.6115,13.1625,False,5,HIGH_EXIT,True,True,True,IS
IJR,2012-10-10,2012-10-17,31.289,31.4769,351,65.94,7.3392,7.396,14.7352,False,5,HIGH_EXIT,True,True,True,IS
IWM,2012-10-24,2012-11-02,68.1781,69.154,162,158.08,1.3802,1.3899,2.7701,False,5,RSI_EXIT,True,True,True,IS
IJH,2012-10-25,2012-11-02,16.0424,16.4291,690,266.87,9.0576,9.2346,18.2922,False,4,RSI_EXIT,True,True,True,IS
VB,2012-10-25,2012-11-02,64.0889,65.2181,172,194.22,6.5866,6.7408,13.3274,False,4,RSI_EXIT,True,True,True,IS
IJH,2012-11-15,2012-11-20,15.5194,15.8381,715,227.83,9.2351,9.366,18.6011,False,3,HIGH_EXIT,False,True,True,IS
VB,2012-11-14,2012-11-20,62.4284,62.5305,180,18.37,6.8411,6.8627,13.7038,False,4,HIGH_EXIT,False,True,True,IS
IWM,2012-11-09,2012-11-21,65.8167,66.2504,170,73.72,1.4336,1.4387,2.8723,False,8,HIGH_EXIT,False,True,True,IS
VB,2012-12-31,2013-01-02,65.579,68.2873,172,465.82,6.6721,6.9647,13.6368,False,1,RSI_EXIT,True,True,False,IS
IJH,2012-12-31,2013-01-03,16.4662,17.1521,688,471.89,9.1812,9.456,18.6372,False,2,RSI_EXIT,True,True,False,IS
IJH,2013-02-22,2013-03-06,18.054,18.3507,641,190.23,9.0856,9.1889,18.2745,False,8,RSI_EXIT,True,True,True,IS
IWM,2013-04-03,2013-04-11,78.4489,79.1819,148,108.48,1.3371,1.3449,2.682,False,6,RSI_EXIT,True,True,True,IS
IJH,2013-04-04,2013-04-11,18.4376,18.8552,624,260.58,8.9635,9.1187,18.0822,False,5,RSI_EXIT,True,True,True,IS
IJR,2013-04-03,2013-04-11,35.6141,35.8952,326,91.64,7.5312,7.6045,15.1357,False,6,RSI_EXIT,True,True,True,IS
IWM,2013-04-16,2013-04-24,76.6511,77.8821,153,188.35,1.3783,1.3891,2.7674,False,6,RSI_EXIT,True,True,True,IS
IJH,2013-04-16,2013-04-24,18.4493,18.6838,637,149.39,9.2276,9.333,18.5606,False,6,RSI_EXIT,True,True,True,IS
VB,2013-04-16,2013-04-24,73.168,73.6505,160,77.2,6.8942,6.9674,13.8616,False,6,HIGH_EXIT,True,True,True,IS
IJH,2013-06-05,2013-06-11,19.2752,19.2653,615,-6.1,9.121,9.1395,18.2605,False,4,HIGH_EXIT,True,True,True,IS
VB,2013-06-06,2013-06-11,76.5435,77.5503,154,155.05,6.9059,6.9984,13.9042,False,3,HIGH_EXIT,True,True,True,IS
IWM,2013-06-25,2013-06-28,80.6855,82.1947,147,221.84,1.3522,1.3642,2.7164,False,3,HIGH_EXIT,True,True,False,IS
IJH,2013-06-21,2013-06-28,18.8565,19.124,631,168.81,9.2563,9.3583,18.6146,False,5,RSI_EXIT,True,True,True,IS
VB,2013-06-24,2013-06-28,74.9674,77.4017,158,384.62,6.9888,7.1996,14.1884,False,4,RSI_EXIT,True,True,False,IS
IWM,2013-08-16,2013-08-23,86.3118,87.4626,140,161.12,1.3232,1.3355,2.6586,False,5,HIGH_EXIT,True,True,True,IS
IJH,2013-08-16,2013-08-23,19.9563,20.1361,606,108.95,9.1478,9.221,18.3688,False,5,HIGH_EXIT,True,True,True,IS
VB,2013-08-16,2013-08-23,81.1978,82.0602,149,128.49,6.9846,7.0976,14.0822,False,5,HIGH_EXIT,True,True,True,IS
IJH,2013-09-03,2013-09-10,19.852,20.2501,615,244.84,9.2638,9.4087,18.6725,False,5,RSI_EXIT,True,True,True,IS
IWM,2013-10-09,2013-10-14,88.658,90.9845,138,321.07,1.3189,1.3398,2.6586,False,3,RSI_EXIT,True,True,True,IS
IJH,2013-10-09,2013-10-14,20.3579,20.7555,603,239.75,9.2108,9.3564,18.5672,False,3,RSI_EXIT,True,True,True,IS
VB,2013-10-09,2013-10-14,82.9638,84.7727,147,265.9,7.0084,7.1949,14.2032,False,3,RSI_EXIT,True,True,True,IS
IWM,2013-11-04,2013-11-14,92.8569,93.8827,134,137.45,1.3143,1.3185,2.6328,False,8,RSI_EXIT,True,True,True,IS
IJH,2013-11-08,2013-11-14,21.0325,21.577,591,321.78,9.2764,9.4462,18.7225,False,4,RSI_EXIT,True,True,True,IS
VB,2013-11-08,2013-11-14,86.0011,88.3264,144,334.84,7.1113,7.2656,14.3769,False,4,RSI_EXIT,True,True,True,IS
IWM,2013-12-12,2013-12-19,93.2479,95.795,136,346.4,1.333,1.3531,2.6861,False,5,RSI_EXIT,True,True,True,IS
IJH,2013-12-12,2013-12-19,21.3381,21.7844,595,265.54,9.4103,9.5627,18.9729,False,5,RSI_EXIT,True,True,True,IS
VB,2013-12-12,2013-12-19,87.4615,89.4147,145,283.21,7.2172,7.3858,14.603,False,5,RSI_EXIT,True,True,True,IS
IWM,2014-01-27,2014-02-11,97.0882,94.7987,133,-304.51,1.3343,1.3232,2.6575,False,11,HIGH_EXIT,True,True,True,IS
IJH,2014-01-27,2014-02-11,21.8849,21.8359,591,-28.92,9.5441,9.5224,19.0665,False,11,HIGH_EXIT,True,True,True,IS
VB,2014-01-27,2014-02-11,90.7086,89.786,142,-131.01,7.3636,7.3657,14.7293,False,11,HIGH_EXIT,True,True,True,IS
IJH,2014-03-14,2014-03-19,22.6267,23.0852,566,259.47,9.3142,9.4624,18.7766,False,3,RSI_EXIT,True,True,True,IS
VB,2014-03-14,2014-03-19,93.6596,95.8751,136,301.31,7.2248,7.4017,14.6265,False,3,RSI_EXIT,True,True,True,IS
IJH,2014-03-27,2014-04-01,22.6043,23.0175,574,237.16,9.4602,9.599,19.0593,False,3,RSI_EXIT,True,True,True,IS
VB,2014-03-27,2014-04-01,92.8728,94.4294,139,216.36,7.3402,7.462,14.8022,False,3,HIGH_EXIT,True,True,True,IS
IWM,2014-03-27,2014-04-02,98.1344,101.1766,132,401.56,1.3277,1.3485,2.6761,False,4,RSI_EXIT,True,True,True,IS
IWM,2014-04-08,2014-04-21,96.5091,96.7628,136,34.5,1.3598,1.3646,2.7244,False,8,HIGH_EXIT,True,True,True,IS
IJH,2014-04-08,2014-04-21,22.4104,22.5362,589,74.09,9.6885,9.7677,19.4562,False,8,HIGH_EXIT,True,True,True,IS
VB,2014-04-08,2014-04-21,92.0872,92.4325,143,49.38,7.5393,7.6137,15.153,False,8,HIGH_EXIT,True,True,True,IS
IWM,2014-04-29,2014-05-05,95.32,95.0436,138,-38.15,1.3737,1.3686,2.7423,False,4,HIGH_EXIT,True,True,True,IS
IWM,2014-05-07,2014-05-13,94.302,96.1213,139,252.89,1.3732,1.3844,2.7576,False,4,RSI_EXIT,False,True,True,IS
VB,2014-05-09,2014-05-13,90.6488,92.7587,144,303.82,7.4497,7.6376,15.0873,False,2,RSI_EXIT,True,True,True,IS
IJR,2014-04-29,2014-05-13,44.7364,45.0914,296,105.08,8.2742,8.3145,16.5887,False,10,RSI_EXIT,True,True,True,IS
IWM,2014-07-11,2014-07-23,98.9148,98.7486,135,-22.43,1.3621,1.3639,2.726,False,8,HIGH_EXIT,True,True,True,IS
VB,2014-07-11,2014-07-23,96.1,96.0499,139,-6.96,7.5273,7.5581,15.0854,False,8,HIGH_EXIT,True,True,True,IS
IJR,2014-07-11,2014-07-23,46.1818,46.0236,290,-45.86,8.2791,8.3067,16.5858,False,8,HIGH_EXIT,True,True,True,IS
IWM,2014-08-01,2014-08-11,95.4626,96.9283,139,203.72,1.3807,1.3915,2.7722,False,6,HIGH_EXIT,False,True,True,IS
IJH,2014-07-30,2014-08-11,23.4693,23.1776,570,-166.28,9.5984,9.5282,19.1266,False,8,HIGH_EXIT,True,True,True,IS
VB,2014-08-01,2014-08-11,93.0905,94.0449,142,135.53,7.5436,7.6307,15.1743,False,6,HIGH_EXIT,True,True,True,IS
IJH,2014-09-16,2014-10-08,23.6941,22.4893,567,-683.1,9.5943,9.2965,18.8908,False,16,MAX_HOLD,True,True,True,IS
VB,2014-09-16,2014-10-08,95.707,90.2027,140,-770.61,7.5552,7.2496,14.8048,False,16,MAX_HOLD,True,True,True,IS
IJR,2014-09-16,2014-10-08,45.4411,42.8704,295,-758.35,8.305,8.005,16.3099,False,16,MAX_HOLD,True,True,True,IS
IWM,2014-12-02,2014-12-08,99.0229,100.9657,129,250.62,1.3055,1.3211,2.6265,False,4,HIGH_EXIT,True,True,True,IS
VB,2014-12-02,2014-12-08,96.3423,97.5869,133,165.52,7.2119,7.3248,14.5367,False,4,HIGH_EXIT,True,True,True,IS
VB,2014-12-16,2014-12-18,93.9347,97.6115,136,500.04,7.2543,7.5542,14.8085,False,2,HIGH_EXIT,False,True,False,IS
IJR,2014-12-16,2014-12-18,45.6049,47.4077,282,508.39,7.9947,8.2837,16.2784,False,2,HIGH_EXIT,True,True,False,IS
IJH,2014-12-02,2014-12-19,23.9826,24.3752,535,210.06,9.152,9.3183,18.4703,False,13,RSI_EXIT,True,True,True,IS
IJH,2015-01-06,2015-01-09,24.123,24.5072,550,211.32,9.5042,9.6234,19.1276,False,3,HIGH_EXIT,True,True,False,IS
IJH,2015-01-16,2015-01-22,23.7123,24.3384,555,347.48,9.4791,9.6691,19.1482,False,3,HIGH_EXIT,True,True,True,IS
IWM,2015-01-06,2015-01-23,101.6651,102.1803,130,66.98,1.3396,1.3416,2.6813,False,12,RSI_EXIT,True,True,True,IS
VB,2015-01-06,2015-01-23,97.3268,98.3941,136,145.16,7.5021,7.5871,15.0892,False,12,RSI_EXIT,True,True,True,IS
IJR,2015-03-09,2015-03-13,48.6824,49.4188,277,203.98,8.2352,8.3649,16.6001,False,4,RSI_EXIT,True,True,False,IS
IJH,2015-03-09,2015-03-17,25.1642,25.3854,536,118.58,9.4908,9.5791,19.0699,False,6,RSI_EXIT,True,True,True,IS
VB,2015-03-09,2015-03-17,101.3887,102.2155,133,109.97,7.5421,7.6353,15.1774,False,6,RSI_EXIT,True,True,True,IS
IWM,2015-05-01,2015-05-11,105.3565,106.2718,129,118.07,1.349,1.3542,2.7032,False,6,HIGH_EXIT,True,True,True,IS
IJH,2015-05-01,2015-05-11,25.4657,25.6518,534,99.38,9.5541,9.6204,19.1745,False,6,HIGH_EXIT,True,True,True,IS
VB,2015-05-01,2015-05-11,102.1955,103.0046,133,107.61,7.6265,7.7018,15.3283,False,6,HIGH_EXIT,True,True,True,IS
IJR,2015-05-27,2015-06-04,49.6322,50.3576,275,199.47,8.3533,8.4388,16.7921,False,6,RSI_EXIT,True,True,True,IS
IJH,2015-06-30,2015-07-08,25.6491,25.3599,536,-154.99,9.6468,9.5705,19.2173,False,5,HIGH_EXIT,True,True,True,IS
IWM,2015-06-30,2015-07-13,108.5295,108.6117,126,10.35,1.3383,1.3399,2.6782,False,8,HIGH_EXIT,True,True,True,IS
IJH,2015-07-09,2015-07-14,25.4875,25.6981,534,112.44,9.5567,9.6302,19.187,False,3,RSI_EXIT,True,True,True,IS
VB,2015-06-30,2015-07-14,103.5872,103.8266,132,31.6,7.6888,7.7244,15.4132,False,9,RSI_EXIT,True,True,True,IS
IJH,2015-07-27,2015-07-31,24.9585,25.4941,548,293.52,9.6669,9.8351,19.502,False,4,RSI_EXIT,True,True,False,IS
IWM,2015-07-27,2015-08-03,105.4639,107.097,129,210.67,1.352,1.3593,2.7113,False,5,HIGH_EXIT,True,True,True,IS
IJR,2015-07-24,2015-08-03,49.7015,49.8197,276,32.63,8.3927,8.3937,16.7864,False,6,HIGH_EXIT,True,True,True,IS
IWM,2015-08-07,2015-08-18,104.6019,105.7302,132,148.94,1.3717,1.3804,2.7521,False,7,RSI_EXIT,True,True,True,IS
VB,2015-08-10,2015-08-18,101.3893,102.4114,137,140.03,7.7833,7.8672,15.6505,False,6,RSI_EXIT,False,True,True,IS
IJH,2015-08-21,2015-08-31,24.5181,24.121,569,-225.96,9.9849,9.9365,19.9214,False,6,HIGH_EXIT,False,True,True,IS
IJR,2015-08-21,2015-09-15,47.6157,46.9091,293,-207.04,8.5821,8.5854,17.1675,False,16,MAX_HOLD,False,True,True,IS
IWM,2016-05-05,2016-05-11,97.7666,98.582,141,114.96,1.4234,1.4272,2.8506,False,4,HIGH_EXIT,False,True,True,IS
VB,2016-05-06,2016-05-11,96.1113,97.8392,143,247.09,7.7716,7.8917,15.6633,False,3,RSI_EXIT,True,True,True,IS
IJR,2016-05-06,2016-05-11,48.1375,48.9318,286,227.17,8.4677,8.5761,17.0438,False,3,HIGH_EXIT,True,True,True,IS
IJR,2016-05-16,2016-05-25,48.0814,49.2937,291,352.8,8.5971,8.8232,17.4203,False,7,RSI_EXIT,True,True,True,IS
IJH,2016-06-14,2016-06-21,25.4643,25.7564,553,161.55,9.9205,10.0002,19.9206,False,5,HIGH_EXIT,True,True,True,IS
VB,2016-06-14,2016-06-21,99.0226,100.0437,142,145.0,7.9108,7.9922,15.903,False,5,HIGH_EXIT,True,True,True,IS
IJH,2016-06-28,2016-07-01,24.636,25.7442,575,637.19,10.1504,10.5017,20.6521,False,3,RSI_EXIT,True,True,False,IS
IWM,2016-06-28,2016-07-05,96.4474,101.1498,147,691.26,1.4863,1.527,3.0133,False,4,RSI_EXIT,False,True,True,IS
VB,2016-06-28,2016-07-05,95.6138,99.9907,148,647.78,8.1169,8.4873,16.6042,False,4,RSI_EXIT,False,True,True,IS
IJR,2016-08-03,2016-08-08,51.9597,53.034,283,304.03,8.905,9.0418,17.9469,False,3,RSI_EXIT,True,True,True,IS
IWM,2016-09-12,2016-09-22,106.7405,110.2919,138,490.08,1.4616,1.4897,2.9513,False,8,RSI_EXIT,True,True,True,IS
IJH,2016-09-12,2016-09-22,26.2923,26.8584,562,318.14,10.3183,10.5136,20.8318,False,8,HIGH_EXIT,True,True,True,IS
VB,2016-09-12,2016-09-22,103.4969,106.1739,142,380.13,8.2738,8.4944,16.7682,False,8,RSI_EXIT,True,True,True,IS
VB,2016-10-17,2016-10-20,103.4412,103.9421,145,72.63,8.4064,8.427,16.8334,False,3,HIGH_EXIT,True,True,False,IS
IWM,2016-10-14,2016-10-25,107.6297,108.0075,140,52.89,1.4877,1.4865,2.9742,False,7,HIGH_EXIT,True,True,True,IS
IWM,2016-10-27,2016-11-08,106.53,104.8951,141,-230.52,1.4849,1.4755,2.9604,False,8,RSI_EXIT,True,True,True,IS
VB,2016-10-27,2016-11-08,102.9715,101.5619,146,-205.79,8.4018,8.3379,16.7397,False,8,RSI_EXIT,True,True,True,IS
IJR,2016-10-17,2016-11-08,52.5323,51.4411,287,-313.18,9.1261,8.9806,18.1067,False,16,RSI_EXIT,True,True,True,IS
IWM,2017-03-09,2017-03-16,120.9588,123.0643,123,258.98,1.3857,1.3985,2.7843,False,5,RSI_EXIT,True,True,True,IS
IJH,2017-03-09,2017-03-16,29.7965,30.1608,501,182.55,10.0486,10.1537,20.2023,False,5,RSI_EXIT,True,True,True,IS
VB,2017-03-09,2017-03-16,115.4639,117.2843,129,234.84,8.2334,8.3575,16.5908,False,5,RSI_EXIT,True,True,True,IS
IWM,2017-03-22,2017-03-29,119.071,121.1685,126,264.28,1.4108,1.4201,2.8308,False,5,HIGH_EXIT,True,True,True,IS
IJH,2017-03-22,2017-03-29,29.4021,29.6791,514,142.38,10.2226,10.2912,20.5139,False,5,HIGH_EXIT,True,True,True,IS
VB,2017-03-22,2017-03-29,113.8987,115.4041,132,198.71,8.34,8.4272,16.7671,False,5,HIGH_EXIT,True,True,True,IS
IJR,2017-04-06,2017-04-11,58.8374,59.2394,259,104.1,9.0263,9.0911,18.1174,False,3,HIGH_EXIT,True,True,True,IS
IWM,2017-04-06,2017-04-12,120.1551,122.0079,127,235.3,1.4253,1.4376,2.8629,False,4,RSI_EXIT,True,True,True,IS
IJH,2017-04-17,2017-04-21,29.3917,29.9537,523,293.91,10.3864,10.5322,20.9186,False,4,RSI_EXIT,True,True,False,IS
IWM,2017-05-18,2017-05-25,120.1819,123.3473,128,405.17,1.4384,1.4583,2.8967,False,5,HIGH_EXIT,True,True,True,IS
IJH,2017-05-18,2017-05-25,29.5248,30.251,523,379.81,10.4232,10.6277,21.0509,False,5,RSI_EXIT,True,True,True,IS
VB,2017-05-18,2017-05-25,114.7597,117.6652,134,389.34,8.5049,8.7161,17.2211,False,5,RSI_EXIT,True,True,True,IS
IJR,2017-06-22,2017-06-29,60.5423,61.9892,260,376.2,9.2707,9.4781,18.7488,False,5,RSI_EXIT,True,True,True,IS
IWM,2017-08-03,2017-08-25,125.9658,122.7501,125,-401.96,1.4361,1.4218,2.858,False,16,HIGH_EXIT,True,True,True,IS
VB,2017-08-03,2017-08-25,119.8443,117.2531,132,-342.03,8.6996,8.6019,17.3015,False,16,MAX_HOLD,True,True,True,IS
IJR,2017-08-03,2017-08-25,61.5886,59.4487,257,-549.95,9.3076,9.0629,18.3705,False,16,MAX_HOLD,True,True,True,IS
IJR,2017-10-18,2017-10-19,65.626,65.3124,236,-74.01,9.0024,8.9747,17.9771,False,1,HIGH_EXIT,True,True,False,IS
IWM,2017-11-08,2017-11-17,131.8629,132.3698,117,59.3,1.3751,1.381,2.7561,False,7,RSI_EXIT,True,True,True,IS
VB,2017-11-16,2017-11-17,125.1078,125.7639,123,80.7,8.4415,8.4897,16.9312,False,1,HIGH_EXIT,True,True,False,IS
IJR,2017-11-08,2017-11-17,64.3593,65.0926,240,175.99,9.0102,9.1234,18.1336,False,7,RSI_EXIT,True,True,True,IS
IJH,2018-02-01,2018-02-08,34.438,31.8132,452,-1186.41,10.1242,9.5953,19.7195,False,5,STOP_LOSS,True,True,True,IS
IWM,2018-02-01,2018-02-15,140.5481,137.3561,110,-351.12,1.3493,1.3461,2.6955,False,10,HIGH_EXIT,True,True,True,IS
IJH,2018-02-09,2018-02-15,32.1242,33.3459,460,561.96,9.823,10.1294,19.9525,False,4,HIGH_EXIT,True,True,True,IS
IJR,2018-02-01,2018-02-15,69.284,67.7663,224,-339.95,8.9746,8.8744,17.849,False,10,HIGH_EXIT,True,True,True,IS
IJH,2018-03-23,2018-04-02,33.2242,33.1502,458,-33.88,10.0272,10.0418,20.069,False,5,HIGH_EXIT,True,True,True,IS
IWM,2018-03-23,2018-04-05,138.9098,138.4149,109,-53.94,1.3391,1.3417,2.6808,False,8,HIGH_EXIT,True,True,True,IS
VB,2018-03-23,2018-04-06,131.0314,130.5127,116,-60.16,8.3968,8.4444,16.8411,False,9,HIGH_EXIT,True,True,True,IS
IWM,2018-05-01,2018-05-07,138.4123,141.2641,109,310.85,1.3308,1.3429,2.6737,False,4,RSI_EXIT,True,True,True,IS
IJH,2018-05-01,2018-05-07,33.1213,33.7104,458,269.83,9.9869,10.1215,20.1084,False,4,RSI_EXIT,True,True,True,IS
VB,2018-05-01,2018-05-07,131.0579,133.207,115,247.14,8.311,8.4059,16.7169,False,4,RSI_EXIT,True,True,True,IS
IWM,2018-06-26,2018-07-06,149.466,151.5612,103,215.81,1.3094,1.3208,2.6303,False,7,RSI_EXIT,True,True,True,IS
IJH,2018-06-26,2018-07-06,34.8952,35.0636,441,74.26,9.9782,10.013,19.9913,False,7,RSI_EXIT,True,True,True,IS
VB,2018-06-26,2018-07-06,139.6134,140.9403,110,145.96,8.3638,8.447,16.8108,False,7,RSI_EXIT,True,True,True,IS
IJH,2018-07-31,2018-08-06,35.0734,35.578,442,223.04,10.0398,10.1563,20.1961,False,4,RSI_EXIT,True,True,True,IS
IWM,2018-07-31,2018-08-07,149.3717,152.3963,103,311.53,1.312,1.326,2.638,False,5,HIGH_EXIT,True,True,True,IS
VB,2018-07-31,2018-08-07,140.318,143.649,110,366.41,8.4072,8.5935,17.0006,False,5,RSI_EXIT,True,True,True,IS
IJR,2018-09-10,2018-09-17,79.3664,79.3563,198,-2.01,8.915,8.9095,17.8246,False,5,RSI_EXIT,True,True,True,IS
VB,2018-09-27,2018-10-11,145.0715,134.045,108,-1190.86,8.4736,7.9421,16.4157,False,10,STOP_LOSS,True,True,True,IS
IJR,2018-09-27,2018-10-11,77.4973,71.603,203,-1196.54,8.9372,8.381,17.3182,False,10,STOP_LOSS,True,True,True,IS
IJH,2018-09-27,2018-10-19,35.9403,33.674,438,-992.64,10.1098,9.6733,19.7832,False,16,MAX_HOLD,True,True,True,IS
IJH,2019-03-07,2019-03-14,33.7692,34.0263,197,50.65,4.3338,4.3642,8.698,False,5,HIGH_EXIT,False,True,True,OOS
VB,2019-03-07,2019-03-14,136.6853,138.3182,48,78.38,3.5604,3.6062,7.1666,False,5,HIGH_EXIT,True,True,True,OOS
IJH,2019-05-10,2019-06-04,34.564,33.1249,194,-279.19,4.3557,4.2381,8.5938,False,16,MAX_HOLD,True,True,True,OOS
IWM,2019-05-14,2019-06-05,139.1591,138.0359,47,-52.79,0.5737,0.5723,1.146,False,15,HIGH_EXIT,False,True,True,OOS
VB,2019-05-14,2019-06-05,137.0009,136.7067,48,-14.12,3.5935,3.5922,7.1857,False,15,RSI_EXIT,True,True,True,OOS
IWM,2019-08-06,2019-08-22,136.8377,138.4399,48,76.9,0.5796,0.5867,1.1663,False,12,HIGH_EXIT,False,True,True,OOS
VB,2019-08-05,2019-08-22,137.6273,138.7891,48,55.77,3.6093,3.6664,7.2757,False,13,HIGH_EXIT,True,True,True,OOS
IJH,2019-08-05,2019-08-27,34.0094,33.6613,194,-67.53,4.3077,4.2959,8.6036,False,16,MAX_HOLD,True,True,True,OOS
IWM,2019-09-25,2019-10-14,140.4356,138.2258,47,-103.86,0.5747,0.569,1.1437,False,13,RSI_EXIT,True,True,True,OOS
IJH,2019-09-25,2019-10-14,34.8701,34.656,190,-40.67,4.2973,4.2855,8.5828,False,13,RSI_EXIT,True,True,True,OOS
VB,2019-09-25,2019-10-14,140.2843,138.6971,47,-74.6,3.5859,3.5555,7.1414,False,13,RSI_EXIT,True,True,True,OOS
IJR,2019-11-22,2019-11-26,72.4245,74.1115,90,151.84,3.7302,3.8162,7.5464,False,2,RSI_EXIT,True,True,True,OOS
IJH,2020-01-08,2020-01-14,37.347,37.5183,177,30.32,4.2036,4.2202,8.4238,False,4,RSI_EXIT,True,True,True,OOS
IJR,2020-01-08,2020-01-15,75.6842,76.1518,87,40.69,3.74,3.7629,7.5029,False,5,RSI_EXIT,True,True,True,OOS
IJH,2020-01-28,2020-02-05,37.3269,37.799,178,84.03,4.2315,4.2896,8.5211,False,6,HIGH_EXIT,True,True,True,OOS
IWM,2020-01-27,2020-02-06,150.734,155.3729,43,199.47,0.5453,0.559,1.1043,False,8,RSI_EXIT,True,True,True,OOS
IJR,2020-01-27,2020-02-06,74.6031,76.4148,88,159.43,3.743,3.8412,7.5843,False,8,RSI_EXIT,True,True,True,OOS
IWM,2020-02-25,2020-02-27,150.4288,139.1225,44,-497.48,0.565,0.5397,1.1047,False,2,STOP_LOSS,True,True,False,OOS
IJH,2020-02-25,2020-02-27,37.004,34.1843,182,-513.18,4.3279,4.0746,8.4025,False,2,STOP_LOSS,True,True,False,OOS
VB,2020-02-25,2020-02-27,150.0859,138.6779,44,-501.95,3.593,3.347,6.94,False,2,STOP_LOSS,True,True,False,OOS
VB,2020-06-12,2020-07-06,132.4553,136.5268,47,191.36,3.4551,3.5556,7.0107,False,15,HIGH_EXIT,False,True,True,OOS
IJH,2020-06-12,2020-07-07,32.7781,32.7104,193,-13.08,4.2001,4.1954,8.3956,False,16,RSI_EXIT,False,True,True,OOS
IWM,2020-08-24,2020-08-31,145.3119,146.5267,44,53.45,0.5495,0.5509,1.1004,False,5,RSI_EXIT,True,True,True,OOS
IJH,2020-08-21,2020-08-31,35.1402,35.8054,181,120.4,4.1149,4.1757,8.2906,False,6,RSI_EXIT,True,True,True,OOS
IJR,2020-08-21,2020-08-31,67.5999,68.6015,94,94.15,3.6806,3.7309,7.4115,False,6,HIGH_EXIT,True,True,True,OOS
IWM,2020-09-09,2020-09-15,141.1818,143.9072,45,122.64,0.5535,0.5615,1.115,False,4,HIGH_EXIT,True,True,True,OOS
VB,2020-09-09,2020-09-15,141.6583,144.1204,45,110.79,3.4729,3.5443,7.0172,False,4,HIGH_EXIT,True,True,True,OOS
IJH,2020-09-09,2020-09-16,34.4898,35.0118,187,97.63,4.2017,4.2608,8.4624,False,5,HIGH_EXIT,True,True,True,OOS
IWM,2020-09-22,2020-09-29,138.5901,140.2167,47,76.45,0.5748,0.5805,1.1553,False,5,HIGH_EXIT,True,True,True,OOS
IJH,2020-09-22,2020-09-29,33.7047,34.2431,194,104.45,4.2911,4.3557,8.6468,False,5,RSI_EXIT,True,True,True,OOS
VB,2020-09-22,2020-09-29,139.6828,141.9034,46,102.15,3.5216,3.5951,7.1167,False,5,RSI_EXIT,True,True,True,OOS
IWM,2020-10-29,2020-11-04,142.974,147.6092,46,213.22,0.5719,0.5828,1.1547,False,4,RSI_EXIT,True,True,True,OOS
IJH,2020-10-29,2020-11-04,34.9378,36.1444,189,228.04,4.3003,4.4203,8.7206,False,4,RSI_EXIT,True,True,True,OOS
VB,2020-10-29,2020-11-04,144.5311,150.5844,45,272.4,3.544,3.6883,7.2323,False,4,RSI_EXIT,True,True,True,OOS
IWM,2021-02-01,2021-02-03,195.4277,200.5883,34,175.46,0.5133,0.5222,1.0355,False,2,RSI_EXIT,True,True,False,OOS
IJH,2021-01-28,2021-02-04,44.1728,44.8805,154,108.98,4.2127,4.267,8.4797,False,5,HIGH_EXIT,True,True,True,OOS
VB,2021-01-28,2021-02-04,187.9252,191.8346,36,140.74,3.6114,3.6849,7.2963,False,5,HIGH_EXIT,True,True,True,OOS
IJH,2021-03-24,2021-03-29,47.3759,48.476,146,160.62,4.2369,4.3218,8.5587,False,3,RSI_EXIT,True,True,True,OOS
IWM,2021-03-24,2021-04-01,206.402,209.1473,33,90.6,0.5194,0.523,1.0424,False,6,HIGH_EXIT,True,True,True,OOS
VB,2021-03-24,2021-04-05,196.7753,203.5981,35,238.8,3.6982,3.8151,7.5132,False,7,RSI_EXIT,True,True,True,OOS
IWM,2021-04-21,2021-04-26,204.1189,213.4734,34,318.05,0.5282,0.5439,1.0721,False,3,RSI_EXIT,True,True,True,OOS
IJR,2021-04-21,2021-04-26,98.9568,103.0226,71,288.67,3.9078,4.0516,7.9593,False,3,HIGH_EXIT,True,True,True,OOS
IWM,2021-05-13,2021-05-18,200.6295,208.1975,35,264.88,0.5378,0.5519,1.0897,False,3,HIGH_EXIT,True,True,True,OOS
VB,2021-05-13,2021-05-25,197.5811,204.536,36,250.38,3.7948,3.9268,7.7216,False,8,HIGH_EXIT,True,True,True,OOS
IJH,2021-05-13,2021-05-27,48.9931,50.5982,147,235.95,4.3727,4.4974,8.8701,False,10,HIGH_EXIT,True,True,True,OOS
IJH,2021-06-18,2021-06-25,48.928,50.4016,151,222.52,4.4771,4.6002,9.0774,False,5,HIGH_EXIT,True,True,True,OOS
VB,2021-06-18,2021-06-25,204.8003,210.7946,36,215.79,3.9165,4.0321,7.9486,False,5,RSI_EXIT,True,True,True,OOS
IJR,2021-06-18,2021-06-25,102.455,105.832,72,243.14,4.0897,4.2154,8.3051,False,5,RSI_EXIT,True,True,True,OOS
IJH,2021-07-09,2021-07-13,49.826,50.2263,153,61.24,4.6198,4.6562,9.2759,False,2,HIGH_EXIT,True,True,True,OOS
IWM,2021-07-08,2021-07-22,206.5825,208.5856,36,72.11,0.5608,0.567,1.1278,False,10,HIGH_EXIT,True,True,True,OOS
VB,2021-07-16,2021-07-22,204.3123,205.1832,37,32.22,4.0261,4.0527,8.0788,False,4,HIGH_EXIT,True,True,True,OOS
IJR,2021-07-07,2021-07-22,102.6033,101.2118,74,-102.97,4.2066,4.1647,8.3713,False,11,HIGH_EXIT,True,True,True,OOS
IWM,2021-08-18,2021-08-24,203.5588,207.5026,37,145.92,0.57,0.5787,1.1488,False,4,HIGH_EXIT,True,True,True,OOS
VB,2021-08-18,2021-08-25,203.7717,207.9192,37,153.46,4.005,4.0943,8.0993,False,5,RSI_EXIT,True,True,True,OOS
IJR,2021-08-18,2021-08-25,100.7496,102.573,75,136.75,4.19,4.2627,8.4527,False,5,RSI_EXIT,True,True,True,OOS
IWM,2021-09-13,2021-09-24,210.2561,210.6819,36,15.33,0.5688,0.5694,1.1382,False,9,RSI_EXIT,True,True,True,OOS
IJH,2021-09-13,2021-09-24,50.47,50.2217,153,-37.99,4.6617,4.6493,9.311,False,9,RSI_EXIT,True,True,True,OOS
VB,2021-09-13,2021-09-24,208.8579,208.9176,37,2.21,4.1166,4.1214,8.238,False,9,RSI_EXIT,True,True,True,OOS
IJR,2021-10-28,2021-11-02,103.9996,107.7909,74,280.56,4.2546,4.4033,8.658,False,3,RSI_EXIT,True,True,True,OOS
IWM,2021-11-19,2021-12-01,220.3977,203.8373,35,-579.61,0.5709,0.5407,1.1116,False,7,STOP_LOSS,True,True,True,OOS
VB,2021-11-22,2021-12-01,218.2455,201.6624,35,-580.41,4.0521,3.7642,7.8162,False,6,STOP_LOSS,True,True,True,OOS
IJR,2021-11-22,2021-12-01,109.6044,101.272,71,-591.6,4.2874,3.9925,8.2799,False,6,STOP_LOSS,True,True,True,OOS
IJH,2021-12-02,2021-12-08,50.0427,52.5313,146,363.32,4.4282,4.6215,9.0497,False,4,HIGH_EXIT,False,True,True,OOS
IJH,2021-12-21,2021-12-23,50.6611,52.1568,146,218.36,4.4816,4.5985,9.0801,False,2,HIGH_EXIT,False,True,False,OOS
IWM,2022-01-06,2022-01-20,206.4257,190.9145,36,-558.4,0.5627,0.5329,1.0957,False,9,STOP_LOSS,False,True,True,OOS
IJH,2022-01-19,2022-01-27,51.2533,47.3518,144,-561.81,4.4481,4.1608,8.6089,False,6,STOP_LOSS,True,True,True,OOS
IJR,2022-01-19,2022-01-27,103.9943,96.0879,71,-561.35,4.0854,3.7995,7.8849,False,6,STOP_LOSS,False,True,True,OOS
IJH,2022-12-07,2022-12-14,47.0926,47.6358,149,80.94,4.313,4.3385,8.6515,False,5,HIGH_EXIT,True,True,True,OOS
IJH,2022-12-16,2023-01-05,45.9122,46.3829,154,72.48,4.3491,4.3881,8.7372,False,12,HIGH_EXIT,False,True,True,OOS
IJH,2023-02-22,2023-03-03,49.6709,50.134,142,65.76,4.2789,4.3049,8.5838,False,7,HIGH_EXIT,True,True,True,OOS
VB,2023-02-22,2023-03-03,188.6308,190.0569,37,52.77,3.7485,3.766,7.5145,False,7,HIGH_EXIT,True,True,True,OOS
IWM,2023-02-22,2023-03-06,180.5795,184.1364,39,138.72,0.5599,0.5651,1.1249,False,8,RSI_EXIT,True,True,True,OOS
IWM,2023-03-10,2023-03-22,173.4268,169.6788,41,-153.67,0.5726,0.5646,1.1372,False,8,HIGH_EXIT,True,True,True,OOS
IJH,2023-03-10,2023-03-22,47.9597,46.9157,149,-155.57,4.3572,4.292,8.6492,False,8,HIGH_EXIT,True,True,True,OOS
VB,2023-03-10,2023-03-22,182.0441,177.2102,39,-188.52,3.8221,3.743,7.5652,False,8,HIGH_EXIT,True,True,True,OOS
VB,2023-04-26,2023-05-16,176.2786,176.663,39,14.99,3.6899,3.7041,7.394,False,14,RSI_EXIT,False,True,True,OOS
IJH,2023-04-26,2023-05-18,46.678,46.918,150,36.0,4.2863,4.316,8.6023,False,16,HIGH_EXIT,False,True,True,OOS
IJH,2023-06-26,2023-06-28,48.3198,49.2648,145,137.04,4.267,4.3417,8.6087,False,2,RSI_EXIT,True,True,False,OOS
VB,2023-06-26,2023-06-29,183.496,188.1372,38,176.37,3.7424,3.8354,7.5777,False,3,RSI_EXIT,True,True,False,OOS
IWM,2023-06-26,2023-06-30,174.5971,182.1349,40,301.51,0.5591,0.5745,1.1336,False,4,RSI_EXIT,True,True,False,OOS
VB,2023-08-10,2023-08-29,195.1803,189.1554,36,-216.9,3.7348,3.6317,7.3665,False,13,HIGH_EXIT,True,True,True,OOS
IJR,2023-08-11,2023-08-29,97.3674,94.8407,73,-184.45,3.9417,3.854,7.7957,False,12,HIGH_EXIT,True,True,True,OOS
IWM,2023-08-10,2023-08-30,186.0146,181.6223,38,-166.91,0.5507,0.542,1.0927,False,14,RSI_EXIT,True,True,True,OOS
IWM,2023-09-14,2023-09-15,178.5545,178.7778,39,8.71,0.5517,0.552,1.1037,False,1,HIGH_EXIT,True,True,False,OOS
IJH,2023-09-14,2023-09-15,49.7443,49.7092,141,-4.95,4.2391,4.2399,8.4791,False,1,HIGH_EXIT,True,True,False,OOS
VB,2023-09-14,2023-09-15,189.1652,188.8959,37,-9.96,3.7387,3.7357,7.4743,False,1,HIGH_EXIT,True,True,False,OOS
IJH,2023-09-21,2023-09-29,48.7298,48.697,144,-4.72,4.2583,4.2584,8.5167,False,6,HIGH_EXIT,True,True,True,OOS
VB,2023-09-21,2023-09-29,184.4287,184.3665,38,-2.36,3.7473,3.7456,7.4928,False,6,HIGH_EXIT,True,True,True,OOS
IJH,2024-01-04,2024-01-22,52.3964,53.3212,134,123.93,4.2094,4.2705,8.4799,False,11,HIGH_EXIT,True,True,True,OOS
IWM,2024-01-04,2024-01-23,189.3486,193.3777,37,149.08,0.5447,0.5507,1.0954,False,12,RSI_EXIT,True,True,True,OOS
VB,2024-01-04,2024-01-23,200.4067,205.2883,35,170.86,3.7367,3.815,7.5516,False,12,RSI_EXIT,True,True,True,OOS
IWM,2024-03-19,2024-03-21,194.9295,202.4563,36,270.97,0.5366,0.5511,1.0877,False,2,RSI_EXIT,True,True,False,OOS
IJR,2024-03-15,2024-03-21,101.2412,104.7777,70,247.55,3.9109,4.0417,7.9526,False,4,RSI_EXIT,True,True,True,OOS
IWM,2024-04-15,2024-04-24,195.0235,193.8198,37,-44.54,0.5555,0.5527,1.1082,False,7,RSI_EXIT,True,True,True,OOS
IJH,2024-04-15,2024-04-24,56.7578,56.282,128,-60.9,4.3039,4.2761,8.5799,False,7,RSI_EXIT,True,True,True,OOS
VB,2024-04-15,2024-04-24,212.18,210.3322,34,-62.83,3.8322,3.8035,7.6357,False,7,RSI_EXIT,True,True,True,OOS
IWM,2024-05-24,2024-06-03,200.3252,202.9747,36,95.38,0.5494,0.5536,1.103,False,5,HIGH_EXIT,True,True,True,OOS
IJH,2024-05-24,2024-06-03,57.79,58.432,125,80.24,4.2654,4.3087,8.5741,False,5,HIGH_EXIT,True,True,True,OOS
VB,2024-05-24,2024-06-13,215.7294,214.2085,33,-50.19,3.7745,3.7556,7.53,False,13,HIGH_EXIT,True,True,True,OOS
IJR,2024-06-12,2024-06-25,105.2459,102.6573,69,-178.62,4.0083,3.9221,7.9304,False,8,HIGH_EXIT,True,True,True,OOS
IWM,2024-08-05,2024-08-14,194.1261,204.6201,37,388.28,0.5574,0.5767,1.134,False,7,HIGH_EXIT,True,True,True,OOS
IJH,2024-08-05,2024-08-14,54.9713,57.8029,131,370.95,4.2963,4.4833,8.7796,False,7,HIGH_EXIT,True,True,True,OOS
VB,2024-08-05,2024-08-14,204.9722,217.4023,35,435.05,3.8373,4.0605,7.8978,False,7,HIGH_EXIT,True,True,True,OOS
IJH,2024-09-06,2024-09-13,58.3108,58.7589,129,57.81,4.4424,4.4733,8.9157,False,5,HIGH_EXIT,True,True,True,OOS
IWM,2024-09-09,2024-09-16,204.1804,213.4472,36,333.61,0.5604,0.5773,1.1377,False,5,RSI_EXIT,True,True,True,OOS
IJR,2024-09-06,2024-09-16,109.0897,111.0927,69,138.21,4.1565,4.2252,8.3817,False,6,RSI_EXIT,True,True,True,OOS
IWM,2024-10-24,2024-10-29,216.9636,217.2364,35,9.55,0.5638,0.5646,1.1283,False,3,HIGH_EXIT,True,True,True,OOS
IJH,2024-10-24,2024-10-30,61.3574,61.2955,125,-7.74,4.4804,4.483,8.9634,False,4,HIGH_EXIT,True,True,True,OOS
IJH,2024-11-01,2024-11-06,60.9948,64.2527,126,410.5,4.4962,4.7225,9.2187,False,3,RSI_EXIT,True,True,True,OOS
VB,2024-10-24,2024-11-06,232.648,244.8931,33,404.09,4.0491,4.2896,8.3387,False,9,RSI_EXIT,True,True,True,OOS
IJH,2024-12-11,2024-12-27,65.0823,61.8114,121,-395.78,4.5654,4.3758,8.9412,False,11,HIGH_EXIT,True,True,True,OOS
VB,2024-12-11,2024-12-27,251.4675,239.3291,31,-376.29,4.091,3.9171,8.008,False,11,HIGH_EXIT,True,True,True,OOS
IJR,2024-12-11,2024-12-27,121.904,114.6095,64,-466.85,4.2492,4.0234,8.2726,False,11,HIGH_EXIT,True,True,True,OOS
