date_entry,date_exit,state,spy_w,iwm_w,shy_w,nav_entry,nav_exit,pnl_pct,pnl_dollar,hold_days,exit_reason,cost_bps
2005-01-04,2005-01-10,neutral,0.5,0.5,0.0,99986.1956,96736.4234,-0.032502,-3249.7722,4,state_change,1.3804
2005-01-10,2005-01-18,iwm_heavy,0.4,0.6,0.0,96733.5455,96924.1937,0.001971,190.6482,5,state_change,0.2975
2005-01-18,2005-01-25,neutral,0.5,0.5,0.0,96921.4739,95884.2585,-0.010702,-1037.2154,5,state_change,0.2806
2005-01-25,2005-01-28,iwm_heavy,0.4,0.6,0.0,95881.586,97088.0033,0.012582,1206.4173,3,state_change,0.2787
2005-01-28,2005-02-11,neutral,0.5,0.5,0.0,97085.2537,98529.8843,0.01488,1444.6306,10,state_change,0.2832
2005-02-11,2005-02-16,iwm_heavy,0.4,0.6,0.0,98527.1471,99762.0811,0.012534,1234.934,3,state_change,0.2778
2005-02-16,2005-02-23,neutral,0.5,0.5,0.0,99759.3646,97782.1066,-0.01982,-1977.258,4,state_change,0.2723
2005-02-23,2005-02-28,iwm_heavy,0.4,0.6,0.0,97779.3818,100134.4218,0.024085,2355.04,3,state_change,0.2787
2005-02-28,2005-03-11,neutral,0.5,0.5,0.0,100131.6574,99665.1544,-0.004659,-466.503,9,state_change,0.2761
2005-03-11,2005-03-16,iwm_heavy,0.4,0.6,0.0,99662.3714,98747.4656,-0.00918,-914.9058,3,state_change,0.2792
2005-03-16,2005-03-30,neutral,0.5,0.5,0.0,98744.7313,96285.9684,-0.0249,-2458.7629,9,state_change,0.2769
2005-03-30,2005-04-04,iwm_heavy,0.4,0.6,0.0,96283.249,96901.064,0.006417,617.815,3,state_change,0.2824
2005-04-04,2005-04-07,neutral,0.5,0.5,0.0,96898.3861,97627.1193,0.007521,728.7332,3,state_change,0.2763
2005-04-07,2005-04-18,iwm_heavy,0.4,0.6,0.0,97624.4313,92968.6885,-0.04769,-4655.7428,7,state_change,0.2753
2005-04-18,2005-04-22,shy,0.0,0.0,1.0,92899.3105,92876.3851,-0.000247,-22.9254,4,state_change,7.4625
2005-04-22,2005-04-29,iwm_heavy,0.4,0.6,0.0,92807.0539,90741.1838,-0.02226,-2065.8701,5,state_change,7.4649
2005-04-29,2005-05-04,shy,0.0,0.0,1.0,90673.2571,90695.8182,0.000249,22.5611,3,state_change,7.4858
2005-05-04,2005-05-10,iwm_heavy,0.4,0.6,0.0,90627.9889,91957.9406,0.014675,1329.9517,4,state_change,7.4788
2005-05-10,2005-05-13,neutral,0.5,0.5,0.0,91955.2871,90710.3283,-0.013539,-1244.9588,3,state_change,0.2886
2005-05-13,2005-05-19,iwm_heavy,0.4,0.6,0.0,90707.7217,93375.187,0.029407,2667.4653,4,state_change,0.2874
2005-05-19,2005-05-26,neutral,0.5,0.5,0.0,93372.5544,93744.0921,0.003979,371.5377,5,state_change,0.2819
2005-05-26,2005-06-01,iwm_heavy,0.4,0.6,0.0,93741.4907,94395.5419,0.006977,654.0512,3,state_change,0.2775
2005-06-01,2005-06-13,neutral,0.5,0.5,0.0,94392.8707,95274.3198,0.009338,881.4491,8,state_change,0.283
2005-06-13,2005-08-05,spy_heavy,0.6,0.4,0.0,95271.6665,100023.319,0.049875,4751.6525,38,state_change,0.2785
2005-08-05,2005-09-22,neutral,0.5,0.5,0.0,100020.9477,97651.0725,-0.023694,-2369.8752,33,state_change,0.2371
2005-09-22,2005-09-27,iwm_heavy,0.4,0.6,0.0,97648.3673,98784.1212,0.011631,1135.7539,3,state_change,0.277
2005-09-27,2005-10-07,neutral,0.5,0.5,0.0,98781.4391,96895.8249,-0.019089,-1885.6142,8,state_change,0.2715
2005-10-07,2005-10-20,shy,0.0,0.0,1.0,96824.9176,96836.9719,0.000124,12.0543,9,state_change,7.3179
2005-10-20,2005-10-25,iwm_heavy,0.4,0.6,0.0,96765.4988,97582.3814,0.008442,816.8826,3,state_change,7.3808
2005-10-25,2005-10-28,neutral,0.5,0.5,0.0,97579.6956,95708.9614,-0.019171,-1870.7342,3,state_change,0.2752
2005-10-28,2005-11-02,shy,0.0,0.0,1.0,95638.6647,95581.595,-0.000597,-57.0697,3,state_change,7.3448
2005-11-02,2005-11-16,neutral,0.5,0.5,0.0,95511.5098,97838.3628,0.024362,2326.853,10,state_change,7.3325
2005-11-16,2005-11-21,iwm_heavy,0.4,0.6,0.0,97835.7544,99909.9702,0.021201,2074.2158,3,state_change,0.2666
2005-11-21,2005-12-02,neutral,0.5,0.5,0.0,99907.3037,101739.2795,0.018337,1831.9758,8,state_change,0.2669
2005-12-02,2005-12-15,spy_heavy,0.6,0.4,0.0,101736.6016,102382.3471,0.006347,645.7455,9,state_change,0.2632
2005-12-15,2005-12-20,neutral,0.5,0.5,0.0,102379.6978,100440.6901,-0.018939,-1939.0077,3,state_change,0.2588
2005-12-20,2005-12-23,iwm_heavy,0.4,0.6,0.0,100437.9769,102031.3577,0.015864,1593.3808,3,state_change,0.2701
2005-12-23,2006-01-06,neutral,0.5,0.5,0.0,102028.6542,103291.7482,0.01238,1263.094,8,state_change,0.265
2006-01-06,2006-03-08,spy_heavy,0.6,0.4,0.0,103289.0819,104526.9333,0.011984,1237.8514,41,state_change,0.2581
2006-03-08,2006-03-24,neutral,0.5,0.5,0.0,104524.5318,107867.0032,0.031978,3342.4714,12,state_change,0.2297
2006-03-24,2006-04-12,spy_heavy,0.6,0.4,0.0,107864.2105,106873.3569,-0.009186,-990.8536,13,state_change,0.2589
2006-04-12,2006-04-18,neutral,0.5,0.5,0.0,106870.7099,107800.8888,0.008704,930.1789,3,state_change,0.2477
2006-04-18,2006-04-28,spy_heavy,0.6,0.4,0.0,107798.127,108979.0672,0.010955,1180.9402,8,state_change,0.2562
2006-04-28,2006-05-04,neutral,0.5,0.5,0.0,108976.3405,109828.6577,0.007821,852.3172,4,state_change,0.2502
2006-05-04,2006-05-11,spy_heavy,0.6,0.4,0.0,109825.9022,111046.0121,0.011109,1220.1099,5,state_change,0.2509
2006-05-11,2006-05-16,neutral,0.5,0.5,0.0,111043.322,107256.0079,-0.034107,-3787.3141,3,state_change,0.2423
2006-05-16,2006-05-26,iwm_heavy,0.4,0.6,0.0,107253.1666,105964.9621,-0.012011,-1288.2045,8,state_change,0.2649
2006-05-26,2006-06-01,neutral,0.5,0.5,0.0,105962.2978,105139.9952,-0.00776,-822.3026,3,state_change,0.2514
2006-06-01,2006-06-12,iwm_heavy,0.4,0.6,0.0,105137.3111,102728.8822,-0.022907,-2408.4289,7,state_change,0.2553
2006-06-12,2006-06-16,shy,0.0,0.0,1.0,102654.1686,102447.9818,-0.002009,-206.1868,4,state_change,7.2729
2006-06-16,2006-06-21,iwm_heavy,0.4,0.6,0.0,102373.3394,99981.9138,-0.02336,-2391.4256,3,state_change,7.2859
2006-06-21,2006-06-30,shy,0.0,0.0,1.0,99908.929,99959.2677,0.000504,50.3387,7,state_change,7.2998
2006-06-30,2006-07-13,neutral,0.5,0.5,0.0,99887.0636,97473.4233,-0.024164,-2413.6403,8,state_change,7.2233
2006-07-13,2006-07-18,iwm_heavy,0.4,0.6,0.0,97470.8284,95780.3104,-0.017344,-1690.518,3,state_change,0.2662
2006-07-18,2006-07-25,shy,0.0,0.0,1.0,95710.5242,95963.5233,0.002643,252.9991,5,state_change,7.2861
2006-07-25,2006-08-04,iwm_heavy,0.4,0.6,0.0,95893.5981,98874.7452,0.031088,2981.1471,8,state_change,7.2866
2006-08-04,2006-08-09,neutral,0.5,0.5,0.0,98872.1961,97040.1412,-0.01853,-1832.0549,3,state_change,0.2578
2006-08-09,2006-08-17,iwm_heavy,0.4,0.6,0.0,97037.5275,98499.5232,0.015066,1461.9957,6,state_change,0.2694
2006-08-17,2006-08-22,neutral,0.5,0.5,0.0,98497.0023,98568.6801,0.000728,71.6778,3,state_change,0.2559
2006-08-22,2006-08-29,iwm_heavy,0.4,0.6,0.0,98566.1715,99063.7722,0.005048,497.6007,5,state_change,0.2545
2006-08-29,2006-10-02,neutral,0.5,0.5,0.0,99061.2783,101629.3879,0.025924,2568.1096,23,state_change,0.2518
2006-10-02,2006-10-05,iwm_heavy,0.4,0.6,0.0,101626.8547,102809.4715,0.011637,1182.6168,3,state_change,0.2493
2006-10-05,2006-10-13,neutral,0.5,0.5,0.0,102806.9377,104993.6037,0.02127,2186.666,6,state_change,0.2465
2006-10-13,2006-10-25,spy_heavy,0.6,0.4,0.0,104990.9143,105961.7374,0.009247,970.8231,8,state_change,0.2562
2006-10-25,2006-10-30,neutral,0.5,0.5,0.0,105959.1538,105963.3436,4e-05,4.1898,3,state_change,0.2438
2006-10-30,2006-11-02,spy_heavy,0.6,0.4,0.0,105960.789,104495.6047,-0.013828,-1465.1843,3,state_change,0.2411
2006-11-02,2006-11-13,neutral,0.5,0.5,0.0,104492.9841,106767.7298,0.021769,2274.7457,7,state_change,0.2508
2006-11-13,2006-11-28,spy_heavy,0.6,0.4,0.0,106765.0557,106882.316,0.001098,117.2603,10,state_change,0.2505
2006-11-28,2006-12-05,neutral,0.5,0.5,0.0,106879.7669,110123.9095,0.030353,3244.1426,5,state_change,0.2385
2006-12-05,2006-12-08,spy_heavy,0.6,0.4,0.0,110121.2411,109487.8235,-0.005752,-633.4176,3,state_change,0.2423
2006-12-08,2006-12-20,neutral,0.5,0.5,0.0,109485.1971,109771.811,0.002618,286.6139,8,state_change,0.2399
2006-12-20,2006-12-26,iwm_heavy,0.4,0.6,0.0,109769.0759,109069.3518,-0.006375,-699.7241,3,state_change,0.2492
2006-12-26,2007-01-08,neutral,0.5,0.5,0.0,109066.7304,108802.6429,-0.002421,-264.0875,7,state_change,0.2403
2007-01-08,2007-01-11,iwm_heavy,0.4,0.6,0.0,108800.0304,109467.5436,0.006135,667.5132,3,state_change,0.2401
2007-01-11,2007-01-18,neutral,0.5,0.5,0.0,109464.948,110553.068,0.00994,1088.12,4,state_change,0.2371
2007-01-18,2007-01-25,iwm_heavy,0.4,0.6,0.0,110550.4503,111255.9816,0.006382,705.5313,5,state_change,0.2368
2007-01-25,2007-02-08,neutral,0.5,0.5,0.0,111253.3547,113135.6546,0.016919,1882.2999,10,state_change,0.2361
2007-02-08,2007-02-13,spy_heavy,0.6,0.4,0.0,113132.899,112301.2175,-0.007351,-831.6815,3,state_change,0.2436
2007-02-13,2007-02-21,neutral,0.5,0.5,0.0,112298.6,114011.0218,0.015249,1712.4218,5,state_change,0.2331
2007-02-21,2007-03-02,spy_heavy,0.6,0.4,0.0,114008.3642,109458.2455,-0.03991,-4550.1187,7,state_change,0.2331
2007-03-02,2007-04-17,neutral,0.5,0.5,0.0,109455.6209,115599.9454,0.056135,6144.3245,31,state_change,0.2398
2007-04-17,2007-04-20,spy_heavy,0.6,0.4,0.0,115597.2717,115823.3799,0.001956,226.1082,3,state_change,0.2313
2007-04-20,2007-04-25,iwm_heavy,0.4,0.6,0.0,115817.9652,116469.1876,0.005623,651.2224,3,state_change,0.4675
2007-04-25,2007-04-30,neutral,0.5,0.5,0.0,116466.5111,116773.4273,0.002635,306.9162,3,state_change,0.2298
2007-04-30,2007-05-23,iwm_heavy,0.4,0.6,0.0,116770.7187,118721.4506,0.016706,1950.7319,17,state_change,0.232
2007-05-23,2007-05-29,neutral,0.5,0.5,0.0,118718.8267,117779.7655,-0.00791,-939.0612,3,state_change,0.221
2007-05-29,2007-06-01,iwm_heavy,0.4,0.6,0.0,117777.0773,119881.116,0.017865,2104.0387,3,state_change,0.2282
2007-06-01,2007-06-14,neutral,0.5,0.5,0.0,119878.3707,117992.4612,-0.015732,-1885.9095,9,state_change,0.229
2007-06-14,2007-06-19,iwm_heavy,0.4,0.6,0.0,117989.7285,119140.2494,0.009751,1150.5209,3,state_change,0.2316
2007-06-19,2007-07-23,neutral,0.5,0.5,0.0,119137.5352,119759.4172,0.00522,621.882,23,state_change,0.2278
2007-07-23,2007-08-06,iwm_heavy,0.4,0.6,0.0,119756.6479,109776.6928,-0.083335,-9979.9551,10,state_change,0.2312
2007-08-06,2007-08-09,shy,0.0,0.0,1.0,109698.2989,109643.6852,-0.000498,-54.6137,3,state_change,7.1412
2007-08-09,2007-08-15,iwm_heavy,0.4,0.6,0.0,109565.4385,106741.0061,-0.025778,-2824.4324,4,state_change,7.1365
2007-08-15,2007-08-20,shy,0.0,0.0,1.0,106664.7473,107008.6262,0.003224,343.8789,3,state_change,7.1443
2007-08-20,2007-08-29,neutral,0.5,0.5,0.0,106932.8247,105488.59,-0.013506,-1444.2347,7,state_change,7.0837
2007-08-29,2007-09-04,shy,0.0,0.0,1.0,105413.7091,105669.5892,0.002427,255.8801,3,state_change,7.0985
2007-09-04,2007-09-11,neutral,0.5,0.5,0.0,105594.7652,104153.9539,-0.013645,-1440.8113,5,state_change,7.0809
2007-09-11,2007-09-19,iwm_heavy,0.4,0.6,0.0,104151.4415,109505.6871,0.051408,5354.2456,6,state_change,0.2412
2007-09-19,2007-09-26,neutral,0.5,0.5,0.0,109503.1568,108960.1318,-0.004959,-543.025,5,state_change,0.2311
2007-09-26,2007-10-02,iwm_heavy,0.4,0.6,0.0,108957.6074,111095.0365,0.019617,2137.4291,4,state_change,0.2317
2007-10-02,2007-11-02,neutral,0.5,0.5,0.0,111092.4771,108501.0768,-0.023327,-2591.4003,23,state_change,0.2304
2007-11-02,2007-11-09,iwm_heavy,0.4,0.6,0.0,108498.5407,104095.0554,-0.040586,-4403.4853,5,state_change,0.2337
2007-11-09,2007-11-14,shy,0.0,0.0,1.0,104020.9357,103791.9077,-0.002202,-229.028,3,state_change,7.1204
2007-11-14,2007-11-19,neutral,0.5,0.5,0.0,103718.3852,100198.0801,-0.033941,-3520.3051,3,state_change,7.0836
2007-11-19,2007-12-03,shy,0.0,0.0,1.0,100126.9397,100892.3486,0.007644,765.4089,9,state_change,7.1
2007-12-03,2007-12-17,iwm_heavy,0.4,0.6,0.0,100820.2132,99021.8521,-0.017837,-1798.3611,10,state_change,7.1497
2007-12-17,2007-12-24,shy,0.0,0.0,1.0,98950.7975,99095.7868,0.001465,144.9893,5,state_change,7.1757
2007-12-24,2007-12-31,neutral,0.5,0.5,0.0,99025.5052,97192.227,-0.018513,-1833.2782,4,state_change,7.0923
2007-12-31,2008-05-07,shy,0.0,0.0,1.0,97123.2945,99051.5543,0.019854,1928.2598,88,state_change,7.0924
2008-05-07,2008-05-12,neutral,0.5,0.5,0.0,98981.3838,97414.5222,-0.01583,-1566.8616,3,state_change,7.0842
2008-05-12,2008-05-16,shy,0.0,0.0,1.0,97345.486,96970.8676,-0.003848,-374.6184,4,state_change,7.0868
2008-05-16,2008-05-22,neutral,0.5,0.5,0.0,96902.3618,94650.8066,-0.023235,-2251.5552,4,state_change,7.0646
2008-05-22,2009-06-01,shy,0.0,0.0,1.0,94583.815,98723.9757,0.043772,4140.1607,257,state_change,7.0778
2009-06-01,2009-06-04,neutral,0.5,0.5,0.0,98651.375,100161.1958,0.015305,1509.8208,3,state_change,7.3539
2009-06-04,2009-06-16,spy_heavy,0.6,0.4,0.0,100158.0346,98906.2184,-0.012498,-1251.8162,8,state_change,0.3156
2009-06-16,2009-07-02,neutral,0.5,0.5,0.0,98903.1764,97401.2052,-0.015186,-1501.9712,12,state_change,0.3076
2009-07-02,2009-07-08,spy_heavy,0.6,0.4,0.0,97398.2351,94038.806,-0.034492,-3359.4291,3,state_change,0.3049
2009-07-08,2009-07-17,neutral,0.5,0.5,0.0,94035.7691,100449.4935,0.068205,6413.7244,7,state_change,0.3229
2009-07-17,2009-07-22,spy_heavy,0.6,0.4,0.0,100446.413,101000.0254,0.005512,553.6124,3,state_change,0.3067
2009-07-22,2009-07-27,neutral,0.5,0.5,0.0,100996.9591,105044.8193,0.040079,4047.8602,3,state_change,0.3036
2009-07-27,2009-08-07,spy_heavy,0.6,0.4,0.0,105041.6502,108407.5714,0.032044,3365.9212,9,state_change,0.3017
2009-08-07,2009-08-12,neutral,0.5,0.5,0.0,108404.5295,107357.1322,-0.009662,-1047.3973,3,state_change,0.2806
2009-08-12,2009-08-17,spy_heavy,0.6,0.4,0.0,107354.0318,106101.3919,-0.011668,-1252.6399,3,state_change,0.2888
2009-08-17,2009-08-24,neutral,0.5,0.5,0.0,106098.2695,111549.2325,0.051377,5450.963,5,state_change,0.2943
2009-08-24,2009-08-31,spy_heavy,0.6,0.4,0.0,111546.0595,110167.5895,-0.012358,-1378.47,5,state_change,0.2844
2009-08-31,2009-09-10,neutral,0.5,0.5,0.0,110164.4622,112093.8829,0.017514,1929.4207,7,state_change,0.2839
2009-09-10,2009-10-01,spy_heavy,0.6,0.4,0.0,112090.7289,113114.2357,0.009131,1023.5068,15,state_change,0.2814
2009-10-01,2009-10-21,neutral,0.5,0.5,0.0,113111.3662,117471.9512,0.038551,4360.585,14,state_change,0.2537
2009-10-21,2009-12-07,iwm_heavy,0.4,0.6,0.0,117468.494,117319.065,-0.001272,-149.429,32,state_change,0.2943
2009-12-07,2009-12-24,neutral,0.5,0.5,0.0,117316.1505,121358.6476,0.034458,4042.4971,13,state_change,0.2484
2009-12-24,2009-12-30,spy_heavy,0.6,0.4,0.0,121355.2039,121189.403,-0.001366,-165.8009,3,state_change,0.2838
2009-12-30,2010-01-05,neutral,0.5,0.5,0.0,121186.2041,122549.7361,0.011252,1363.532,3,state_change,0.264
2010-01-05,2010-01-13,spy_heavy,0.6,0.4,0.0,122546.5216,122917.7177,0.003029,371.1961,6,state_change,0.2623
2010-01-13,2010-01-19,neutral,0.5,0.5,0.0,122914.4703,122871.3991,-0.00035,-43.0712,3,state_change,0.2642
2010-01-19,2010-01-27,spy_heavy,0.6,0.4,0.0,122868.1686,117674.0436,-0.042274,-5194.125,6,state_change,0.2629
2010-01-27,2010-02-16,neutral,0.5,0.5,0.0,117670.8389,118218.4765,0.004654,547.6376,13,state_change,0.2723
2010-02-16,2010-04-01,spy_heavy,0.6,0.4,0.0,118215.2101,129602.2112,0.096324,11387.0011,32,state_change,0.2763
2010-04-01,2010-04-07,neutral,0.5,0.5,0.0,129599.147,131770.9123,0.016758,2171.7653,3,state_change,0.2364
2010-04-07,2010-05-06,spy_heavy,0.6,0.4,0.0,131767.5238,129610.5654,-0.016369,-2156.9584,21,state_change,0.2572
2010-05-06,2010-05-12,neutral,0.5,0.5,0.0,129607.4113,130025.5317,0.003226,418.1204,4,state_change,0.2434
2010-05-12,2010-05-21,spy_heavy,0.6,0.4,0.0,130022.2144,118010.2214,-0.092384,-12011.993,7,state_change,0.2551
2010-05-21,2010-05-28,shy,0.0,0.0,1.0,117926.3755,117673.2504,-0.002146,-253.1251,5,state_change,7.105
2010-05-28,2010-06-03,spy_heavy,0.6,0.4,0.0,117590.0242,117096.9511,-0.004193,-493.0731,3,state_change,7.0727
2010-06-03,2010-06-08,neutral,0.5,0.5,0.0,117093.8334,110788.5532,-0.053848,-6305.2802,3,state_change,0.2663
2010-06-08,2010-06-16,shy,0.0,0.0,1.0,110709.3278,110762.2265,0.000478,52.8987,6,state_change,7.151
2010-06-16,2010-06-23,neutral,0.5,0.5,0.0,110683.478,108540.0273,-0.019366,-2143.4507,5,state_change,7.1097
2010-06-23,2010-07-27,shy,0.0,0.0,1.0,108462.7536,108686.3696,0.002062,223.616,23,state_change,7.1194
2010-07-27,2010-07-30,neutral,0.5,0.5,0.0,108609.396,104757.2667,-0.035468,-3852.1293,3,state_change,7.0822
2010-07-30,2010-08-04,shy,0.0,0.0,1.0,104682.8534,104684.2941,1.4e-05,1.4407,3,state_change,7.1034
2010-08-04,2010-08-09,neutral,0.5,0.5,0.0,104610.1329,104505.961,-0.000996,-104.1719,3,state_change,7.0843
2010-08-09,2010-08-12,iwm_heavy,0.4,0.6,0.0,104503.2125,97994.2821,-0.062285,-6508.9304,3,state_change,0.263
2010-08-12,2010-09-13,shy,0.0,0.0,1.0,97923.9131,97853.9411,-0.000715,-69.972,21,state_change,7.1809
2010-09-13,2010-09-29,neutral,0.5,0.5,0.0,97784.4964,101185.6883,0.034783,3401.1919,12,state_change,7.0968
2010-09-29,2010-10-22,spy_heavy,0.6,0.4,0.0,101182.9604,104866.8552,0.036408,3683.8948,17,state_change,0.2696
2010-10-22,2010-10-27,neutral,0.5,0.5,0.0,104864.3009,104805.406,-0.000562,-58.8949,3,state_change,0.2436
2010-10-27,2010-11-02,spy_heavy,0.6,0.4,0.0,104802.7836,105893.521,0.010408,1090.7374,4,state_change,0.2502
2010-11-02,2010-11-05,neutral,0.5,0.5,0.0,105890.8877,109268.3619,0.031896,3377.4742,3,state_change,0.2487
2010-11-05,2010-11-17,spy_heavy,0.6,0.4,0.0,109265.6381,105475.4652,-0.034688,-3790.1729,8,state_change,0.2493
2010-11-17,2010-11-22,neutral,0.5,0.5,0.0,105472.8563,107153.6425,0.015936,1680.7862,3,state_change,0.2473
2010-11-22,2011-01-05,spy_heavy,0.6,0.4,0.0,107150.9866,115120.3883,0.074375,7969.4017,30,state_change,0.2479
2011-01-05,2011-01-24,neutral,0.5,0.5,0.0,115117.8823,115014.4473,-0.000899,-103.435,12,state_change,0.2177
2011-01-24,2011-01-27,iwm_heavy,0.4,0.6,0.0,115011.5688,117233.4347,0.019319,2221.8659,3,state_change,0.2503
2011-01-27,2011-02-24,neutral,0.5,0.5,0.0,117230.6392,118386.265,0.009858,1155.6258,19,state_change,0.2385
2011-02-24,2011-03-01,iwm_heavy,0.4,0.6,0.0,118383.5512,121684.2973,0.027882,3300.7461,3,state_change,0.2292
2011-03-01,2011-03-22,neutral,0.5,0.5,0.0,121681.4583,119329.7997,-0.019326,-2351.6586,15,state_change,0.2333
2011-03-22,2011-03-25,spy_heavy,0.6,0.4,0.0,119326.9921,120594.565,0.010623,1267.5729,3,state_change,0.2353
2011-03-25,2011-03-30,neutral,0.5,0.5,0.0,120591.8018,122068.905,0.012249,1477.1032,3,state_change,0.2291
2011-03-30,2011-04-13,spy_heavy,0.6,0.4,0.0,122066.1149,121501.1753,-0.004628,-564.9396,10,state_change,0.2286
2011-04-13,2011-04-18,neutral,0.5,0.5,0.0,121498.4121,120519.0644,-0.008061,-979.3477,3,state_change,0.2274
2011-04-18,2011-05-03,spy_heavy,0.6,0.4,0.0,120516.2877,125271.5846,0.039458,4755.2969,10,state_change,0.2304
2011-05-03,2011-05-17,neutral,0.5,0.5,0.0,125268.7709,121074.4589,-0.033483,-4194.312,10,state_change,0.2246
2011-05-17,2011-05-20,iwm_heavy,0.4,0.6,0.0,121071.5741,123111.8109,0.016851,2040.2368,3,state_change,0.2383
2011-05-20,2011-05-25,neutral,0.5,0.5,0.0,123108.9928,119941.7644,-0.025727,-3167.2284,3,state_change,0.2289
2011-05-25,2011-05-31,iwm_heavy,0.4,0.6,0.0,119938.9685,124583.3535,0.038723,4644.385,3,state_change,0.2331
2011-05-31,2011-06-07,neutral,0.5,0.5,0.0,124580.4228,118872.5183,-0.045817,-5707.9045,5,state_change,0.2352
2011-06-07,2011-06-22,iwm_heavy,0.4,0.6,0.0,118869.6632,119026.3159,0.001318,156.6527,11,state_change,0.2402
2011-06-22,2011-07-08,neutral,0.5,0.5,0.0,119023.5613,124680.8146,0.047531,5657.2533,11,state_change,0.2314
2011-07-08,2011-07-13,spy_heavy,0.6,0.4,0.0,124677.8871,122974.4573,-0.013663,-1703.4298,3,state_change,0.2348
2011-07-13,2011-07-28,neutral,0.5,0.5,0.0,122971.676,119756.0829,-0.026149,-3215.5931,11,state_change,0.2262
2011-07-28,2011-08-03,iwm_heavy,0.4,0.6,0.0,119753.1235,115002.7186,-0.039668,-4750.4049,4,state_change,0.2471
2011-08-03,2011-10-28,shy,0.0,0.0,1.0,114922.3775,115048.7515,0.0011,126.374,61,state_change,6.986
2011-10-28,2011-11-02,spy_heavy,0.6,0.4,0.0,114969.0557,110500.6793,-0.038866,-4468.3764,3,state_change,6.9271
2011-11-02,2011-11-09,shy,0.0,0.0,1.0,110423.9097,110423.9097,-0.0,-0.0,5,state_change,6.9474
2011-11-09,2011-11-14,spy_heavy,0.6,0.4,0.0,110347.2022,111506.729,0.010508,1159.5268,3,state_change,6.9466
2011-11-14,2011-11-17,neutral,0.5,0.5,0.0,111504.0663,109604.9393,-0.017032,-1899.127,3,state_change,0.2388
2011-11-17,2011-12-06,shy,0.0,0.0,1.0,109528.3551,109560.7969,0.000296,32.4418,12,state_change,6.9873
2011-12-06,2011-12-09,spy_heavy,0.6,0.4,0.0,109484.8386,107246.2187,-0.020447,-2238.6199,3,state_change,6.933
2011-12-09,2011-12-23,shy,0.0,0.0,1.0,107171.7828,107070.2096,-0.000948,-101.5732,10,state_change,6.9407
2011-12-23,2011-12-29,spy_heavy,0.6,0.4,0.0,106996.043,106305.179,-0.006457,-690.864,3,state_change,6.9269
2011-12-29,2012-01-13,neutral,0.5,0.5,0.0,106302.6047,109511.768,0.030189,3209.1633,10,state_change,0.2422
2012-01-13,2012-01-23,spy_heavy,0.6,0.4,0.0,109509.1789,112171.1547,0.024308,2661.9758,5,state_change,0.2364
2012-01-23,2012-01-26,neutral,0.5,0.5,0.0,112168.6176,114014.6766,0.016458,1846.059,3,state_change,0.2262
2012-01-26,2012-02-22,spy_heavy,0.6,0.4,0.0,114012.0416,116814.8744,0.024584,2802.8328,18,state_change,0.2311
2012-02-22,2012-03-05,neutral,0.5,0.5,0.0,116812.2803,115761.4808,-0.008996,-1050.7995,8,state_change,0.2221
2012-03-05,2012-03-09,iwm_heavy,0.4,0.6,0.0,115758.6766,116286.4439,0.004559,527.7673,4,state_change,0.2422
2012-03-09,2012-04-02,neutral,0.5,0.5,0.0,116283.7965,119600.5527,0.028523,3316.7562,16,state_change,0.2277
2012-04-02,2012-04-27,iwm_heavy,0.4,0.6,0.0,119597.8993,119090.6709,-0.004241,-507.2284,18,state_change,0.2219
2012-04-27,2012-05-02,neutral,0.5,0.5,0.0,119088.0634,118031.2603,-0.008874,-1056.8031,3,state_change,0.2189
2012-05-02,2012-05-09,iwm_heavy,0.4,0.6,0.0,118028.566,114073.9496,-0.033506,-3954.6164,5,state_change,0.2283
2012-05-09,2012-05-18,neutral,0.5,0.5,0.0,114071.3459,110411.9302,-0.03208,-3659.4157,7,state_change,0.2282
2012-05-18,2012-05-29,iwm_heavy,0.4,0.6,0.0,110409.3155,112715.8078,0.02089,2306.4923,6,state_change,0.2368
2012-05-29,2012-06-04,neutral,0.5,0.5,0.0,112713.1541,108333.0196,-0.038861,-4380.1345,4,state_change,0.2354
2012-06-04,2012-06-07,iwm_heavy,0.4,0.6,0.0,108330.44,113176.9998,0.044739,4846.5598,3,state_change,0.2381
2012-06-07,2012-06-12,neutral,0.5,0.5,0.0,113174.3534,110844.3945,-0.020587,-2329.9589,3,state_change,0.2338
2012-06-12,2012-06-20,iwm_heavy,0.4,0.6,0.0,110841.7125,115244.6285,0.039723,4402.916,6,state_change,0.242
2012-06-20,2012-07-02,neutral,0.5,0.5,0.0,115241.9617,116775.1797,0.013304,1533.218,8,state_change,0.2314
2012-07-02,2012-07-18,spy_heavy,0.6,0.4,0.0,116772.4443,116359.5598,-0.003536,-412.8845,11,state_change,0.2342
2012-07-18,2012-07-25,neutral,0.5,0.5,0.0,116356.927,113673.9622,-0.023058,-2682.9648,5,state_change,0.2263
2012-07-25,2012-08-10,iwm_heavy,0.4,0.6,0.0,113671.2328,118099.9845,0.038961,4428.7517,12,state_change,0.2401
2012-08-10,2012-08-15,neutral,0.5,0.5,0.0,118097.3841,118061.681,-0.000302,-35.7031,3,state_change,0.2202
2012-08-15,2012-08-20,iwm_heavy,0.4,0.6,0.0,118058.9717,120481.0809,0.020516,2422.1092,3,state_change,0.2295
2012-08-20,2012-09-17,neutral,0.5,0.5,0.0,120478.2951,125824.0482,0.044371,5345.7531,19,state_change,0.2312
2012-09-17,2012-09-20,spy_heavy,0.6,0.4,0.0,125821.2116,124861.9961,-0.007624,-959.2155,3,state_change,0.2254
2012-09-20,2012-11-13,neutral,0.5,0.5,0.0,124859.2678,117112.4004,-0.062045,-7746.8674,36,state_change,0.2185
2012-11-13,2012-11-16,iwm_heavy,0.4,0.6,0.0,117109.6363,114758.4518,-0.020077,-2351.1845,3,state_change,0.236
2012-11-16,2012-11-21,shy,0.0,0.0,1.0,114678.8321,114624.4273,-0.000474,-54.4048,3,state_change,6.938
2012-11-21,2012-11-27,iwm_heavy,0.4,0.6,0.0,114545.0384,116171.5614,0.0142,1626.523,3,state_change,6.926
2012-11-27,2012-12-12,neutral,0.5,0.5,0.0,116168.9459,119595.3493,0.029495,3426.4034,11,state_change,0.2251
2012-12-12,2012-12-17,spy_heavy,0.6,0.4,0.0,119592.6452,118264.2453,-0.011108,-1328.3999,3,state_change,0.2261
2012-12-17,2012-12-20,neutral,0.5,0.5,0.0,118261.6454,120619.755,0.01994,2358.1096,3,state_change,0.2198
2012-12-20,2013-01-31,spy_heavy,0.6,0.4,0.0,120617.0604,126624.1735,0.049803,6007.1131,27,state_change,0.2234
2013-01-31,2013-02-05,neutral,0.5,0.5,0.0,126621.5747,127414.3202,0.006261,792.7455,3,state_change,0.2052
2013-02-05,2013-02-22,spy_heavy,0.6,0.4,0.0,127411.6014,128216.0299,0.006314,804.4285,12,state_change,0.2134
2013-02-22,2013-03-11,neutral,0.5,0.5,0.0,128213.3537,132116.3509,0.030441,3902.9972,11,state_change,0.2087
2013-03-11,2013-04-01,spy_heavy,0.6,0.4,0.0,132113.5791,133747.9382,0.012371,1634.3591,14,state_change,0.2098
2013-04-01,2013-04-04,neutral,0.5,0.5,0.0,133745.1939,131114.5627,-0.019669,-2630.6312,3,state_change,0.2052
2013-04-04,2013-05-01,iwm_heavy,0.4,0.6,0.0,131111.6728,134625.7563,0.026802,3514.0835,19,state_change,0.2204
2013-05-01,2013-05-06,neutral,0.5,0.5,0.0,134622.9652,136267.4489,0.012215,1644.4837,3,state_change,0.2073
2013-05-06,2013-05-09,iwm_heavy,0.4,0.6,0.0,136264.6385,138132.7987,0.01371,1868.1602,3,state_change,0.2062
2013-05-09,2013-06-14,neutral,0.5,0.5,0.0,138129.9586,139871.539,0.012608,1741.5804,25,state_change,0.2056
2013-06-14,2013-06-27,spy_heavy,0.6,0.4,0.0,139868.6138,137877.7397,-0.014234,-1990.8741,9,state_change,0.2091
2013-06-27,2013-07-02,neutral,0.5,0.5,0.0,137874.9112,139267.301,0.010099,1392.3898,3,state_change,0.2051
2013-07-02,2013-08-08,spy_heavy,0.6,0.4,0.0,139264.3474,147343.8646,0.058016,8079.5172,26,state_change,0.2121
2013-08-08,2013-08-13,neutral,0.5,0.5,0.0,147341.038,147362.3456,0.000145,21.3076,3,state_change,0.1918
2013-08-13,2013-08-16,spy_heavy,0.6,0.4,0.0,147359.4204,143994.928,-0.022832,-3364.4924,3,state_change,0.1985
2013-08-16,2013-08-21,neutral,0.5,0.5,0.0,143992.0265,143499.6172,-0.00342,-492.4093,3,state_change,0.2015
2013-08-21,2013-08-28,spy_heavy,0.6,0.4,0.0,143496.7395,141922.8874,-0.010968,-1573.8521,5,state_change,0.2005
2013-08-28,2013-09-10,neutral,0.5,0.5,0.0,141920.0549,147051.2663,0.036156,5131.2114,8,state_change,0.1996
2013-09-10,2013-09-13,spy_heavy,0.6,0.4,0.0,147048.3294,147310.3143,0.001782,261.9849,3,state_change,0.1997
2013-09-13,2013-09-18,neutral,0.5,0.5,0.0,147307.4029,149154.3139,0.012538,1846.911,3,state_change,0.1976
2013-09-18,2013-10-10,spy_heavy,0.6,0.4,0.0,149151.3852,147203.5458,-0.013059,-1947.8394,16,state_change,0.1964
2013-10-10,2013-10-15,neutral,0.5,0.5,0.0,147200.7337,150706.111,0.023814,3505.3773,3,state_change,0.191
2013-10-15,2013-10-29,spy_heavy,0.6,0.4,0.0,150703.1283,155813.0981,0.033908,5109.9698,10,state_change,0.1979
2013-10-29,2013-11-04,neutral,0.5,0.5,0.0,155810.0902,154374.0057,-0.009217,-1436.0845,4,state_change,0.1931
2013-11-04,2013-11-13,iwm_heavy,0.4,0.6,0.0,154370.9031,153669.4126,-0.004544,-701.4905,7,state_change,0.201
2013-11-13,2013-11-18,neutral,0.5,0.5,0.0,153666.4795,157406.2167,0.024337,3739.7372,3,state_change,0.1909
2013-11-18,2013-11-22,iwm_heavy,0.4,0.6,0.0,157403.235,157248.6337,-0.000982,-154.6013,4,state_change,0.1894
2013-11-22,2013-12-11,neutral,0.5,0.5,0.0,157245.6358,157782.0963,0.003412,536.4605,12,state_change,0.1906
2013-12-11,2013-12-16,iwm_heavy,0.4,0.6,0.0,157779.0893,156353.9823,-0.009032,-1425.107,3,state_change,0.1906
2013-12-16,2014-01-16,neutral,0.5,0.5,0.0,156350.993,163269.8336,0.044252,6918.8406,21,state_change,0.1912
2014-01-16,2014-01-28,spy_heavy,0.6,0.4,0.0,163266.658,157684.1079,-0.034193,-5582.5501,7,state_change,0.1945
2014-01-28,2014-01-31,neutral,0.5,0.5,0.0,157681.0973,156701.9537,-0.00621,-979.1436,3,state_change,0.1909
2014-01-31,2014-02-05,spy_heavy,0.6,0.4,0.0,156698.9654,154139.7516,-0.016332,-2559.2138,3,state_change,0.1907
2014-02-05,2014-02-10,neutral,0.5,0.5,0.0,154136.7164,157708.6209,0.023174,3571.9045,3,state_change,0.1969
2014-02-10,2014-02-14,iwm_heavy,0.4,0.6,0.0,157705.5402,161242.0114,0.022425,3536.4712,4,state_change,0.1953
2014-02-14,2014-02-25,neutral,0.5,0.5,0.0,161238.91,164360.2926,0.019359,3121.3826,6,state_change,0.1923
2014-02-25,2014-03-03,spy_heavy,0.6,0.4,0.0,164357.1173,164059.7517,-0.001809,-297.3656,4,state_change,0.1932
2014-03-03,2014-03-06,neutral,0.5,0.5,0.0,164056.7005,168172.6262,0.025088,4115.9257,3,state_change,0.186
2014-03-06,2014-03-12,spy_heavy,0.6,0.4,0.0,168169.4494,165627.3267,-0.015116,-2542.1227,4,state_change,0.1889
2014-03-12,2014-03-17,neutral,0.5,0.5,0.0,165624.164,165885.2488,0.001576,261.0848,3,state_change,0.1909
2014-03-17,2014-03-24,spy_heavy,0.6,0.4,0.0,165882.0939,167471.7915,0.009583,1589.6976,5,state_change,0.1902
2014-03-24,2014-03-27,neutral,0.5,0.5,0.0,167468.6746,163674.0897,-0.022658,-3794.5849,3,state_change,0.1861
2014-03-27,2014-04-02,iwm_heavy,0.4,0.6,0.0,163670.8557,168061.101,0.026824,4390.2453,4,state_change,0.1976
2014-04-02,2014-04-07,neutral,0.5,0.5,0.0,168057.9231,163842.5018,-0.025083,-4215.4213,3,state_change,0.1891
2014-04-07,2014-05-28,iwm_heavy,0.4,0.6,0.0,163839.254,165267.5413,0.008718,1428.2873,35,state_change,0.1982
2014-05-28,2014-06-02,neutral,0.5,0.5,0.0,165264.7245,165692.1072,0.002586,427.3827,3,state_change,0.1704
2014-06-02,2014-06-06,iwm_heavy,0.4,0.6,0.0,165688.9467,168282.7871,0.015655,2593.8404,4,state_change,0.1908
2014-06-06,2014-07-02,neutral,0.5,0.5,0.0,168279.6057,173095.1615,0.028616,4815.5558,18,state_change,0.189
2014-07-02,2014-07-08,spy_heavy,0.6,0.4,0.0,173091.8228,171957.2951,-0.006554,-1134.5277,3,state_change,0.1929
2014-07-08,2014-07-14,neutral,0.5,0.5,0.0,171954.019,171357.129,-0.003471,-596.89,4,state_change,0.1905
2014-07-14,2014-08-06,iwm_heavy,0.4,0.6,0.0,171353.8993,164021.2714,-0.042792,-7332.6279,17,state_change,0.1885
2014-08-06,2014-09-16,neutral,0.5,0.5,0.0,164018.3294,169541.4653,0.033674,5523.1359,28,state_change,0.1794
2014-09-16,2014-10-14,iwm_heavy,0.4,0.6,0.0,169538.262,158973.9077,-0.062313,-10564.3543,20,state_change,0.1889
2014-10-14,2014-10-21,shy,0.0,0.0,1.0,158866.6556,158922.9672,0.000354,56.3116,5,state_change,6.7465
2014-10-21,2014-12-02,neutral,0.5,0.5,0.0,158816.3885,168787.7345,0.062785,9971.346,29,state_change,6.7063
2014-12-02,2014-12-05,iwm_heavy,0.4,0.6,0.0,168784.4959,171450.67,0.015796,2666.1741,3,state_change,0.1919
2014-12-05,2014-12-18,neutral,0.5,0.5,0.0,171447.4907,171041.3254,-0.002369,-406.1653,9,state_change,0.1854
2014-12-18,2014-12-23,spy_heavy,0.6,0.4,0.0,171038.0049,174476.7482,0.020105,3438.7433,3,state_change,0.1941
2014-12-23,2014-12-29,neutral,0.5,0.5,0.0,174473.551,174957.6941,0.002775,484.1431,3,state_change,0.1832
2014-12-29,2015-01-07,spy_heavy,0.6,0.4,0.0,174954.4967,168875.02,-0.034749,-6079.4767,6,state_change,0.1828
2015-01-07,2015-01-14,neutral,0.5,0.5,0.0,168871.8832,168071.6606,-0.004739,-800.2226,5,state_change,0.1857
2015-01-14,2015-01-20,spy_heavy,0.6,0.4,0.0,168068.5142,169961.8422,0.011265,1893.328,3,state_change,0.1872
2015-01-20,2015-01-27,neutral,0.5,0.5,0.0,169958.6972,170932.5569,0.00573,973.8597,5,state_change,0.185
2015-01-27,2015-02-02,spy_heavy,0.6,0.4,0.0,170929.3981,168444.5326,-0.014537,-2484.8655,4,state_change,0.1848
2015-02-02,2015-02-06,neutral,0.5,0.5,0.0,168441.435,174068.8724,0.033409,5627.4374,4,state_change,0.1839
2015-02-06,2015-02-11,spy_heavy,0.6,0.4,0.0,174065.7098,173667.7622,-0.002286,-397.9476,3,state_change,0.1817
2015-02-11,2015-02-27,neutral,0.5,0.5,0.0,173664.5658,178281.2959,0.026584,4616.7301,11,state_change,0.1841
2015-02-27,2015-03-04,spy_heavy,0.6,0.4,0.0,178278.051,177367.3172,-0.005109,-910.7338,3,state_change,0.182
2015-03-04,2015-03-09,neutral,0.5,0.5,0.0,177364.1387,175633.409,-0.009758,-1730.7297,3,state_change,0.1792
2015-03-09,2015-04-23,spy_heavy,0.6,0.4,0.0,175630.2207,179929.2988,0.024478,4299.0781,32,state_change,0.1815
2015-04-23,2015-05-01,neutral,0.5,0.5,0.0,179926.2718,176766.0585,-0.017564,-3160.2133,6,state_change,0.1682
2015-05-01,2015-05-07,iwm_heavy,0.4,0.6,0.0,176762.6683,175931.2166,-0.004704,-831.4517,4,state_change,0.1918
2015-05-07,2015-05-12,neutral,0.5,0.5,0.0,175928.0328,177521.7105,0.009059,1593.6777,3,state_change,0.181
2015-05-12,2015-05-15,iwm_heavy,0.4,0.6,0.0,177518.5554,179530.5773,0.011334,2012.0219,3,state_change,0.1777
2015-05-15,2015-06-17,neutral,0.5,0.5,0.0,179527.4155,181055.9849,0.008514,1528.5694,22,state_change,0.1761
2015-06-17,2015-07-02,spy_heavy,0.6,0.4,0.0,181052.5179,179474.3517,-0.008717,-1578.1662,11,state_change,0.1915
2015-07-02,2015-07-27,neutral,0.5,0.5,0.0,179471.1352,176337.879,-0.017458,-3133.2562,16,state_change,0.1792
2015-07-27,2015-08-21,iwm_heavy,0.4,0.6,0.0,176334.5189,169317.9229,-0.039791,-7016.596,19,state_change,0.1905
2015-08-21,2015-10-23,shy,0.0,0.0,1.0,169204.4533,169623.8891,0.002479,419.4358,44,state_change,6.7016
2015-10-23,2015-11-09,iwm_heavy,0.4,0.6,0.0,169510.1731,173194.2488,0.021734,3684.0757,11,state_change,6.704
2015-11-09,2015-11-13,neutral,0.5,0.5,0.0,173190.9789,167771.5892,-0.031291,-5419.3897,4,state_change,0.1888
2015-11-13,2015-11-18,shy,0.0,0.0,1.0,167659.6291,167699.2151,0.000236,39.586,3,state_change,6.6734
2015-11-18,2015-11-24,iwm_heavy,0.4,0.6,0.0,167586.7795,169889.7479,0.013742,2302.9684,4,state_change,6.7046
2015-11-24,2015-12-08,neutral,0.5,0.5,0.0,169886.6069,167927.3269,-0.011533,-1959.28,9,state_change,0.1849
2015-12-08,2015-12-14,iwm_heavy,0.4,0.6,0.0,167924.1932,163778.1135,-0.02469,-4146.0797,4,state_change,0.1866
2015-12-14,2015-12-17,shy,0.0,0.0,1.0,163668.234,163435.7809,-0.00142,-232.4531,3,state_change,6.709
2015-12-17,2015-12-22,iwm_heavy,0.4,0.6,0.0,163326.215,159985.7419,-0.020453,-3340.4731,3,state_change,6.7039
2015-12-22,2015-12-28,shy,0.0,0.0,1.0,159878.3495,159789.3487,-0.000557,-89.0008,3,state_change,6.7126
2015-12-28,2015-12-31,neutral,0.5,0.5,0.0,159682.5527,159493.4062,-0.001185,-189.1465,3,state_change,6.6835
2015-12-31,2016-01-06,iwm_heavy,0.4,0.6,0.0,159490.457,153283.2328,-0.038919,-6207.2242,3,state_change,0.1849
2016-01-06,2016-03-14,shy,0.0,0.0,1.0,153180.1446,153691.4512,0.003338,511.3066,46,state_change,6.7253
2016-03-14,2016-04-01,neutral,0.5,0.5,0.0,153588.5361,156295.6897,0.017626,2707.1536,13,state_change,6.6962
2016-04-01,2016-04-06,spy_heavy,0.6,0.4,0.0,156292.7896,155831.5062,-0.002951,-461.2834,3,state_change,0.1856
2016-04-06,2016-04-14,neutral,0.5,0.5,0.0,155828.5961,159691.0714,0.024787,3862.4753,6,state_change,0.1867
2016-04-14,2016-05-04,spy_heavy,0.6,0.4,0.0,159688.0777,157547.1022,-0.013407,-2140.9755,14,state_change,0.1875
2016-05-04,2016-05-25,neutral,0.5,0.5,0.0,157544.243,160597.8747,0.019383,3053.6317,15,state_change,0.1815
2016-05-25,2016-06-22,spy_heavy,0.6,0.4,0.0,160594.9349,162220.7248,0.010124,1625.7899,19,state_change,0.1831
2016-06-22,2016-06-28,neutral,0.5,0.5,0.0,162217.8982,155456.0344,-0.041684,-6761.8638,4,state_change,0.1742
2016-06-28,2016-07-01,shy,0.0,0.0,1.0,155351.9251,155552.5811,0.001292,200.656,3,state_change,6.697
2016-07-01,2016-07-12,neutral,0.5,0.5,0.0,155448.6349,160435.7421,0.032082,4987.1072,6,state_change,6.6824
2016-07-12,2016-07-20,spy_heavy,0.6,0.4,0.0,160432.7506,161474.2041,0.006492,1041.4535,6,state_change,0.1865
2016-07-20,2016-07-25,neutral,0.5,0.5,0.0,161471.2901,162178.9741,0.004383,707.684,3,state_change,0.1805
2016-07-25,2016-08-03,spy_heavy,0.6,0.4,0.0,162176.0786,161073.337,-0.0068,-1102.7416,7,state_change,0.1785
2016-08-03,2016-08-08,neutral,0.5,0.5,0.0,161070.4876,164172.4033,0.019258,3101.9157,3,state_change,0.1769
2016-08-08,2016-09-14,spy_heavy,0.6,0.4,0.0,164169.4456,161016.6857,-0.019204,-3152.7599,26,state_change,0.1802
2016-09-14,2016-09-19,neutral,0.5,0.5,0.0,161013.8994,162772.5005,0.010922,1758.6011,3,state_change,0.173
2016-09-19,2016-10-10,spy_heavy,0.6,0.4,0.0,162769.5949,164147.6358,0.008466,1378.0409,15,state_change,0.1785
2016-10-10,2016-10-27,neutral,0.5,0.5,0.0,164144.7301,161734.0235,-0.014686,-2410.7066,13,state_change,0.177
2016-10-27,2016-11-10,iwm_heavy,0.4,0.6,0.0,161731.0581,165895.6507,0.02575,4164.5926,10,state_change,0.1833
2016-11-10,2016-11-15,neutral,0.5,0.5,0.0,165892.5891,168857.3422,0.017872,2964.7531,3,state_change,0.1845
2016-11-15,2016-12-23,spy_heavy,0.6,0.4,0.0,168854.1294,177148.6938,0.049123,8294.5644,27,state_change,0.1903
2016-12-23,2017-01-05,neutral,0.5,0.5,0.0,177145.764,178803.1231,0.009356,1657.3591,7,state_change,0.1654
2017-01-05,2017-01-10,spy_heavy,0.6,0.4,0.0,178800.0168,177604.3369,-0.006687,-1195.6799,3,state_change,0.1737
2017-01-10,2017-02-08,neutral,0.5,0.5,0.0,177601.1853,178723.5689,0.00632,1122.3836,20,state_change,0.1774
2017-02-08,2017-02-13,iwm_heavy,0.4,0.6,0.0,178720.4753,182499.9984,0.021148,3779.5231,3,state_change,0.1731
2017-02-13,2017-02-17,neutral,0.5,0.5,0.0,182496.8422,183021.6797,0.002876,524.8375,4,state_change,0.1729
2017-02-17,2017-03-31,iwm_heavy,0.4,0.6,0.0,183018.5307,183446.8049,0.00234,428.2742,29,state_change,0.1721
2017-03-31,2017-04-05,neutral,0.5,0.5,0.0,183443.858,183190.0215,-0.001384,-253.8365,3,state_change,0.1606
2017-04-05,2017-04-11,iwm_heavy,0.4,0.6,0.0,183186.9026,181511.9822,-0.009143,-1674.9204,4,state_change,0.1703
2017-04-11,2017-04-17,neutral,0.5,0.5,0.0,181508.9665,180012.261,-0.008246,-1496.7055,3,state_change,0.1661
2017-04-17,2017-04-20,iwm_heavy,0.4,0.6,0.0,180009.2062,182159.2031,0.011944,2149.9969,3,state_change,0.1697
2017-04-20,2017-04-27,neutral,0.5,0.5,0.0,182156.0532,187293.2466,0.028202,5137.1934,5,state_change,0.1729
2017-04-27,2017-05-02,spy_heavy,0.6,0.4,0.0,187290.0055,186602.1045,-0.003673,-687.901,3,state_change,0.173
2017-05-02,2017-05-18,neutral,0.5,0.5,0.0,186598.92,181778.0842,-0.025835,-4820.8358,12,state_change,0.1707
2017-05-18,2017-06-05,iwm_heavy,0.4,0.6,0.0,181774.8117,188684.9066,0.038015,6910.0949,11,state_change,0.18
2017-06-05,2017-06-08,neutral,0.5,0.5,0.0,188681.7296,187943.8158,-0.003911,-737.9138,3,state_change,0.1684
2017-06-08,2017-06-13,iwm_heavy,0.4,0.6,0.0,187940.6328,190293.5021,0.012519,2352.8693,3,state_change,0.1694
2017-06-13,2017-06-22,neutral,0.5,0.5,0.0,190290.201,188723.9828,-0.008231,-1566.2182,7,state_change,0.1735
2017-06-22,2017-06-27,iwm_heavy,0.4,0.6,0.0,188720.7096,190151.1573,0.00758,1430.4477,3,state_change,0.1734
2017-06-27,2017-07-05,neutral,0.5,0.5,0.0,190147.9189,190391.8479,0.001283,243.929,5,state_change,0.1703
2017-07-05,2017-07-10,spy_heavy,0.6,0.4,0.0,190388.6512,189511.958,-0.004605,-876.6932,3,state_change,0.1679
2017-07-10,2017-07-26,neutral,0.5,0.5,0.0,189508.7639,194580.7673,0.026764,5072.0034,12,state_change,0.1685
2017-07-26,2017-07-31,spy_heavy,0.6,0.4,0.0,194577.5137,193356.364,-0.006276,-1221.1497,3,state_change,0.1672
2017-07-31,2017-08-03,neutral,0.5,0.5,0.0,193353.0869,192119.6233,-0.006379,-1233.4636,3,state_change,0.1695
2017-08-03,2017-09-01,iwm_heavy,0.4,0.6,0.0,192116.3544,191928.3357,-0.000979,-188.0187,21,state_change,0.1702
2017-09-01,2017-09-27,neutral,0.5,0.5,0.0,191925.1949,197278.9991,0.027895,5353.8042,17,state_change,0.1636
2017-09-27,2017-10-18,spy_heavy,0.6,0.4,0.0,197275.5471,202224.2337,0.025085,4948.6866,15,state_change,0.175
2017-10-18,2017-12-07,neutral,0.5,0.5,0.0,202220.9915,206673.3183,0.022017,4452.3268,35,state_change,0.1603
2017-12-07,2017-12-19,iwm_heavy,0.4,0.6,0.0,206669.8385,211299.2056,0.0224,4629.3671,8,state_change,0.1684
2017-12-19,2018-01-04,neutral,0.5,0.5,0.0,211295.8302,212917.3089,0.007674,1621.4787,10,state_change,0.1597
2018-01-04,2018-01-12,iwm_heavy,0.4,0.6,0.0,212913.8834,216787.1576,0.018192,3873.2742,6,state_change,0.1609
2018-01-12,2018-01-18,neutral,0.5,0.5,0.0,216783.7426,217667.4641,0.004077,883.7215,3,state_change,0.1575
2018-01-18,2018-02-09,iwm_heavy,0.4,0.6,0.0,217663.9036,203155.4548,-0.066655,-14508.4488,16,state_change,0.1636
2018-02-09,2018-02-14,neutral,0.5,0.5,0.0,203152.1222,205121.4089,0.009694,1969.2867,3,state_change,0.164
2018-02-14,2018-02-20,iwm_heavy,0.4,0.6,0.0,205117.992,211616.0526,0.03168,6498.0606,3,state_change,0.1666
2018-02-20,2018-02-27,neutral,0.5,0.5,0.0,211612.5994,215801.5975,0.019796,4188.9981,5,state_change,0.1632
2018-02-27,2018-03-02,iwm_heavy,0.4,0.6,0.0,215798.0847,206578.7824,-0.042722,-9219.3023,3,state_change,0.1628
2018-03-02,2018-03-08,neutral,0.5,0.5,0.0,206575.3863,215275.5242,0.042116,8700.1379,4,state_change,0.1644
2018-03-08,2018-03-16,spy_heavy,0.6,0.4,0.0,215271.8612,216283.4964,0.004699,1011.6352,6,state_change,0.1702
2018-03-16,2018-03-21,neutral,0.5,0.5,0.0,216279.9954,214407.0421,-0.00866,-1872.9533,3,state_change,0.1619
2018-03-21,2018-04-30,spy_heavy,0.6,0.4,0.0,214403.5392,212158.1478,-0.010473,-2245.3914,27,state_change,0.1634
2018-04-30,2018-05-03,neutral,0.5,0.5,0.0,212154.8054,209547.5106,-0.01229,-2607.2948,3,state_change,0.1575
2018-05-03,2018-05-15,spy_heavy,0.6,0.4,0.0,209544.0305,216518.7857,0.033285,6974.7552,8,state_change,0.1661
2018-05-15,2018-05-18,neutral,0.5,0.5,0.0,216515.3157,218737.3232,0.010263,2222.0075,3,state_change,0.1603
2018-05-18,2018-06-29,spy_heavy,0.6,0.4,0.0,218733.7064,220840.7399,0.009633,2107.0335,29,state_change,0.1653
2018-06-29,2018-07-05,neutral,0.5,0.5,0.0,220837.3443,222302.9077,0.006636,1465.5634,3,state_change,0.1538
2018-07-05,2018-07-11,spy_heavy,0.6,0.4,0.0,222299.3176,225683.4657,0.015223,3384.1481,4,state_change,0.1615
2018-07-11,2018-07-26,neutral,0.5,0.5,0.0,225679.8818,228170.0527,0.011034,2490.1709,11,state_change,0.1588
2018-07-26,2018-08-15,iwm_heavy,0.4,0.6,0.0,228166.3249,227934.7231,-0.001015,-231.6018,14,state_change,0.1634
2018-08-15,2018-08-20,neutral,0.5,0.5,0.0,227931.1494,229972.9931,0.008958,2041.8437,3,state_change,0.1568
2018-08-20,2018-08-23,iwm_heavy,0.4,0.6,0.0,229969.3808,231961.8031,0.008664,1992.4223,3,state_change,0.1571
2018-08-23,2018-09-14,neutral,0.5,0.5,0.0,231958.1083,233805.5254,0.007964,1847.4171,15,state_change,0.1593
2018-09-14,2018-10-12,iwm_heavy,0.4,0.6,0.0,233801.7635,217457.247,-0.069908,-16344.5165,20,state_change,0.1609
2018-10-12,2018-10-17,shy,0.0,0.0,1.0,217314.6025,217288.3909,-0.000121,-26.2116,3,state_change,6.5597
2018-10-17,2018-10-24,iwm_heavy,0.4,0.6,0.0,217145.6506,209378.6933,-0.035768,-7766.9573,5,state_change,6.5692
2018-10-24,2018-11-07,shy,0.0,0.0,1.0,209240.7665,209230.3491,-5e-05,-10.4174,10,state_change,6.5874
2018-11-07,2018-11-12,neutral,0.5,0.5,0.0,209092.9274,208051.1597,-0.004982,-1041.7677,3,state_change,6.568
2018-11-12,2018-11-15,iwm_heavy,0.4,0.6,0.0,208047.7479,201040.8617,-0.033679,-7006.8862,3,state_change,0.164
2018-11-15,2018-11-29,shy,0.0,0.0,1.0,200908.1728,201271.1001,0.001806,362.9273,9,state_change,6.6001
2018-11-29,2018-12-04,neutral,0.5,0.5,0.0,201138.8407,204272.7035,0.015581,3133.8628,3,state_change,6.5712
2018-12-04,2018-12-10,iwm_heavy,0.4,0.6,0.0,204269.3813,192309.3713,-0.05855,-11960.01,3,state_change,0.1626
2018-12-10,2019-02-05,shy,0.0,0.0,1.0,192182.3038,193525.2254,0.006988,1342.9216,38,state_change,6.6075
2019-02-05,2019-02-08,neutral,0.5,0.5,0.0,193398.643,190838.5516,-0.013237,-2560.0914,3,state_change,6.5409
2019-02-08,2019-02-13,shy,0.0,0.0,1.0,190713.7223,190463.0081,-0.001315,-250.7142,3,state_change,6.5411
2019-02-13,2019-03-06,spy_heavy,0.6,0.4,0.0,190338.8614,193341.8556,0.015777,3002.9942,14,state_change,6.5182
2019-03-06,2019-03-21,neutral,0.5,0.5,0.0,193338.8162,192496.6636,-0.004356,-842.1526,11,state_change,0.1572
2019-03-21,2019-04-11,iwm_heavy,0.4,0.6,0.0,192493.397,198362.8449,0.030492,5869.4479,15,state_change,0.1697
2019-04-11,2019-04-16,neutral,0.5,0.5,0.0,198359.7048,199207.2662,0.004273,847.5614,3,state_change,0.1583
2019-04-16,2019-04-30,iwm_heavy,0.4,0.6,0.0,199204.0826,200991.075,0.008971,1786.9924,9,state_change,0.1598
2019-04-30,2019-05-20,neutral,0.5,0.5,0.0,200987.9417,193199.8883,-0.038749,-7788.0534,14,state_change,0.1559
2019-05-20,2019-06-03,iwm_heavy,0.4,0.6,0.0,193196.6973,186390.9398,-0.035227,-6805.7575,9,state_change,0.1652
2019-06-03,2019-06-06,shy,0.0,0.0,1.0,186268.3662,186422.9269,0.00083,154.5607,3,state_change,6.5762
2019-06-06,2019-07-01,iwm_heavy,0.4,0.6,0.0,186300.3928,196147.2341,0.052855,9846.8413,17,state_change,6.5729
2019-07-01,2019-07-05,neutral,0.5,0.5,0.0,196144.1562,195119.1975,-0.005226,-1024.9587,3,state_change,0.1569
2019-07-05,2019-07-25,iwm_heavy,0.4,0.6,0.0,195116.0245,197306.8481,0.011228,2190.8236,14,state_change,0.1626
2019-07-25,2019-07-30,neutral,0.5,0.5,0.0,197303.7765,195635.509,-0.008455,-1668.2675,3,state_change,0.1557
2019-07-30,2019-08-02,iwm_heavy,0.4,0.6,0.0,195632.3672,192756.6978,-0.014699,-2875.6694,3,state_change,0.1606
2019-08-02,2019-08-07,neutral,0.5,0.5,0.0,192753.5951,186241.4298,-0.033785,-6512.1653,3,state_change,0.161
2019-08-07,2019-09-11,iwm_heavy,0.4,0.6,0.0,186238.4232,194909.8996,0.046561,8671.4764,24,state_change,0.1614
2019-09-11,2019-09-17,neutral,0.5,0.5,0.0,194906.8384,197177.9641,0.011652,2271.1257,4,state_change,0.1571
2019-09-17,2019-09-20,spy_heavy,0.6,0.4,0.0,197174.7612,197025.4199,-0.000757,-149.3413,3,state_change,0.1624
2019-09-20,2019-10-01,neutral,0.5,0.5,0.0,197022.193,194267.0039,-0.013984,-2755.1891,7,state_change,0.1638
2019-10-01,2019-10-17,iwm_heavy,0.4,0.6,0.0,194263.864,194908.1648,0.003317,644.3008,12,state_change,0.1616
2019-10-17,2019-11-06,neutral,0.5,0.5,0.0,194905.132,201582.7647,0.034261,6677.6327,14,state_change,0.1556
2019-11-06,2019-11-11,spy_heavy,0.6,0.4,0.0,201579.4966,201246.2741,-0.001653,-333.2225,3,state_change,0.1621
2019-11-11,2019-12-11,neutral,0.5,0.5,0.0,201243.1048,206494.7872,0.026096,5251.6824,21,state_change,0.1575
2019-12-11,2019-12-16,spy_heavy,0.6,0.4,0.0,206491.5449,209442.809,0.014292,2951.2641,3,state_change,0.157
2019-12-16,2019-12-19,neutral,0.5,0.5,0.0,209439.5641,210408.5332,0.004626,968.9691,3,state_change,0.1549
2019-12-19,2019-12-27,spy_heavy,0.6,0.4,0.0,210405.2777,213525.9572,0.014832,3120.6795,5,state_change,0.1547
2019-12-27,2020-01-03,neutral,0.5,0.5,0.0,213522.6764,210512.5943,-0.014097,-3010.0821,4,state_change,0.1536
2020-01-03,2020-01-17,iwm_heavy,0.4,0.6,0.0,210509.2976,218317.669,0.037093,7808.3714,10,state_change,0.1566
2020-01-17,2020-01-23,neutral,0.5,0.5,0.0,218314.3385,215923.6561,-0.010951,-2390.6824,3,state_change,0.1526
2020-01-23,2020-02-25,iwm_heavy,0.4,0.6,0.0,215920.27,210621.7513,-0.024539,-5298.5187,22,state_change,0.1568
2020-02-25,2020-02-28,neutral,0.5,0.5,0.0,210618.5401,187712.3174,-0.108757,-22906.2227,3,state_change,0.1525
2020-02-28,2020-03-05,shy,0.0,0.0,1.0,187589.4758,188873.1448,0.006843,1283.669,4,state_change,6.5441
2020-03-05,2020-03-10,iwm_heavy,0.4,0.6,0.0,188749.0393,172952.1251,-0.083693,-15796.9142,3,state_change,6.5708
2020-03-10,2020-05-27,shy,0.0,0.0,1.0,172837.5179,173855.7848,0.005891,1018.2669,54,state_change,6.6265
2020-05-27,2020-06-01,spy_heavy,0.6,0.4,0.0,173742.6687,173125.8643,-0.00355,-616.8044,3,state_change,6.5063
2020-06-01,2020-06-04,neutral,0.5,0.5,0.0,173122.9073,178105.221,0.028779,4982.3137,3,state_change,0.1708
2020-06-04,2020-06-12,spy_heavy,0.6,0.4,0.0,178102.3012,175377.9979,-0.015296,-2724.3033,6,state_change,0.1639
2020-06-12,2020-06-17,neutral,0.5,0.5,0.0,175375.0319,180001.1296,0.026378,4626.0977,3,state_change,0.1691
2020-06-17,2020-06-22,spy_heavy,0.6,0.4,0.0,179998.1281,176207.2696,-0.021061,-3790.8585,3,state_change,0.1667
2020-06-22,2020-06-30,neutral,0.5,0.5,0.0,176204.3071,175330.2082,-0.004961,-874.0989,6,state_change,0.1681
2020-06-30,2020-07-06,spy_heavy,0.6,0.4,0.0,175327.2427,181929.7226,0.037658,6602.4799,3,state_change,0.1691
2020-07-06,2020-08-10,neutral,0.5,0.5,0.0,181926.7532,194392.7935,0.068522,12466.0403,25,state_change,0.1632
2020-08-10,2020-08-19,spy_heavy,0.6,0.4,0.0,194389.6598,195917.5478,0.00786,1527.888,7,state_change,0.1612
2020-08-19,2020-08-27,neutral,0.5,0.5,0.0,195914.4622,198142.0503,0.01137,2227.5881,6,state_change,0.1575
2020-08-27,2020-09-09,iwm_heavy,0.4,0.6,0.0,198138.7706,192074.8408,-0.030604,-6063.9298,8,state_change,0.1655
2020-09-09,2020-09-14,neutral,0.5,0.5,0.0,192071.8381,191522.0366,-0.002862,-549.8015,3,state_change,0.1563
2020-09-14,2020-09-17,iwm_heavy,0.4,0.6,0.0,191518.9987,192175.9715,0.00343,656.9728,3,state_change,0.1586
2020-09-17,2020-09-24,neutral,0.5,0.5,0.0,192172.7884,183932.2126,-0.042881,-8240.5758,5,state_change,0.1656
2020-09-24,2020-09-29,iwm_heavy,0.4,0.6,0.0,183929.1356,191300.9071,0.040079,7371.7715,3,state_change,0.1673
2020-09-29,2020-10-06,neutral,0.5,0.5,0.0,191297.8922,198520.5171,0.037756,7222.6249,5,state_change,0.1576
2020-10-06,2020-10-15,spy_heavy,0.6,0.4,0.0,198517.1465,200244.534,0.008701,1727.3875,7,state_change,0.1698
2020-10-15,2020-10-20,neutral,0.5,0.5,0.0,200241.403,201595.3739,0.006762,1353.9709,3,state_change,0.1564
2020-10-20,2020-11-05,spy_heavy,0.6,0.4,0.0,201592.1687,203852.3091,0.011211,2260.1404,12,state_change,0.159
2020-11-05,2020-11-10,neutral,0.5,0.5,0.0,203849.0766,210871.228,0.034448,7022.1514,3,state_change,0.1586
2020-11-10,2020-12-31,spy_heavy,0.6,0.4,0.0,210867.6797,231285.9186,0.09683,20418.2389,36,period_end,0.1683
2021-01-05,2021-02-19,spy_heavy,0.6,0.4,0.0,99992.8329,109984.1329,0.09992,9991.3,31,state_change,0.7167
2021-02-19,2021-02-24,neutral,0.5,0.5,0.0,109982.8852,109217.3326,-0.006961,-765.5526,3,state_change,0.1134
2021-02-24,2021-03-05,spy_heavy,0.6,0.4,0.0,109215.7374,107095.581,-0.019413,-2120.1564,7,state_change,0.1461
2021-03-05,2021-03-10,neutral,0.5,0.5,0.0,107094.0225,110543.5128,0.03221,3449.4903,3,state_change,0.1455
2021-03-10,2021-03-19,spy_heavy,0.6,0.4,0.0,110541.9001,110589.6936,0.000432,47.7935,7,state_change,0.1459
2021-03-19,2021-03-25,neutral,0.5,0.5,0.0,110588.1072,106381.9176,-0.038035,-4206.1896,4,state_change,0.1434
2021-03-25,2021-03-31,iwm_heavy,0.4,0.6,0.0,106380.1795,110409.3238,0.037875,4029.1443,4,state_change,0.1634
2021-03-31,2021-04-06,neutral,0.5,0.5,0.0,110407.6869,113331.181,0.026479,2923.4941,3,state_change,0.1483
2021-04-06,2021-04-27,iwm_heavy,0.4,0.6,0.0,113329.5986,115810.4747,0.021891,2480.8761,15,state_change,0.1396
2021-04-27,2021-04-30,neutral,0.5,0.5,0.0,115808.9255,115010.3438,-0.006896,-798.5817,3,state_change,0.1338
2021-04-30,2021-05-27,iwm_heavy,0.4,0.6,0.0,115008.701,115080.608,0.000625,71.907,19,state_change,0.1428
2021-05-27,2021-07-06,neutral,0.5,0.5,0.0,115079.0432,118329.8851,0.028249,3250.8419,26,state_change,0.136
2021-07-06,2021-08-26,iwm_heavy,0.4,0.6,0.0,118328.1989,117711.4435,-0.005212,-616.7554,37,state_change,0.1425
2021-08-26,2021-09-28,neutral,0.5,0.5,0.0,117710.0802,117771.9258,0.000525,61.8456,22,state_change,0.1158
2021-09-28,2021-10-07,spy_heavy,0.6,0.4,0.0,117770.1627,116750.3501,-0.008659,-1019.8126,7,state_change,0.1497
2021-10-07,2021-10-13,neutral,0.5,0.5,0.0,116748.6792,116353.5215,-0.003385,-395.1577,4,state_change,0.1431
2021-10-13,2021-10-18,spy_heavy,0.6,0.4,0.0,116351.8709,118256.374,0.016368,1904.5031,3,state_change,0.1419
2021-10-18,2021-10-28,neutral,0.5,0.5,0.0,118254.6962,120027.9296,0.014995,1773.2334,8,state_change,0.1419
2021-10-28,2021-11-02,iwm_heavy,0.4,0.6,0.0,120026.1926,123596.9847,0.02975,3570.7921,3,state_change,0.1447
2021-11-02,2021-11-16,spy_heavy,0.6,0.4,0.0,123593.4678,125423.0995,0.014804,1829.6317,10,state_change,0.2846
2021-11-16,2021-11-22,neutral,0.5,0.5,0.0,125421.3959,124989.7693,-0.003441,-431.6266,4,state_change,0.1358
2021-11-22,2022-01-24,iwm_heavy,0.4,0.6,0.0,124987.9723,108356.5337,-0.133064,-16631.4386,42,state_change,0.1438
2022-01-24,2022-01-31,shy,0.0,0.0,1.0,108286.9463,107981.5888,-0.00282,-305.3575,5,state_change,6.4221
2022-01-31,2022-02-10,iwm_heavy,0.4,0.6,0.0,107912.1111,111737.1249,0.035446,3825.0138,8,state_change,6.4342
2022-02-10,2022-02-15,neutral,0.5,0.5,0.0,111735.4787,110760.4427,-0.008726,-975.036,3,state_change,0.1473
2022-02-15,2022-03-21,shy,0.0,0.0,1.0,110689.3025,110025.2197,-0.006,-664.0828,23,state_change,6.4229
2022-03-21,2022-04-06,neutral,0.5,0.5,0.0,109954.4158,108800.7129,-0.010493,-1153.7029,12,state_change,6.4352
2022-04-06,2022-04-12,iwm_heavy,0.4,0.6,0.0,108799.0511,107594.462,-0.011072,-1204.5891,4,state_change,0.1527
2022-04-12,2022-08-17,shy,0.0,0.0,1.0,107525.0204,106858.5241,-0.006199,-666.4963,87,state_change,6.454
2022-08-17,2022-08-22,spy_heavy,0.6,0.4,0.0,106789.8481,104008.518,-0.026045,-2781.3301,3,state_change,6.4268
2022-08-22,2022-12-01,shy,0.0,0.0,1.0,103941.6351,103128.4592,-0.007823,-813.1759,71,state_change,6.4305
2022-12-01,2022-12-06,neutral,0.5,0.5,0.0,103061.7222,100437.9862,-0.025458,-2623.736,3,state_change,6.4713
2022-12-06,2022-12-14,shy,0.0,0.0,1.0,100372.9285,100818.1152,0.004435,445.1867,6,state_change,6.4774
2022-12-14,2022-12-19,iwm_heavy,0.4,0.6,0.0,100752.7768,96872.7523,-0.03851,-3880.0245,3,state_change,6.4808
2022-12-19,2023-01-12,shy,0.0,0.0,1.0,96809.9094,97214.5259,0.004179,404.6165,16,state_change,6.4872
2023-01-12,2023-01-18,neutral,0.5,0.5,0.0,97151.7671,98465.8792,0.013526,1314.1121,3,state_change,6.4557
2023-01-18,2023-01-23,spy_heavy,0.6,0.4,0.0,98464.4105,97700.9022,-0.007754,-763.5083,3,state_change,0.1492
2023-01-23,2023-02-01,neutral,0.5,0.5,0.0,97699.478,100262.3541,0.026232,2562.8761,7,state_change,0.1458
2023-02-01,2023-02-10,spy_heavy,0.6,0.4,0.0,100260.8903,99956.7219,-0.003034,-304.1684,7,state_change,0.146
2023-02-10,2023-02-16,neutral,0.5,0.5,0.0,99955.2525,100981.4676,0.010267,1026.2151,4,state_change,0.147
2023-02-16,2023-03-07,spy_heavy,0.6,0.4,0.0,100980.0069,99668.9148,-0.012984,-1311.0921,12,state_change,0.1446
2023-03-07,2023-03-13,neutral,0.5,0.5,0.0,99667.4711,92620.4241,-0.070706,-7047.047,4,state_change,0.1449
2023-03-13,2023-03-17,shy,0.0,0.0,1.0,92560.4594,92741.515,0.001956,181.0556,4,state_change,6.4742
2023-03-17,2023-05-16,iwm_heavy,0.4,0.6,0.0,92681.2194,94507.0611,0.0197,1825.8417,41,state_change,6.5015
2023-05-16,2023-05-31,neutral,0.5,0.5,0.0,94505.8423,95536.3863,0.010905,1030.544,10,state_change,0.129
2023-05-31,2023-06-05,iwm_heavy,0.4,0.6,0.0,95534.9775,98604.4185,0.032129,3069.441,3,state_change,0.1475
2023-06-05,2023-06-08,neutral,0.5,0.5,0.0,98602.9633,100045.8053,0.014633,1442.842,3,state_change,0.1476
2023-06-08,2023-06-13,spy_heavy,0.6,0.4,0.0,100044.2521,101201.9543,0.011572,1157.7022,3,state_change,0.1553
2023-06-13,2023-06-23,neutral,0.5,0.5,0.0,101200.442,99570.6896,-0.016104,-1629.7524,7,state_change,0.1494
2023-06-23,2023-06-28,iwm_heavy,0.4,0.6,0.0,99569.1647,100497.8709,0.009327,928.7062,3,state_change,0.1531
2023-06-28,2023-07-06,neutral,0.5,0.5,0.0,100496.4157,101176.9126,0.006771,680.4969,5,state_change,0.1448
2023-07-06,2023-07-11,iwm_heavy,0.4,0.6,0.0,101175.4562,102873.6801,0.016785,1698.2239,3,state_change,0.1439
2023-07-11,2023-07-14,neutral,0.5,0.5,0.0,102872.1474,105369.7875,0.024279,2497.6401,3,state_change,0.149
2023-07-14,2023-07-25,spy_heavy,0.6,0.4,0.0,105368.3015,106121.387,0.007147,753.0855,7,state_change,0.141
2023-07-25,2023-08-01,neutral,0.5,0.5,0.0,106119.9005,107171.7702,0.009912,1051.8697,5,state_change,0.1401
2023-08-01,2023-08-08,spy_heavy,0.6,0.4,0.0,107170.2416,104867.3729,-0.021488,-2302.8687,5,state_change,0.1426
2023-08-08,2023-08-18,neutral,0.5,0.5,0.0,104865.8709,100434.708,-0.042256,-4431.1629,8,state_change,0.1432
2023-08-18,2023-09-05,iwm_heavy,0.4,0.6,0.0,100433.2116,104503.0658,0.040523,4069.8542,11,state_change,0.149
2023-09-05,2023-09-08,neutral,0.5,0.5,0.0,104501.5929,102423.3785,-0.019887,-2078.2144,3,state_change,0.1409
2023-09-08,2023-09-29,iwm_heavy,0.4,0.6,0.0,102421.8763,99762.1345,-0.025968,-2659.7418,15,state_change,0.1467
2023-09-29,2023-10-04,neutral,0.5,0.5,0.0,99760.7108,96432.8556,-0.033358,-3327.8552,3,state_change,0.1427
2023-10-04,2023-10-26,iwm_heavy,0.4,0.6,0.0,96431.3866,93596.7405,-0.029395,-2834.6461,16,state_change,0.1523
2023-10-26,2023-11-02,shy,0.0,0.0,1.0,93536.222,93918.5524,0.004088,382.3304,5,state_change,6.4659
2023-11-02,2023-11-15,iwm_heavy,0.4,0.6,0.0,93857.8299,99490.8136,0.060016,5632.9837,9,state_change,6.4654
2023-11-15,2023-11-22,neutral,0.5,0.5,0.0,99489.3639,99980.1849,0.004933,490.821,5,state_change,0.1457
2023-11-22,2023-11-28,iwm_heavy,0.4,0.6,0.0,99978.7156,100024.1604,0.000455,45.4448,3,state_change,0.147
2023-11-28,2023-12-05,neutral,0.5,0.5,0.0,100022.7188,102253.4601,0.022302,2230.7413,5,state_change,0.1441
2023-12-05,2023-12-08,spy_heavy,0.6,0.4,0.0,102251.8735,102350.4846,0.000964,98.6111,3,state_change,0.1552
2023-12-08,2023-12-14,neutral,0.5,0.5,0.0,102349.004,107270.8944,0.048089,4921.8904,4,state_change,0.1447
2023-12-14,2024-01-04,spy_heavy,0.6,0.4,0.0,107269.2948,106498.4434,-0.007186,-770.8514,13,state_change,0.1491
2024-01-04,2024-02-06,neutral,0.5,0.5,0.0,106496.9374,108717.0711,0.020847,2220.1337,22,state_change,0.1414
2024-02-06,2024-02-12,iwm_heavy,0.4,0.6,0.0,108715.315,112169.42,0.031772,3454.105,4,state_change,0.1615
2024-02-12,2024-02-23,neutral,0.5,0.5,0.0,112167.776,112998.4629,0.007406,830.6869,8,state_change,0.1466
2024-02-23,2024-02-28,iwm_heavy,0.4,0.6,0.0,112996.8316,113611.8119,0.005442,614.9803,3,state_change,0.1444
2024-02-28,2024-03-15,neutral,0.5,0.5,0.0,113610.1609,114003.0202,0.003458,392.8593,12,state_change,0.1453
2024-03-15,2024-03-21,iwm_heavy,0.4,0.6,0.0,114001.3835,117312.3885,0.029044,3311.005,4,state_change,0.1436
2024-03-21,2024-04-03,neutral,0.5,0.5,0.0,117310.7725,115649.5356,-0.014161,-1661.2369,8,state_change,0.1378
2024-04-03,2024-04-08,iwm_heavy,0.4,0.6,0.0,115647.9264,116662.7783,0.008775,1014.8519,3,state_change,0.1391
2024-04-08,2024-04-11,neutral,0.5,0.5,0.0,116661.1472,115135.6681,-0.013076,-1525.4791,3,state_change,0.1398
2024-04-11,2024-04-24,iwm_heavy,0.4,0.6,0.0,115134.036,113019.8109,-0.018363,-2114.2251,9,state_change,0.1417
2024-04-24,2024-04-29,neutral,0.5,0.5,0.0,113018.2556,113720.0158,0.006209,701.7602,3,state_change,0.1376
2024-04-29,2024-05-02,iwm_heavy,0.4,0.6,0.0,113718.4437,113027.7786,-0.006073,-690.6651,3,state_change,0.1382
2024-05-02,2024-05-23,neutral,0.5,0.5,0.0,113026.1833,118737.7012,0.050533,5711.5179,15,state_change,0.1411
2024-05-23,2024-05-31,iwm_heavy,0.4,0.6,0.0,118736.0315,117022.1058,-0.014435,-1713.9257,5,state_change,0.1406
2024-05-31,2024-06-05,neutral,0.5,0.5,0.0,117020.4865,117351.784,0.002831,331.2975,3,state_change,0.1384
2024-06-05,2024-07-12,iwm_heavy,0.4,0.6,0.0,117350.0913,123422.3137,0.051745,6072.2224,25,state_change,0.1442
2024-07-12,2024-07-17,neutral,0.5,0.5,0.0,123420.6611,126286.1586,0.023217,2865.4975,3,state_change,0.1339
2024-07-17,2024-08-05,spy_heavy,0.6,0.4,0.0,126284.2874,114332.84,-0.094639,-11951.4474,13,state_change,0.1482
2024-08-05,2024-10-04,neutral,0.5,0.5,0.0,114331.1429,127705.5008,0.116979,13374.3579,43,state_change,0.1484
2024-10-04,2024-10-14,iwm_heavy,0.4,0.6,0.0,127703.7503,129250.1336,0.012109,1546.3833,6,state_change,0.1371
2024-10-14,2024-10-23,neutral,0.5,0.5,0.0,129248.4291,128838.4871,-0.003172,-409.942,7,state_change,0.1319
2024-10-23,2024-10-29,iwm_heavy,0.4,0.6,0.0,128836.7337,128961.1611,0.000966,124.4274,4,state_change,0.1361
2024-10-29,2024-11-06,neutral,0.5,0.5,0.0,128959.4111,134629.1351,0.043965,5669.724,6,state_change,0.1357
2024-11-06,2024-11-15,spy_heavy,0.6,0.4,0.0,134627.0976,133703.6933,-0.006859,-923.4043,7,state_change,0.1513
2024-11-15,2024-11-22,neutral,0.5,0.5,0.0,133701.8204,135133.0167,0.010704,1431.1963,5,state_change,0.1401
2024-11-22,2024-12-06,spy_heavy,0.6,0.4,0.0,135131.1796,137965.1702,0.020972,2833.9906,9,state_change,0.136
2024-12-06,2024-12-19,neutral,0.5,0.5,0.0,137963.3305,131569.7092,-0.046343,-6393.6213,9,state_change,0.1333
2024-12-19,2024-12-30,iwm_heavy,0.4,0.6,0.0,131567.7613,130555.743,-0.007692,-1012.0183,7,period_end,0.1481
