z_lookback,z_threshold,iwm_heavy_pct,min_hold_days,dma_window,sharpe,cagr,max_drawdown,total_return,trade_count,position_switches,win_rate,profit_factor,avg_ppt_bps,avg_cost_bps
30,0.75,0.55,2,150,0.4896,0.0576,-0.2573,1.451,659,658,0.5645,1.2707,17.1,1.3922
30,0.75,0.55,2,200,0.473,0.0558,-0.2643,1.3833,647,646,0.5734,1.2559,16.69,1.0647
30,0.75,0.55,3,150,0.5884,0.0713,-0.2054,2.0101,551,550,0.5862,1.3468,23.9,1.4214
30,0.75,0.55,3,200,0.54,0.0654,-0.2858,1.7545,540,539,0.587,1.307,22.46,1.0489
30,0.75,0.55,5,150,0.5722,0.0691,-0.2264,1.9134,428,427,0.5724,1.3803,29.64,1.4214
30,0.75,0.55,5,200,0.6412,0.0797,-0.2082,2.4095,428,427,0.5864,1.4353,33.06,1.1657
30,0.75,0.6,2,150,0.4919,0.058,-0.256,1.4647,659,658,0.563,1.2735,17.27,1.4788
30,0.75,0.6,2,200,0.4739,0.056,-0.2637,1.3904,647,646,0.5703,1.2582,16.82,1.1566
30,0.75,0.6,3,150,0.5876,0.0713,-0.2041,2.009,551,550,0.5844,1.3478,23.97,1.5083
30,0.75,0.6,3,200,0.5379,0.0652,-0.2847,1.7457,540,539,0.5833,1.3074,22.49,1.1416
30,0.75,0.6,5,150,0.5739,0.0694,-0.2238,1.9267,428,427,0.5701,1.3823,29.85,1.5104
30,0.75,0.6,5,200,0.6448,0.0803,-0.2068,2.4406,428,427,0.5818,1.4392,33.37,1.2585
30,0.75,0.65,2,150,0.4938,0.0584,-0.2546,1.478,659,658,0.5645,1.2761,17.44,1.5659
30,0.75,0.65,2,200,0.4745,0.0562,-0.2632,1.3971,647,646,0.5703,1.2603,16.96,1.2491
30,0.75,0.65,3,150,0.5865,0.0713,-0.2074,2.0074,551,550,0.588,1.3482,24.05,1.5958
30,0.75,0.65,3,200,0.5355,0.0649,-0.2837,1.7365,540,539,0.587,1.3074,22.52,1.2348
30,0.75,0.65,5,150,0.5753,0.0697,-0.2212,1.9395,428,427,0.5701,1.3838,30.05,1.6001
30,0.75,0.65,5,200,0.6481,0.0809,-0.2053,2.4713,428,427,0.5818,1.4427,33.68,1.3518
30,0.75,0.7,2,150,0.4955,0.0587,-0.2534,1.4911,659,658,0.566,1.2784,17.61,1.6535
30,0.75,0.7,2,200,0.4748,0.0563,-0.2626,1.4034,647,646,0.5688,1.2622,17.09,1.3419
30,0.75,0.7,3,150,0.5851,0.0712,-0.2107,2.0053,551,550,0.5862,1.3483,24.13,1.6838
30,0.75,0.7,3,200,0.5329,0.0647,-0.2827,1.7269,540,539,0.587,1.3072,22.55,1.3285
30,0.75,0.7,5,150,0.5764,0.07,-0.219,1.9518,428,427,0.5724,1.3852,30.25,1.6902
30,0.75,0.7,5,200,0.651,0.0815,-0.2038,2.5018,428,427,0.5841,1.4462,34.0,1.4457
30,1.0,0.55,2,150,0.4513,0.0527,-0.2582,1.2741,654,653,0.552,1.2466,16.2,1.4002
30,1.0,0.55,2,200,0.4333,0.0504,-0.2663,1.1965,637,636,0.5604,1.2323,15.76,1.0778
30,1.0,0.55,3,150,0.4895,0.0582,-0.2768,1.47,554,553,0.5866,1.287,20.27,1.461
30,1.0,0.55,3,200,0.4654,0.0553,-0.3053,1.3651,543,542,0.5856,1.2608,19.62,1.0915
30,1.0,0.55,5,150,0.5847,0.0716,-0.2295,2.0245,442,441,0.5701,1.3826,29.81,1.3477
30,1.0,0.55,5,200,0.6449,0.0812,-0.2087,2.4866,439,438,0.5786,1.43,32.99,1.1082
30,1.0,0.6,2,150,0.4511,0.0527,-0.2578,1.2751,654,653,0.5505,1.248,16.29,1.4847
30,1.0,0.6,2,200,0.4314,0.0502,-0.2678,1.1897,637,636,0.5589,1.2329,15.8,1.1675
30,1.0,0.6,3,150,0.4872,0.0579,-0.2784,1.4605,554,553,0.5866,1.287,20.28,1.5454
30,1.0,0.6,3,200,0.4619,0.0549,-0.3074,1.3501,543,542,0.5838,1.2603,19.59,1.1814
30,1.0,0.6,5,150,0.589,0.0723,-0.2281,2.0534,442,441,0.5701,1.387,30.11,1.4374
30,1.0,0.6,5,200,0.6504,0.0821,-0.2076,2.5323,439,438,0.5763,1.436,33.37,1.2014
30,1.0,0.65,2,150,0.4507,0.0527,-0.2573,1.2758,654,653,0.5535,1.2493,16.38,1.5696
30,1.0,0.65,2,200,0.4292,0.05,-0.2692,1.1827,637,636,0.5604,1.2333,15.84,1.2577
30,1.0,0.65,3,150,0.4848,0.0576,-0.28,1.4508,554,553,0.5866,1.2867,20.3,1.6304
30,1.0,0.65,3,200,0.4582,0.0544,-0.3096,1.3348,543,542,0.5838,1.2597,19.57,1.272
30,1.0,0.65,5,150,0.5929,0.0729,-0.2267,2.082,442,441,0.5724,1.3909,30.4,1.5277
30,1.0,0.65,5,200,0.6556,0.083,-0.2066,2.5781,439,438,0.5786,1.4417,33.75,1.2953
30,1.0,0.7,2,150,0.4501,0.0528,-0.2569,1.2761,654,653,0.555,1.2504,16.47,1.655
30,1.0,0.7,2,200,0.4269,0.0498,-0.2707,1.1753,637,636,0.562,1.2336,15.88,1.3483
30,1.0,0.7,3,150,0.4821,0.0574,-0.2816,1.4407,554,553,0.5866,1.2864,20.31,1.7158
30,1.0,0.7,3,200,0.4544,0.054,-0.3118,1.3194,543,542,0.5838,1.259,19.54,1.3629
30,1.0,0.7,5,150,0.5966,0.0735,-0.2253,2.1105,442,441,0.5769,1.3946,30.69,1.6185
30,1.0,0.7,5,200,0.6605,0.0838,-0.2056,2.6239,439,438,0.5831,1.4472,34.12,1.3897
30,1.25,0.55,2,150,0.4688,0.0551,-0.255,1.3584,590,589,0.5814,1.2758,18.35,1.5631
30,1.25,0.55,2,200,0.4086,0.0469,-0.2898,1.0821,572,571,0.5769,1.2321,16.36,1.1876
30,1.25,0.55,3,150,0.5827,0.0704,-0.2161,1.9715,520,519,0.5865,1.3727,24.87,1.5503
30,1.25,0.55,3,200,0.5573,0.0676,-0.25,1.8488,503,502,0.5765,1.349,24.42,1.1435
30,1.25,0.55,5,150,0.5848,0.0713,-0.2296,2.0091,425,424,0.5953,1.4029,30.48,1.4303
30,1.25,0.55,5,200,0.6298,0.0784,-0.2139,2.3452,424,423,0.5967,1.4332,32.73,1.1098
30,1.25,0.6,2,150,0.4671,0.0549,-0.254,1.3509,590,589,0.5814,1.2761,18.37,1.6441
30,1.25,0.6,2,200,0.4052,0.0465,-0.2895,1.0685,572,571,0.5769,1.2316,16.34,1.2748
30,1.25,0.6,3,150,0.582,0.0704,-0.2178,1.9686,520,519,0.5865,1.3739,24.93,1.632
30,1.25,0.6,3,200,0.555,0.0673,-0.2496,1.8367,503,502,0.5765,1.3492,24.42,1.2317
30,1.25,0.6,5,150,0.5899,0.0721,-0.2283,2.0438,425,424,0.5976,1.4082,30.85,1.5155
30,1.25,0.6,5,200,0.6334,0.079,-0.2131,2.3749,424,423,0.5967,1.4376,33.03,1.2001
30,1.25,0.65,2,150,0.4652,0.0547,-0.2531,1.3433,590,589,0.5831,1.2764,18.4,1.7255
30,1.25,0.65,2,200,0.4018,0.046,-0.2891,1.0548,572,571,0.5787,1.231,16.31,1.3625
30,1.25,0.65,3,150,0.581,0.0703,-0.2196,1.9653,520,519,0.5904,1.3749,24.98,1.7143
30,1.25,0.65,3,200,0.5524,0.0671,-0.2493,1.8243,503,502,0.5805,1.3494,24.42,1.3204
30,1.25,0.65,5,150,0.5947,0.0728,-0.227,2.0784,425,424,0.6,1.4131,31.21,1.6013
30,1.25,0.65,5,200,0.6367,0.0796,-0.2122,2.4044,424,423,0.5991,1.442,33.34,1.291
30,1.25,0.7,2,150,0.4632,0.0545,-0.2521,1.3354,590,589,0.5847,1.2765,18.43,1.8073
30,1.25,0.7,2,200,0.3982,0.0456,-0.2888,1.041,572,571,0.5804,1.2303,16.28,1.4506
30,1.25,0.7,3,150,0.5798,0.0702,-0.2213,1.9616,520,519,0.5923,1.3758,25.04,1.797
30,1.25,0.7,3,200,0.5496,0.0668,-0.249,1.8117,503,502,0.5825,1.3494,24.42,1.4096
30,1.25,0.7,5,150,0.5994,0.0736,-0.2256,2.1131,425,424,0.6047,1.4178,31.57,1.6875
30,1.25,0.7,5,200,0.6397,0.0802,-0.2114,2.4339,424,423,0.6038,1.4463,33.64,1.3824
30,1.5,0.55,2,150,0.515,0.0612,-0.2387,1.5849,569,568,0.5571,1.322,20.74,1.6422
30,1.5,0.55,2,200,0.4501,0.0525,-0.2899,1.2662,550,549,0.5509,1.2688,18.73,1.2315
30,1.5,0.55,3,150,0.4894,0.058,-0.2773,1.4657,492,491,0.565,1.3176,22.72,1.6051
30,1.5,0.55,3,200,0.5056,0.0611,-0.264,1.5814,481,480,0.5572,1.319,23.85,1.2186
30,1.5,0.55,5,150,0.4987,0.0591,-0.2314,1.505,408,407,0.576,1.3545,27.23,1.5196
30,1.5,0.55,5,200,0.5895,0.0726,-0.2456,2.0696,401,400,0.591,1.4238,32.52,1.1981
30,1.5,0.6,2,150,0.5134,0.061,-0.2366,1.5775,569,568,0.5571,1.3222,20.78,1.7221
30,1.5,0.6,2,200,0.4491,0.0524,-0.2898,1.2631,550,549,0.5509,1.2695,18.79,1.3184
30,1.5,0.6,3,150,0.4883,0.0579,-0.2792,1.4619,492,491,0.5691,1.3181,22.78,1.6855
30,1.5,0.6,3,200,0.504,0.0609,-0.2661,1.576,481,480,0.5593,1.3195,23.9,1.3054
30,1.5,0.6,5,150,0.5034,0.0598,-0.2318,1.5322,408,407,0.576,1.3589,27.59,1.6013
30,1.5,0.6,5,200,0.5943,0.0734,-0.2443,2.1063,401,400,0.591,1.429,32.92,1.2854
30,1.5,0.65,2,150,0.5117,0.0608,-0.2346,1.57,569,568,0.5606,1.3223,20.81,1.8024
30,1.5,0.65,2,200,0.448,0.0523,-0.2897,1.2598,550,549,0.5545,1.2702,18.86,1.4057
30,1.5,0.65,3,150,0.487,0.0578,-0.2812,1.4579,492,491,0.5711,1.3185,22.83,1.7664
30,1.5,0.65,3,200,0.5023,0.0608,-0.2681,1.5704,481,480,0.5613,1.32,23.95,1.3928
30,1.5,0.65,5,150,0.5079,0.0605,-0.2322,1.5595,408,407,0.5735,1.3634,27.95,1.6835
30,1.5,0.65,5,200,0.599,0.0742,-0.243,2.1432,401,400,0.5885,1.4343,33.31,1.3733
30,1.5,0.7,2,150,0.5098,0.0606,-0.2325,1.5622,569,568,0.5624,1.3223,20.84,1.8832
30,1.5,0.7,2,200,0.4468,0.0522,-0.2896,1.2563,550,549,0.5564,1.2709,18.93,1.4933
30,1.5,0.7,3,150,0.4856,0.0577,-0.2831,1.4537,492,491,0.5732,1.3188,22.89,1.8476
30,1.5,0.7,3,200,0.5004,0.0606,-0.2702,1.5645,481,480,0.5634,1.3205,24.0,1.4806
30,1.5,0.7,5,150,0.5122,0.0612,-0.2326,1.5868,408,407,0.576,1.3677,28.31,1.7662
30,1.5,0.7,5,200,0.6035,0.075,-0.2417,2.1802,401,400,0.591,1.4395,33.71,1.4616
45,0.75,0.55,2,150,0.492,0.058,-0.259,1.4642,554,553,0.5686,1.3119,20.29,1.6857
45,0.75,0.55,2,200,0.4405,0.0512,-0.2956,1.2218,525,524,0.5752,1.2684,19.1,1.2858
45,0.75,0.55,3,150,0.5203,0.0624,-0.2642,1.6346,478,477,0.5732,1.3541,24.62,1.6761
45,0.75,0.55,3,200,0.4499,0.053,-0.2969,1.2828,464,463,0.5625,1.2861,22.19,1.3197
45,0.75,0.55,5,150,0.566,0.0695,-0.2393,1.9288,382,381,0.589,1.4261,33.09,1.5817
45,0.75,0.55,5,200,0.5887,0.0736,-0.2466,2.1148,378,377,0.5979,1.445,34.89,1.2698
45,0.75,0.6,2,150,0.4948,0.0584,-0.2592,1.4796,554,553,0.5668,1.3146,20.48,1.7661
45,0.75,0.6,2,200,0.4419,0.0514,-0.2944,1.2302,525,524,0.5733,1.2702,19.26,1.3728
45,0.75,0.6,3,150,0.5208,0.0626,-0.2687,1.64,478,477,0.5711,1.3557,24.75,1.7573
45,0.75,0.6,3,200,0.4493,0.0529,-0.2968,1.2821,464,463,0.5582,1.2869,22.27,1.4066
45,0.75,0.6,5,150,0.5678,0.0698,-0.2433,1.9429,382,381,0.5812,1.4283,33.31,1.6668
45,0.75,0.6,5,200,0.5923,0.0742,-0.2494,2.1429,378,377,0.5899,1.449,35.22,1.3595
45,0.75,0.65,2,150,0.4973,0.0588,-0.2594,1.4948,554,553,0.5704,1.3173,20.67,1.8471
45,0.75,0.65,2,200,0.443,0.0517,-0.2931,1.2384,525,524,0.5771,1.272,19.41,1.4602
45,0.75,0.65,3,150,0.5211,0.0627,-0.2731,1.645,478,477,0.5711,1.3571,24.87,1.839
45,0.75,0.65,3,200,0.4484,0.0529,-0.2967,1.2811,464,463,0.5582,1.2876,22.36,1.4941
45,0.75,0.65,5,150,0.5694,0.0701,-0.2473,1.9567,382,381,0.5812,1.4304,33.52,1.7525
45,0.75,0.65,5,200,0.5955,0.0748,-0.2522,2.1708,378,377,0.5899,1.4528,35.56,1.4499
45,0.75,0.7,2,150,0.4996,0.0592,-0.2597,1.5097,554,553,0.5686,1.3198,20.87,1.9285
45,0.75,0.7,2,200,0.4439,0.0519,-0.2918,1.2462,525,524,0.5752,1.2736,19.57,1.5481
45,0.75,0.7,3,150,0.5211,0.0628,-0.2775,1.6497,478,477,0.5711,1.3583,24.99,1.9211
45,0.75,0.7,3,200,0.4473,0.0529,-0.2966,1.2798,464,463,0.5582,1.2881,22.44,1.5819
45,0.75,0.7,5,150,0.5707,0.0704,-0.2513,1.9701,382,381,0.5785,1.4322,33.74,1.8386
45,0.75,0.7,5,200,0.5985,0.0754,-0.255,2.1985,378,377,0.5873,1.4564,35.89,1.5408
45,1.0,0.55,2,150,0.4966,0.0586,-0.2581,1.4881,568,567,0.5581,1.3089,19.92,1.5984
45,1.0,0.55,2,200,0.4642,0.0545,-0.2709,1.3385,551,550,0.5735,1.2792,19.09,1.2295
45,1.0,0.55,3,150,0.5558,0.0668,-0.226,1.8126,488,487,0.5861,1.3693,25.29,1.5878
45,1.0,0.55,3,200,0.5274,0.0636,-0.2864,1.6805,478,477,0.5858,1.3345,24.63,1.2255
45,1.0,0.55,5,150,0.559,0.0673,-0.2306,1.8357,391,390,0.5806,1.4051,31.6,1.5789
45,1.0,0.55,5,200,0.6539,0.0815,-0.2089,2.5019,389,388,0.5938,1.4769,36.98,1.269
45,1.0,0.6,2,150,0.5004,0.0592,-0.2576,1.5093,568,567,0.5581,1.3124,20.15,1.679
45,1.0,0.6,2,200,0.4663,0.0549,-0.2704,1.3508,551,550,0.5717,1.2816,19.27,1.3165
45,1.0,0.6,3,150,0.5592,0.0673,-0.2205,1.8343,488,487,0.584,1.3722,25.53,1.6687
45,1.0,0.6,3,200,0.5283,0.0638,-0.286,1.6884,478,477,0.5795,1.3359,24.79,1.3126
45,1.0,0.6,5,150,0.5614,0.0677,-0.2303,1.8521,391,390,0.5754,1.4079,31.83,1.6615
45,1.0,0.6,5,200,0.6591,0.0823,-0.2082,2.5461,389,388,0.5861,1.4826,37.4,1.357
45,1.0,0.65,2,150,0.504,0.0597,-0.257,1.5303,568,567,0.5581,1.3155,20.38,1.7601
45,1.0,0.65,2,200,0.4681,0.0552,-0.27,1.3628,551,550,0.5699,1.2838,19.46,1.4039
45,1.0,0.65,3,150,0.5622,0.0678,-0.2149,1.8559,488,487,0.582,1.3744,25.77,1.7502
45,1.0,0.65,3,200,0.529,0.064,-0.2856,1.6961,478,477,0.5774,1.3371,24.94,1.4003
45,1.0,0.65,5,150,0.5635,0.0681,-0.2299,1.8681,391,390,0.5729,1.4101,32.07,1.7446
45,1.0,0.65,5,200,0.664,0.0832,-0.2075,2.5903,389,388,0.5835,1.4878,37.82,1.4456
45,1.0,0.7,2,150,0.5074,0.0603,-0.2565,1.5511,568,567,0.5581,1.3185,20.61,1.8416
45,1.0,0.7,2,200,0.4697,0.0555,-0.2695,1.3745,551,550,0.5699,1.2859,19.64,1.4918
45,1.0,0.7,3,150,0.5651,0.0683,-0.2108,1.8772,488,487,0.582,1.3766,26.01,1.8321
45,1.0,0.7,3,200,0.5295,0.0641,-0.2852,1.7034,478,477,0.5795,1.3381,25.09,1.4884
45,1.0,0.7,5,150,0.5654,0.0684,-0.2296,1.8838,391,390,0.578,1.4121,32.31,1.8282
45,1.0,0.7,5,200,0.6687,0.084,-0.2068,2.6345,389,388,0.5887,1.4928,38.23,1.5346
45,1.25,0.55,2,150,0.4849,0.0572,-0.2594,1.4343,541,540,0.5582,1.3056,20.64,1.6972
45,1.25,0.55,2,200,0.455,0.0531,-0.2834,1.2894,522,521,0.5728,1.2759,19.86,1.2915
45,1.25,0.55,3,150,0.5092,0.0611,-0.2616,1.5819,472,471,0.5763,1.334,24.51,1.6093
45,1.25,0.55,3,200,0.5044,0.061,-0.2721,1.5799,460,459,0.5717,1.3199,24.95,1.2682
45,1.25,0.55,5,150,0.5787,0.0706,-0.2302,1.9787,377,376,0.5676,1.4363,33.81,1.5211
45,1.25,0.55,5,200,0.6394,0.0801,-0.2089,2.4284,378,377,0.5873,1.4844,37.3,1.3033
45,1.25,0.6,2,150,0.4878,0.0576,-0.2599,1.4499,541,540,0.5564,1.3087,20.83,1.7761
45,1.25,0.6,2,200,0.4552,0.0532,-0.283,1.2921,522,521,0.5709,1.2774,19.97,1.377
45,1.25,0.6,3,150,0.5103,0.0613,-0.2637,1.5898,472,471,0.5784,1.336,24.66,1.6892
45,1.25,0.6,3,200,0.5036,0.061,-0.2749,1.5782,460,459,0.5696,1.3209,25.02,1.3538
45,1.25,0.6,5,150,0.5816,0.071,-0.2296,1.998,377,376,0.5703,1.4395,34.08,1.6028
45,1.25,0.6,5,200,0.6432,0.0807,-0.2082,2.4602,378,377,0.5873,1.4887,37.64,1.3889
45,1.25,0.65,2,150,0.4905,0.058,-0.2603,1.4652,541,540,0.5601,1.3116,21.03,1.8555
45,1.25,0.65,2,200,0.4554,0.0533,-0.2825,1.2947,522,521,0.5728,1.2787,20.08,1.463
45,1.25,0.65,3,150,0.5113,0.0615,-0.2657,1.5974,472,471,0.5784,1.3374,24.81,1.7697
45,1.25,0.65,3,200,0.5027,0.0609,-0.2777,1.5763,460,459,0.5696,1.3216,25.1,1.4398
45,1.25,0.65,5,150,0.5843,0.0715,-0.2289,2.0171,377,376,0.5676,1.4419,34.34,1.685
45,1.25,0.65,5,200,0.6468,0.0813,-0.2075,2.4918,378,377,0.5847,1.4925,37.98,1.475
45,1.25,0.7,2,150,0.493,0.0584,-0.2608,1.4804,541,540,0.5638,1.3143,21.23,1.9353
45,1.25,0.7,2,200,0.4553,0.0534,-0.2821,1.297,522,521,0.5747,1.2798,20.19,1.5494
45,1.25,0.7,3,150,0.5121,0.0617,-0.2677,1.6048,472,471,0.5784,1.3387,24.96,1.8505
45,1.25,0.7,3,200,0.5016,0.0609,-0.2805,1.5741,460,459,0.5696,1.3222,25.17,1.5263
45,1.25,0.7,5,150,0.5867,0.0719,-0.2283,2.036,377,376,0.5756,1.4441,34.6,1.7676
45,1.25,0.7,5,200,0.6502,0.0819,-0.2068,2.5234,378,377,0.5926,1.496,38.32,1.5615
45,1.5,0.55,2,150,0.4575,0.0535,-0.2435,1.301,490,489,0.5551,1.3171,21.56,1.8899
45,1.5,0.55,2,200,0.425,0.0491,-0.2898,1.1534,473,472,0.5603,1.2805,20.52,1.4136
45,1.5,0.55,3,150,0.476,0.0562,-0.2769,1.3972,434,433,0.5783,1.3518,25.02,1.8959
45,1.5,0.55,3,200,0.4706,0.0562,-0.2846,1.3999,420,419,0.5619,1.336,25.49,1.4094
45,1.5,0.55,5,150,0.5721,0.0694,-0.2352,1.9256,340,339,0.5912,1.4663,36.99,1.7559
45,1.5,0.55,5,200,0.6014,0.0742,-0.2139,2.141,338,337,0.6036,1.4877,39.02,1.4409
45,1.5,0.6,2,150,0.4583,0.0536,-0.2414,1.3052,490,489,0.5531,1.3192,21.67,1.965
45,1.5,0.6,2,200,0.4261,0.0493,-0.2894,1.1591,473,472,0.5581,1.2827,20.65,1.4963
45,1.5,0.6,3,150,0.4752,0.0561,-0.2784,1.3947,434,433,0.576,1.3529,25.06,1.9706
45,1.5,0.6,3,200,0.4695,0.0561,-0.2866,1.3957,420,419,0.5595,1.3369,25.53,1.4919
45,1.5,0.6,5,150,0.5753,0.0699,-0.2351,1.946,340,339,0.5912,1.4705,37.28,1.8332
45,1.5,0.6,5,200,0.6041,0.0746,-0.2131,2.1616,338,337,0.6006,1.4918,39.31,1.5234
45,1.5,0.65,2,150,0.4591,0.0537,-0.2393,1.3091,490,489,0.5592,1.3212,21.78,2.0405
45,1.5,0.65,2,200,0.4272,0.0495,-0.2891,1.1646,473,472,0.5624,1.285,20.79,1.5795
45,1.5,0.65,3,150,0.4743,0.056,-0.2799,1.392,434,433,0.5829,1.3539,25.11,2.0457
45,1.5,0.65,3,200,0.4682,0.056,-0.2886,1.3913,420,419,0.5667,1.3378,25.57,1.5749
45,1.5,0.65,5,150,0.5783,0.0703,-0.2351,1.9664,340,339,0.5941,1.4743,37.57,1.9109
45,1.5,0.65,5,200,0.6067,0.075,-0.2122,2.182,338,337,0.6036,1.4958,39.59,1.6064
45,1.5,0.7,2,150,0.4597,0.0538,-0.2372,1.313,490,489,0.5592,1.3231,21.89,2.1164
45,1.5,0.7,2,200,0.4281,0.0496,-0.2888,1.17,473,472,0.5624,1.2872,20.93,1.663
45,1.5,0.7,3,150,0.4733,0.0559,-0.2814,1.389,434,433,0.5853,1.3548,25.16,2.1212
45,1.5,0.7,3,200,0.4669,0.0559,-0.2907,1.3867,420,419,0.569,1.3386,25.61,1.6583
45,1.5,0.7,5,150,0.5812,0.0708,-0.2351,1.9866,340,339,0.5971,1.4778,37.86,1.9891
45,1.5,0.7,5,200,0.6091,0.0755,-0.2114,2.2024,338,337,0.6065,1.4996,39.87,1.6898
60,0.75,0.55,2,150,0.5044,0.0598,-0.2459,1.5321,517,516,0.5532,1.3301,22.39,1.7482
60,0.75,0.55,2,200,0.4686,0.0551,-0.2877,1.3571,487,486,0.5606,1.3007,21.93,1.3517
60,0.75,0.55,3,150,0.5318,0.0641,-0.2631,1.7031,442,441,0.5747,1.3788,27.32,1.7771
60,0.75,0.55,3,200,0.4759,0.0568,-0.2854,1.4189,422,421,0.5711,1.3278,25.71,1.3786
60,0.75,0.55,5,150,0.539,0.0644,-0.2325,1.7142,350,349,0.5743,1.4083,34.01,1.7148
60,0.75,0.55,5,200,0.5992,0.0737,-0.2386,2.117,347,346,0.585,1.4625,37.91,1.4123
60,0.75,0.6,2,150,0.51,0.0606,-0.2463,1.5615,517,516,0.5532,1.3347,22.68,1.8304
60,0.75,0.6,2,200,0.473,0.0557,-0.2851,1.3802,487,486,0.5606,1.3045,22.21,1.44
60,0.75,0.6,3,150,0.5333,0.0644,-0.2667,1.7123,442,441,0.5724,1.3808,27.46,1.8591
60,0.75,0.6,3,200,0.4758,0.0568,-0.2848,1.4197,422,421,0.5687,1.3286,25.79,1.467
60,0.75,0.6,5,150,0.5377,0.0642,-0.2329,1.7063,350,349,0.5771,1.408,33.99,1.7965
60,0.75,0.6,5,200,0.6001,0.0738,-0.2365,2.1249,347,346,0.5879,1.4644,38.05,1.499
60,0.75,0.65,2,150,0.5153,0.0613,-0.2466,1.5908,517,516,0.5551,1.3392,22.97,1.9131
60,0.75,0.65,2,200,0.4772,0.0563,-0.2824,1.4031,487,486,0.5626,1.3083,22.48,1.5288
60,0.75,0.65,3,150,0.5345,0.0646,-0.2703,1.7211,442,441,0.5724,1.3826,27.61,1.9416
60,0.75,0.65,3,200,0.4753,0.0568,-0.2841,1.4201,422,421,0.5687,1.3294,25.88,1.5559
60,0.75,0.65,5,150,0.5361,0.064,-0.2334,1.6981,350,349,0.5771,1.4077,33.97,1.8786
60,0.75,0.65,5,200,0.6007,0.074,-0.2344,2.1324,347,346,0.5879,1.4662,38.2,1.5862
60,0.75,0.7,2,150,0.5202,0.0621,-0.247,1.62,517,516,0.5609,1.3437,23.27,1.9962
60,0.75,0.7,2,200,0.481,0.057,-0.2797,1.4258,487,486,0.5667,1.312,22.75,1.6181
60,0.75,0.7,3,150,0.5354,0.0648,-0.2739,1.7295,442,441,0.5769,1.3845,27.75,2.0247
60,0.75,0.7,3,200,0.4746,0.0568,-0.2835,1.4202,422,421,0.5711,1.3301,25.96,1.6452
60,0.75,0.7,5,150,0.5343,0.0638,-0.2338,1.6895,350,349,0.58,1.4073,33.96,1.9612
60,0.75,0.7,5,200,0.601,0.0741,-0.2324,2.1395,347,346,0.5908,1.4681,38.34,1.6739
60,1.0,0.55,2,150,0.4918,0.058,-0.2579,1.4652,536,535,0.5616,1.3067,21.1,1.7132
60,1.0,0.55,2,200,0.446,0.052,-0.2898,1.2491,510,509,0.5725,1.2706,19.99,1.3203
60,1.0,0.55,3,150,0.4906,0.0583,-0.2619,1.4758,462,461,0.5671,1.3273,24.15,1.701
60,1.0,0.55,3,200,0.454,0.0535,-0.2867,1.3026,448,447,0.5625,1.2886,23.17,1.3631
60,1.0,0.55,5,150,0.5599,0.0689,-0.2388,1.9044,362,361,0.5746,1.4259,34.63,1.588
60,1.0,0.55,5,200,0.6052,0.0762,-0.2477,2.2377,359,358,0.5905,1.4612,37.81,1.2524
60,1.0,0.6,2,150,0.4957,0.0586,-0.2553,1.4869,536,535,0.5634,1.3102,21.34,1.7931
60,1.0,0.6,2,200,0.4487,0.0524,-0.2895,1.2641,510,509,0.5745,1.2733,20.21,1.4063
60,1.0,0.6,3,150,0.4934,0.0588,-0.264,1.4926,462,461,0.5649,1.3301,24.39,1.7816
60,1.0,0.6,3,200,0.4556,0.0538,-0.2896,1.3129,448,447,0.5603,1.2908,23.36,1.4491
60,1.0,0.6,5,150,0.5632,0.0694,-0.2424,1.927,362,361,0.5691,1.4294,34.94,1.671
60,1.0,0.6,5,200,0.6103,0.077,-0.2481,2.2771,359,358,0.585,1.4664,38.24,1.3409
60,1.0,0.65,2,150,0.4995,0.0592,-0.2527,1.5084,536,535,0.5672,1.3136,21.59,1.8734
60,1.0,0.65,2,200,0.4512,0.0528,-0.2891,1.2788,510,509,0.5784,1.276,20.42,1.4928
60,1.0,0.65,3,150,0.4959,0.0592,-0.2662,1.5092,462,461,0.5671,1.3329,24.62,1.8628
60,1.0,0.65,3,200,0.457,0.0541,-0.2924,1.3229,448,447,0.5625,1.2929,23.55,1.5357
60,1.0,0.65,5,150,0.5663,0.0699,-0.2459,1.9493,362,361,0.5691,1.4328,35.24,1.7545
60,1.0,0.65,5,200,0.6151,0.0778,-0.2502,2.3165,359,358,0.585,1.4715,38.68,1.4299
60,1.0,0.7,2,150,0.503,0.0597,-0.25,1.5297,536,535,0.569,1.317,21.83,1.9542
60,1.0,0.7,2,200,0.4536,0.0533,-0.2887,1.2934,510,509,0.5804,1.2786,20.64,1.5797
60,1.0,0.7,3,150,0.4983,0.0596,-0.2684,1.5255,462,461,0.5671,1.3355,24.85,1.9443
60,1.0,0.7,3,200,0.4582,0.0544,-0.2953,1.3328,448,447,0.5625,1.2949,23.74,1.6227
60,1.0,0.7,5,150,0.5691,0.0704,-0.2495,1.9715,362,361,0.5691,1.4362,35.55,1.8385
60,1.0,0.7,5,200,0.6196,0.0786,-0.2523,2.3561,359,358,0.585,1.4766,39.11,1.5194
60,1.25,0.55,2,150,0.4986,0.0589,-0.2559,1.4964,500,499,0.564,1.3383,22.78,1.826
60,1.25,0.55,2,200,0.4706,0.0554,-0.2636,1.3692,487,486,0.5688,1.306,21.94,1.3769
60,1.25,0.55,3,150,0.5725,0.0689,-0.2224,1.9039,426,425,0.5822,1.4133,29.88,1.8032
60,1.25,0.55,3,200,0.5433,0.0659,-0.2749,1.7771,415,414,0.5735,1.3783,29.31,1.3634
60,1.25,0.55,5,150,0.5719,0.0689,-0.2308,1.9017,344,343,0.5698,1.4433,36.96,1.8187
60,1.25,0.55,5,200,0.6617,0.0826,-0.2089,2.5606,343,342,0.5889,1.5101,42.76,1.3842
60,1.25,0.6,2,150,0.5007,0.0592,-0.2533,1.5076,500,499,0.566,1.3411,22.94,1.9026
60,1.25,0.6,2,200,0.4709,0.0555,-0.2627,1.3721,487,486,0.5708,1.3075,22.05,1.4614
60,1.25,0.6,3,150,0.5729,0.069,-0.2192,1.9065,426,425,0.5822,1.4148,29.97,1.8807
60,1.25,0.6,3,200,0.541,0.0656,-0.2743,1.7643,415,414,0.5735,1.3778,29.28,1.4484
60,1.25,0.6,5,150,0.5744,0.0692,-0.2308,1.917,344,343,0.5756,1.4463,37.17,1.8964
60,1.25,0.6,5,200,0.6656,0.0832,-0.2082,2.5928,343,342,0.5918,1.5151,43.09,1.4691
60,1.25,0.65,2,150,0.5027,0.0594,-0.2507,1.5186,500,499,0.566,1.3439,23.1,1.9796
60,1.25,0.65,2,200,0.4711,0.0556,-0.2618,1.3747,487,486,0.5688,1.3091,22.15,1.5463
60,1.25,0.65,3,150,0.5731,0.069,-0.216,1.9087,426,425,0.5822,1.4163,30.06,1.9586
60,1.25,0.65,3,200,0.5386,0.0653,-0.2736,1.7513,415,414,0.5735,1.3773,29.24,1.5338
60,1.25,0.65,5,150,0.5767,0.0696,-0.2307,1.932,344,343,0.5727,1.4489,37.39,1.9746
60,1.25,0.65,5,200,0.6693,0.0838,-0.2075,2.6248,343,342,0.5889,1.52,43.42,1.5546
60,1.25,0.7,2,150,0.5045,0.0597,-0.2481,1.5294,500,499,0.57,1.3466,23.26,2.0571
60,1.25,0.7,2,200,0.4712,0.0556,-0.2609,1.3771,487,486,0.5708,1.3107,22.26,1.6317
60,1.25,0.7,3,150,0.5731,0.0691,-0.2128,1.9105,426,425,0.5845,1.4176,30.15,2.0369
60,1.25,0.7,3,200,0.536,0.065,-0.273,1.738,415,414,0.5759,1.3767,29.21,1.6197
60,1.25,0.7,5,150,0.5788,0.0699,-0.2306,1.9466,344,343,0.5785,1.4514,37.6,2.0531
60,1.25,0.7,5,200,0.6727,0.0844,-0.2068,2.6567,343,342,0.5918,1.5247,43.75,1.6406
60,1.5,0.55,2,150,0.4509,0.0526,-0.2571,1.2699,431,430,0.5638,1.3379,24.32,2.1644
60,1.5,0.55,2,200,0.4222,0.0488,-0.2898,1.1421,416,415,0.5721,1.2975,23.28,1.5931
60,1.5,0.55,3,150,0.4799,0.0566,-0.261,1.4132,384,383,0.5807,1.3678,28.63,2.1629
60,1.5,0.55,3,200,0.4845,0.0581,-0.2646,1.4681,372,371,0.5726,1.3599,29.59,1.578
60,1.5,0.55,5,150,0.5414,0.0654,-0.2352,1.7565,310,309,0.571,1.4517,39.02,1.915
60,1.5,0.55,5,200,0.5994,0.074,-0.2139,2.134,313,312,0.5847,1.5002,42.44,1.5945
60,1.5,0.6,2,150,0.4544,0.0531,-0.2536,1.2869,431,430,0.5615,1.3417,24.55,2.2349
60,1.5,0.6,2,200,0.4238,0.049,-0.2894,1.1499,416,415,0.5697,1.2996,23.44,1.6733
60,1.5,0.6,3,150,0.4811,0.0568,-0.2624,1.4203,384,383,0.5781,1.3701,28.77,2.2332
60,1.5,0.6,3,200,0.4823,0.0578,-0.2667,1.4576,372,371,0.5699,1.3594,29.55,1.6583
60,1.5,0.6,5,150,0.5448,0.0659,-0.2352,1.7766,310,309,0.571,1.456,39.33,1.9898
60,1.5,0.6,5,200,0.6023,0.0745,-0.2131,2.1553,313,312,0.5815,1.5045,42.73,1.6751
60,1.5,0.65,2,150,0.4577,0.0536,-0.2502,1.3038,431,430,0.5638,1.3454,24.79,2.3058
60,1.5,0.65,2,200,0.4252,0.0492,-0.2891,1.1577,416,415,0.5697,1.3017,23.6,1.7538
60,1.5,0.65,3,150,0.4821,0.057,-0.2638,1.4271,384,383,0.5781,1.3724,28.9,2.3039
60,1.5,0.65,3,200,0.4799,0.0575,-0.2689,1.447,372,371,0.5699,1.3588,29.5,1.739
60,1.5,0.65,5,150,0.5482,0.0664,-0.2352,1.7966,310,309,0.5742,1.4598,39.63,2.0651
60,1.5,0.65,5,200,0.605,0.0749,-0.2122,2.1764,313,312,0.5847,1.5084,43.02,1.7562
60,1.5,0.7,2,150,0.461,0.054,-0.2467,1.3207,431,430,0.5615,1.3491,25.03,2.377
60,1.5,0.7,2,200,0.4266,0.0495,-0.2888,1.1653,416,415,0.5673,1.3037,23.77,1.8348
60,1.5,0.7,3,150,0.483,0.0572,-0.2652,1.4337,384,383,0.5781,1.3746,29.04,2.3751
60,1.5,0.7,3,200,0.4775,0.0572,-0.271,1.4362,372,371,0.5699,1.3583,29.46,1.8201
60,1.5,0.7,5,150,0.5514,0.0669,-0.2351,1.8164,310,309,0.5806,1.4632,39.94,2.1408
60,1.5,0.7,5,200,0.6076,0.0754,-0.2114,2.1975,313,312,0.5911,1.5121,43.32,1.8378
90,0.75,0.55,2,150,0.5041,0.0596,-0.2489,1.5249,462,461,0.5584,1.3722,25.05,2.002
90,0.75,0.55,2,200,0.4534,0.0529,-0.2888,1.2814,430,429,0.5605,1.3173,24.22,1.5478
90,0.75,0.55,3,150,0.4976,0.0592,-0.265,1.5089,402,401,0.5647,1.3786,28.44,2.0097
90,0.75,0.55,3,200,0.4848,0.0579,-0.2692,1.4612,378,377,0.5608,1.3605,29.47,1.5973
90,0.75,0.55,5,150,0.5449,0.0648,-0.2329,1.732,311,310,0.5723,1.462,38.66,2.0905
90,0.75,0.55,5,200,0.6152,0.076,-0.2384,2.227,302,301,0.596,1.5191,44.96,1.5599
90,0.75,0.6,2,150,0.5062,0.0599,-0.252,1.5367,462,461,0.5606,1.3745,25.22,2.0794
90,0.75,0.6,2,200,0.4533,0.0529,-0.2872,1.2821,430,429,0.5628,1.318,24.29,1.6321
90,0.75,0.6,3,150,0.4979,0.0593,-0.2693,1.5121,402,401,0.5647,1.3795,28.53,2.0881
90,0.75,0.6,3,200,0.4843,0.0579,-0.2716,1.4612,378,377,0.5608,1.3612,29.54,1.6817
90,0.75,0.6,5,150,0.5422,0.0645,-0.2337,1.7174,311,310,0.5723,1.4601,38.53,2.1666
90,0.75,0.6,5,200,0.6144,0.076,-0.2369,2.2257,302,301,0.596,1.5199,45.01,1.644
90,0.75,0.65,2,150,0.508,0.0602,-0.2552,1.5482,462,461,0.5628,1.3768,25.38,2.1572
90,0.75,0.65,2,200,0.4529,0.0529,-0.2855,1.2824,430,429,0.5651,1.3186,24.37,1.717
90,0.75,0.65,3,150,0.4979,0.0593,-0.2736,1.515,402,401,0.5672,1.3804,28.63,2.167
90,0.75,0.65,3,200,0.4836,0.0579,-0.2761,1.4608,378,377,0.5635,1.3618,29.6,1.7665
90,0.75,0.65,5,150,0.5393,0.0641,-0.2345,1.7024,311,310,0.5723,1.4582,38.41,2.2431
90,0.75,0.65,5,200,0.6133,0.0759,-0.2354,2.224,302,301,0.596,1.5207,45.06,1.7287
90,0.75,0.7,2,150,0.5096,0.0605,-0.2583,1.5594,462,461,0.5693,1.3789,25.54,2.2354
90,0.75,0.7,2,200,0.4522,0.0529,-0.2839,1.2824,430,429,0.5698,1.3192,24.44,1.8022
90,0.75,0.7,3,150,0.4976,0.0594,-0.2778,1.5175,402,401,0.5746,1.3812,28.72,2.2463
90,0.75,0.7,3,200,0.4826,0.0579,-0.2806,1.46,378,377,0.5688,1.3623,29.67,1.8518
90,0.75,0.7,5,150,0.536,0.0637,-0.2352,1.6872,311,310,0.5723,1.4563,38.29,2.3201
90,0.75,0.7,5,200,0.6118,0.0759,-0.2338,2.2218,302,301,0.596,1.5214,45.11,1.8138
90,1.0,0.55,2,150,0.506,0.0599,-0.2492,1.5375,440,439,0.5864,1.3768,26.25,2.0977
90,1.0,0.55,2,200,0.4652,0.0546,-0.2877,1.3404,419,418,0.5967,1.3277,25.23,1.5536
90,1.0,0.55,3,150,0.5386,0.0649,-0.264,1.7352,394,393,0.5812,1.418,30.91,2.0151
90,1.0,0.55,3,200,0.4851,0.0581,-0.2848,1.4662,378,377,0.5741,1.355,29.27,1.5262
90,1.0,0.55,5,150,0.5669,0.0681,-0.2326,1.8698,303,302,0.604,1.4785,41.12,2.0552
90,1.0,0.55,5,200,0.6135,0.0755,-0.2319,2.2034,305,304,0.6197,1.503,44.25,1.5902
90,1.0,0.6,2,150,0.5046,0.0597,-0.2528,1.5303,440,439,0.5864,1.3766,26.25,2.1744
90,1.0,0.6,2,200,0.4629,0.0543,-0.285,1.33,419,418,0.5967,1.3269,25.2,1.6389
90,1.0,0.6,3,150,0.5396,0.0651,-0.2674,1.7419,394,393,0.5838,1.4195,31.04,2.0927
90,1.0,0.6,3,200,0.4844,0.058,-0.2835,1.4638,378,377,0.5767,1.3553,29.32,1.6118
90,1.0,0.6,5,150,0.5662,0.068,-0.2331,1.8648,303,302,0.6073,1.4782,41.12,2.1316
90,1.0,0.6,5,200,0.6153,0.0758,-0.2304,2.2176,305,304,0.623,1.5053,44.47,1.6747
90,1.0,0.65,2,150,0.5031,0.0595,-0.2563,1.5227,440,439,0.5841,1.3763,26.25,2.2515
90,1.0,0.65,2,200,0.4605,0.054,-0.2824,1.3194,419,418,0.5943,1.326,25.17,1.7248
90,1.0,0.65,3,150,0.5404,0.0652,-0.2707,1.7483,394,393,0.5838,1.421,31.17,2.1707
90,1.0,0.65,3,200,0.4834,0.0579,-0.2823,1.461,378,377,0.5767,1.3555,29.37,1.698
90,1.0,0.65,5,150,0.5652,0.0679,-0.2336,1.8595,303,302,0.604,1.4776,41.11,2.2083
90,1.0,0.65,5,200,0.6167,0.0761,-0.229,2.2314,305,304,0.6197,1.5074,44.68,1.7598
90,1.0,0.7,2,150,0.5013,0.0593,-0.2598,1.5148,440,439,0.5864,1.3758,26.24,2.3291
90,1.0,0.7,2,200,0.4578,0.0537,-0.2797,1.3085,419,418,0.5943,1.325,25.13,1.811
90,1.0,0.7,3,150,0.541,0.0654,-0.274,1.7543,394,393,0.5888,1.4223,31.29,2.2491
90,1.0,0.7,3,200,0.4821,0.0578,-0.2811,1.4579,378,377,0.5794,1.3556,29.41,1.7845
90,1.0,0.7,5,150,0.5639,0.0677,-0.2342,1.8538,303,302,0.604,1.4767,41.11,2.2855
90,1.0,0.7,5,200,0.6179,0.0764,-0.2275,2.2449,305,304,0.6197,1.5092,44.89,1.8452
90,1.25,0.55,2,150,0.4989,0.0591,-0.2613,1.5044,429,428,0.5641,1.3639,26.69,2.0818
90,1.25,0.55,2,200,0.4468,0.052,-0.2896,1.2509,415,414,0.5614,1.3019,24.8,1.5992
90,1.25,0.55,3,150,0.5274,0.0635,-0.2616,1.6775,382,381,0.5681,1.396,31.41,2.0022
90,1.25,0.55,3,200,0.4912,0.0589,-0.2853,1.4971,372,371,0.5484,1.3423,30.28,1.5457
90,1.25,0.55,5,150,0.5508,0.0677,-0.2395,1.8498,308,307,0.5682,1.4473,40.44,1.8914
90,1.25,0.55,5,200,0.5918,0.0741,-0.2472,2.138,306,305,0.5817,1.4741,43.74,1.5427
90,1.25,0.6,2,150,0.4987,0.0591,-0.2622,1.5042,429,428,0.5664,1.3645,26.76,2.1561
90,1.25,0.6,2,200,0.4471,0.0521,-0.2889,1.2541,415,414,0.5639,1.3029,24.92,1.6815
90,1.25,0.6,3,150,0.5285,0.0637,-0.2627,1.6854,382,381,0.5707,1.3975,31.57,2.0778
90,1.25,0.6,3,200,0.492,0.059,-0.2846,1.5035,372,371,0.5511,1.3437,30.44,1.629
90,1.25,0.6,5,150,0.5539,0.0681,-0.2429,1.8703,308,307,0.5649,1.4508,40.75,1.9692
90,1.25,0.6,5,200,0.5968,0.0749,-0.2499,2.1753,306,305,0.5784,1.4796,44.22,1.6265
90,1.25,0.65,2,150,0.4983,0.059,-0.2631,1.5037,429,428,0.5688,1.365,26.83,2.2307
90,1.25,0.65,2,200,0.4473,0.0522,-0.2882,1.257,415,414,0.5663,1.3039,25.04,1.7643
90,1.25,0.65,3,150,0.5294,0.0639,-0.2638,1.693,382,381,0.5707,1.399,31.73,2.1538
90,1.25,0.65,3,200,0.4927,0.0592,-0.284,1.5096,372,371,0.5511,1.3451,30.59,1.7129
90,1.25,0.65,5,150,0.5568,0.0686,-0.2462,1.8906,308,307,0.5649,1.4543,41.07,2.0476
90,1.25,0.65,5,200,0.6016,0.0757,-0.253,2.2127,306,305,0.5784,1.4851,44.7,1.7109
90,1.25,0.7,2,150,0.4977,0.059,-0.264,1.503,429,428,0.5688,1.3655,26.91,2.3058
90,1.25,0.7,2,200,0.4473,0.0523,-0.2876,1.2597,415,414,0.5663,1.3049,25.16,1.8474
90,1.25,0.7,3,150,0.5301,0.0641,-0.2648,1.7004,382,381,0.5707,1.4005,31.89,2.2302
90,1.25,0.7,3,200,0.4931,0.0594,-0.2834,1.5155,372,371,0.5538,1.3464,30.75,1.7971
90,1.25,0.7,5,150,0.5595,0.0691,-0.2496,1.9108,308,307,0.5649,1.4577,41.38,2.1263
90,1.25,0.7,5,200,0.6061,0.0765,-0.2561,2.2503,306,305,0.5784,1.4905,45.19,1.7958
90,1.5,0.55,2,150,0.4935,0.0583,-0.2364,1.4753,405,404,0.5605,1.3955,27.76,2.2661
90,1.5,0.55,2,200,0.4526,0.053,-0.2636,1.2834,383,382,0.5692,1.3479,26.71,1.7228
90,1.5,0.55,3,150,0.5283,0.0634,-0.2528,1.6748,354,353,0.5734,1.4311,33.63,2.1885
90,1.5,0.55,3,200,0.5157,0.0628,-0.2748,1.6477,341,340,0.5806,1.4047,34.18,1.6362
90,1.5,0.55,5,150,0.5269,0.0629,-0.2283,1.6516,280,279,0.5607,1.4641,42.16,2.2074
90,1.5,0.55,5,200,0.6206,0.0769,-0.2089,2.2735,276,275,0.5797,1.557,50.01,1.7485
90,1.5,0.6,2,150,0.4963,0.0587,-0.2365,1.4902,405,404,0.5605,1.3987,27.97,2.3361
90,1.5,0.6,2,200,0.4545,0.0533,-0.2627,1.2937,383,382,0.5692,1.3504,26.91,1.8022
90,1.5,0.6,3,150,0.5295,0.0636,-0.2547,1.6834,354,353,0.5706,1.433,33.8,2.2597
90,1.5,0.6,3,200,0.5166,0.0629,-0.2742,1.6547,341,340,0.5777,1.4065,34.34,1.7166
90,1.5,0.6,5,150,0.5272,0.0629,-0.2275,1.6542,280,279,0.5607,1.4651,42.24,2.2785
90,1.5,0.6,5,200,0.6212,0.0771,-0.2082,2.2809,276,275,0.5797,1.5589,50.15,1.8276
90,1.5,0.65,2,150,0.4989,0.0591,-0.2365,1.505,405,404,0.5654,1.4019,28.18,2.4066
90,1.5,0.65,2,200,0.4563,0.0536,-0.2618,1.3038,383,382,0.5718,1.3528,27.1,1.8821
90,1.5,0.65,3,150,0.5305,0.0639,-0.2566,1.6917,354,353,0.5734,1.4348,33.96,2.3315
90,1.5,0.65,3,200,0.5173,0.0631,-0.2736,1.6616,341,340,0.5806,1.4082,34.49,1.7975
90,1.5,0.65,5,150,0.5273,0.063,-0.2268,1.6566,280,279,0.5607,1.466,42.33,2.3501
90,1.5,0.65,5,200,0.6218,0.0772,-0.2075,2.2881,276,275,0.5797,1.5607,50.29,1.9071
90,1.5,0.7,2,150,0.5014,0.0595,-0.2365,1.5197,405,404,0.5654,1.405,28.4,2.4774
90,1.5,0.7,2,200,0.458,0.0538,-0.2613,1.3138,383,382,0.5718,1.3552,27.29,1.9622
90,1.5,0.7,3,150,0.5315,0.0641,-0.2585,1.6998,354,353,0.5734,1.4366,34.12,2.4035
90,1.5,0.7,3,200,0.5179,0.0633,-0.273,1.6682,341,340,0.5806,1.4099,34.65,1.8788
90,1.5,0.7,5,150,0.5273,0.063,-0.226,1.6587,280,279,0.575,1.4666,42.41,2.4221
90,1.5,0.7,5,200,0.6221,0.0774,-0.2068,2.2949,276,275,0.5942,1.5622,50.43,1.987
