entry_date,exit_date,entry_price,exit_price,shares,pnl,entry_cost,exit_cost,transaction_cost,liquidity_constrained,hold_days,signal_types,exit_reason,regime_active,period
2007-01-11,2007-01-12,100.0069,100.6527,250,161.44,14.1389,14.2368,28.3757,False,1,PRE_HOLIDAY,CALENDAR,True,IS
2007-01-30,2007-02-05,100.4501,101.7857,250,333.89,14.196,14.004,28.2,False,4,TOM,CALENDAR,True,IS
2007-02-15,2007-02-16,102.5659,102.4041,248,-40.14,13.9771,13.9712,27.9483,False,1,PRE_HOLIDAY,CALENDAR,True,IS
2007-02-27,2007-03-05,98.1344,96.5151,259,-419.41,14.0431,13.8428,27.8859,False,4,TOM,CALENDAR,True,IS
2007-03-29,2007-04-04,100.2679,101.4838,249,302.76,13.753,13.9144,27.6674,False,4,TOM,CALENDAR,True,IS
2007-04-27,2007-05-03,105.6069,106.0698,240,111.08,13.8833,13.954,27.8372,False,4,TOM,CALENDAR,True,IS
2007-05-24,2007-05-25,106.6874,107.0151,238,78.0,13.8986,13.9519,27.8504,False,1,PRE_HOLIDAY,CALENDAR,True,IS
2007-05-30,2007-06-05,108.3965,108.2851,235,-26.19,13.924,13.9245,27.8485,False,4,TOM,CALENDAR,True,IS
2007-06-15,2007-06-18,108.5729,108.3266,235,-57.89,13.9528,13.9372,27.89,False,1,PRE_HOLIDAY,CALENDAR,True,IS
2007-06-28,2007-07-05,106.665,107.8235,238,275.73,13.9051,14.057,27.962,False,4,"PRE_HOLIDAY,TOM",CALENDAR,True,IS
2007-07-30,2007-08-03,104.5372,101.8858,246,-652.24,14.1134,13.7999,27.9133,False,4,TOM,CALENDAR,True,IS
2007-08-30,2007-09-06,103.6648,104.9538,241,310.65,13.7255,13.8926,27.6181,False,4,"PRE_HOLIDAY,TOM",CALENDAR,True,IS
2007-09-27,2007-10-03,109.1022,109.4742,232,86.3,13.8369,13.8937,27.7306,False,4,TOM,CALENDAR,True,IS
2007-10-30,2007-11-05,109.0808,106.8187,233,-527.08,13.8922,13.6432,27.5354,False,4,TOM,CALENDAR,True,IS
2007-12-28,2008-01-04,105.5332,101.1304,236,-1039.06,13.6596,13.153,26.8126,False,4,"PRE_HOLIDAY,TOM",CALENDAR,True,IS
2009-06-17,2009-06-18,67.6524,68.0691,353,147.11,13.737,13.8248,27.5618,False,1,PRE_HOLIDAY,CALENDAR,True,IS
2009-06-29,2009-07-06,68.8891,66.6572,349,-778.92,13.7943,13.4211,27.2154,False,4,"PRE_HOLIDAY,TOM",CALENDAR,True,IS
2009-07-30,2009-08-05,73.3253,74.5335,317,383.0,13.2393,13.4349,26.6742,False,4,TOM,CALENDAR,True,IS
2009-08-28,2009-09-04,76.8252,75.7583,308,-328.61,13.3955,13.2474,26.6429,False,5,"PRE_HOLIDAY,TOM",CALENDAR,True,IS
2009-09-29,2009-10-05,79.1473,77.5812,294,-460.44,13.1272,12.9102,26.0374,False,4,TOM,CALENDAR,True,IS
2009-10-29,2009-11-04,79.6326,78.2524,287,-396.11,12.886,12.7022,25.5882,False,4,TOM,CALENDAR,True,IS
2009-11-24,2009-11-25,82.8729,83.0707,271,53.6,12.6128,12.6503,25.2631,False,1,PRE_HOLIDAY,CALENDAR,True,IS
2009-11-27,2009-12-03,81.8127,82.3249,275,140.84,12.6512,12.7313,25.3826,False,4,TOM,CALENDAR,True,IS
2009-12-23,2009-12-24,84.0396,84.3429,269,81.59,12.6652,12.7191,25.3843,False,1,PRE_HOLIDAY,CALENDAR,True,IS
2009-12-30,2010-01-06,84.4675,85.2654,269,214.62,12.7187,12.8437,25.5624,False,4,"PRE_HOLIDAY,TOM",CALENDAR,True,IS
2010-01-14,2010-01-15,86.2766,85.2128,266,-282.96,12.8213,12.6941,25.5154,False,1,PRE_HOLIDAY,CALENDAR,True,IS
2010-01-28,2010-02-03,81.5025,82.3557,278,237.19,12.7413,12.8722,25.6136,False,4,TOM,CALENDAR,True,IS
2010-02-11,2010-02-12,81.1722,81.0134,282,-44.79,12.8795,12.8693,25.7489,False,1,PRE_HOLIDAY,CALENDAR,True,IS
2010-02-25,2010-03-03,83.0788,84.208,275,310.51,12.8196,12.986,25.8056,False,4,TOM,CALENDAR,True,IS
2010-03-30,2010-04-06,88.4936,89.6299,262,297.72,12.9094,13.0704,25.9797,False,4,TOM,CALENDAR,True,IS
2010-04-29,2010-05-05,91.1015,87.9582,257,-807.83,13.0096,12.6221,25.6317,False,4,TOM,CALENDAR,True,IS
2010-06-16,2010-06-17,84.3933,84.4342,268,10.97,12.6826,12.7012,25.3839,False,1,PRE_HOLIDAY,CALENDAR,True,IS
2010-07-29,2010-08-04,83.53,85.4639,271,524.09,12.6985,12.973,25.6715,False,4,TOM,CALENDAR,True,IS
2010-09-29,2010-10-05,87.1597,88.2566,266,291.77,12.9434,13.0977,26.0411,False,4,TOM,CALENDAR,True,IS
2010-10-28,2010-11-03,90.1519,91.2307,260,280.47,13.032,13.1807,26.2127,False,4,TOM,CALENDAR,True,IS
2010-11-23,2010-11-24,90.19,91.4208,263,323.68,13.1921,13.3694,26.5615,False,1,PRE_HOLIDAY,CALENDAR,True,IS
2010-11-29,2010-12-03,90.7306,93.4668,265,725.09,13.3674,13.7459,27.1133,False,4,TOM,CALENDAR,True,IS
2010-12-22,2010-12-23,96.2745,96.0305,257,-62.71,13.6727,13.6537,27.3265,False,1,PRE_HOLIDAY,CALENDAR,True,IS
2010-12-29,2011-01-05,96.3817,97.5904,257,310.64,13.6827,13.8452,27.5279,False,5,"PRE_HOLIDAY,TOM",CALENDAR,True,IS
2011-01-13,2011-01-14,98.2568,98.8596,255,153.71,13.81,13.9014,27.7114,False,1,PRE_HOLIDAY,CALENDAR,True,IS
2011-01-28,2011-02-03,97.7594,99.9912,258,575.82,13.9154,14.2199,28.1353,False,4,TOM,CALENDAR,True,IS
2011-02-17,2011-02-18,102.7573,102.8585,251,25.41,14.1655,14.1925,28.358,False,1,PRE_HOLIDAY,CALENDAR,True,IS
2011-02-25,2011-03-03,101.2878,102.048,255,193.84,14.2098,14.3209,28.5307,False,4,TOM,CALENDAR,True,IS
2011-03-30,2011-04-05,102.066,102.3147,255,63.42,14.3109,14.3546,28.6654,False,4,TOM,CALENDAR,True,IS
2011-04-28,2011-05-04,104.6335,103.5358,249,-273.33,14.284,14.1623,28.4464,False,4,TOM,CALENDAR,True,IS
2011-05-26,2011-06-03,102.2428,100.1491,252,-527.6,14.1563,13.912,28.0683,False,5,"PRE_HOLIDAY,TOM",CALENDAR,True,IS
2011-06-16,2011-06-17,97.8612,98.0449,258,47.4,13.9348,13.9722,27.907,False,1,PRE_HOLIDAY,CALENDAR,True,IS
2011-06-29,2011-07-06,100.9883,103.3854,250,599.26,13.8924,14.2069,28.0993,False,4,"PRE_HOLIDAY,TOM",CALENDAR,True,IS
2011-07-28,2011-08-03,100.6021,97.3658,257,-831.73,14.2355,13.8324,28.0679,False,4,TOM,CALENDAR,True,IS
2011-10-28,2011-11-03,99.8646,97.9315,251,-485.21,13.8228,13.5956,27.4184,False,4,TOM,CALENDAR,True,IS
2011-12-29,2012-01-05,98.56,99.95,249,346.13,13.5432,13.7324,27.2756,False,4,"PRE_HOLIDAY,TOM",CALENDAR,True,IS
2012-01-12,2012-01-13,101.209,100.5746,246,-156.07,13.703,13.6378,27.3408,False,1,PRE_HOLIDAY,CALENDAR,True,IS
2012-01-30,2012-02-03,102.6624,105.0244,241,569.23,13.5875,13.8854,27.4729,False,4,TOM,CALENDAR,True,IS
2012-02-16,2012-02-17,106.3196,106.4842,238,39.18,13.8533,13.8868,27.7401,False,1,PRE_HOLIDAY,CALENDAR,True,IS
2012-02-28,2012-03-05,107.4995,106.7497,236,-176.97,13.8746,13.7979,27.6725,False,4,TOM,CALENDAR,True,IS
2012-03-29,2012-04-04,110.0662,109.656,229,-93.96,13.7649,13.73,27.4949,False,4,TOM,CALENDAR,True,IS
2012-04-27,2012-05-03,110.1918,109.1776,228,-231.25,13.7229,13.6204,27.3433,False,4,TOM,CALENDAR,True,IS
2012-05-24,2012-05-25,104.0228,103.5715,239,-107.86,13.6403,13.5997,27.24,False,1,PRE_HOLIDAY,CALENDAR,True,IS
2012-05-30,2012-06-05,103.4185,101.1957,239,-531.23,13.5702,13.32,26.8902,False,4,TOM,CALENDAR,True,IS
2012-06-15,2012-06-18,105.832,105.9208,229,20.35,13.2868,13.3105,26.5973,False,1,PRE_HOLIDAY,CALENDAR,True,IS
2012-06-28,2012-07-05,104.7669,107.8045,231,701.69,13.2832,13.646,26.9292,False,4,"PRE_HOLIDAY,TOM",CALENDAR,True,IS
2012-07-30,2012-08-03,109.4137,109.8221,228,93.12,13.635,13.6974,27.3325,False,4,TOM,CALENDAR,True,IS
2012-08-30,2012-09-06,110.8416,113.3057,226,556.88,13.67,13.9628,27.6328,False,4,"PRE_HOLIDAY,TOM",CALENDAR,True,IS
2012-09-27,2012-10-03,114.7248,114.9565,223,51.67,13.9249,13.9638,27.8887,False,4,TOM,CALENDAR,True,IS
2012-10-26,2012-11-05,112.1154,112.3893,229,62.72,13.9987,14.0456,28.0442,False,4,TOM,CALENDAR,True,IS
2012-11-20,2012-11-21,110.4022,110.4877,233,19.9,14.0502,14.0746,28.1247,False,1,PRE_HOLIDAY,CALENDAR,True,IS
2012-11-29,2012-12-05,112.7261,112.1119,228,-140.04,14.0156,13.9569,27.9725,False,4,TOM,CALENDAR,True,IS
2012-12-21,2012-12-24,114.0607,113.5855,224,-106.45,13.907,13.8678,27.7748,False,1,PRE_HOLIDAY,CALENDAR,True,IS
2012-12-28,2013-01-04,111.8561,116.7932,228,1125.67,13.9048,14.4919,28.3967,False,4,"PRE_HOLIDAY,TOM",CALENDAR,True,IS
2013-01-17,2013-01-18,118.2223,118.3573,225,30.36,14.4469,14.4757,28.9226,False,1,PRE_HOLIDAY,CALENDAR,True,IS
2013-01-30,2013-02-05,119.8758,120.5278,222,144.75,14.4317,14.5145,28.9461,False,4,TOM,CALENDAR,True,IS
2013-02-14,2013-02-15,121.649,121.3737,220,-60.57,14.492,14.4755,28.9675,False,1,PRE_HOLIDAY,CALENDAR,True,IS
2013-02-27,2013-03-05,121.3455,123.1132,220,388.88,14.469,14.6765,29.1455,False,4,TOM,CALENDAR,True,IS
2013-03-27,2013-04-03,125.3191,124.4142,216,-195.46,14.625,14.5434,29.1684,False,4,TOM,CALENDAR,True,IS
2013-04-29,2013-05-03,127.8144,129.3354,211,320.94,14.5635,14.7398,29.3033,False,4,TOM,CALENDAR,True,IS
2013-05-23,2013-05-24,132.7486,132.4935,205,-52.28,14.6449,14.633,29.2779,False,1,PRE_HOLIDAY,CALENDAR,True,IS
2013-05-30,2013-06-05,133.0535,129.2553,204,-774.82,14.6031,14.2332,28.8363,False,4,TOM,CALENDAR,True,IS
2013-06-17,2013-06-18,131.9382,132.8381,200,179.97,14.2116,14.3166,28.5283,False,1,PRE_HOLIDAY,CALENDAR,True,IS
2013-06-27,2013-07-03,129.9263,129.9473,205,4.3,14.3677,14.3825,28.7502,False,4,"PRE_HOLIDAY,TOM",CALENDAR,True,IS
2013-07-30,2013-08-05,135.9835,137.5376,195,303.05,14.243,14.4094,28.6523,False,4,TOM,CALENDAR,True,IS
2013-08-29,2013-09-05,132.4186,133.7183,203,263.84,14.4717,14.6194,29.091,False,4,"PRE_HOLIDAY,TOM",CALENDAR,True,IS
2013-09-27,2013-10-03,136.9057,135.7141,198,-235.93,14.5554,14.4533,29.0087,False,4,TOM,CALENDAR,True,IS
2013-10-30,2013-11-05,142.8872,142.718,188,-31.82,14.391,14.3849,28.7758,False,4,TOM,CALENDAR,True,IS
2013-11-26,2013-12-04,146.4453,145.5194,184,-170.36,14.4065,14.3358,28.7423,False,5,"PRE_HOLIDAY,TOM",CALENDAR,True,IS
2013-12-23,2013-12-24,148.7478,148.9145,180,30.01,14.3013,14.3308,28.6321,False,1,PRE_HOLIDAY,CALENDAR,True,IS
2013-12-30,2014-01-06,149.7991,148.4505,178,-240.04,14.2364,14.1316,28.368,False,4,"PRE_HOLIDAY,TOM",CALENDAR,True,IS
2014-01-16,2014-01-17,150.288,149.4926,176,-140.0,14.1207,14.0621,28.1829,False,1,PRE_HOLIDAY,CALENDAR,True,IS
2014-01-30,2014-02-05,146.0587,142.5973,180,-623.07,14.0646,13.7681,27.8327,False,4,TOM,CALENDAR,True,IS
2014-02-13,2014-02-14,149.1391,149.8019,173,114.67,13.7872,13.8587,27.6459,False,1,PRE_HOLIDAY,CALENDAR,True,IS
2014-02-27,2014-03-05,151.4288,152.8384,171,241.04,13.8194,13.9482,27.7676,False,4,TOM,CALENDAR,True,IS
2014-03-28,2014-04-03,151.8271,154.2326,172,413.75,13.9295,14.1495,28.079,False,4,TOM,CALENDAR,True,IS
2014-04-29,2014-05-05,153.6769,154.0608,172,66.04,14.0966,14.1421,28.2387,False,4,TOM,CALENDAR,True,IS
2014-05-22,2014-05-23,155.1828,155.639,171,78.0,14.1356,14.1877,28.3233,False,1,PRE_HOLIDAY,CALENDAR,True,IS
2014-05-29,2014-06-04,157.4583,157.9612,169,85.0,14.1626,14.2177,28.3804,False,4,TOM,CALENDAR,True,IS
2014-06-17,2014-06-18,159.4718,160.4714,168,167.95,14.2444,14.3418,28.5862,False,1,PRE_HOLIDAY,CALENDAR,True,IS
2014-06-27,2014-07-03,161.0501,162.8342,167,297.96,14.2896,14.4536,28.7432,False,4,"PRE_HOLIDAY,TOM",CALENDAR,True,IS
2014-07-30,2014-08-05,162.004,157.7485,168,-714.92,14.4604,14.1219,28.5823,False,4,TOM,CALENDAR,True,IS
2014-08-28,2014-09-04,164.603,164.4857,161,-18.88,14.0664,14.0687,28.135,False,4,"PRE_HOLIDAY,TOM",CALENDAR,True,IS
2014-09-29,2014-10-03,163.224,162.2087,162,-164.49,14.0444,13.9784,28.0228,False,4,TOM,CALENDAR,True,IS
2014-10-30,2014-11-05,164.7444,167.0127,160,362.91,14.0017,14.1952,28.197,False,4,TOM,CALENDAR,True,IS
2014-11-25,2014-12-03,171.1312,171.5939,156,72.18,14.1335,14.1836,28.3171,False,5,"PRE_HOLIDAY,TOM",CALENDAR,True,IS
2014-12-23,2014-12-24,172.6076,172.4413,155,-25.77,14.1725,14.174,28.3465,False,1,PRE_HOLIDAY,CALENDAR,True,IS
2014-12-30,2015-01-06,172.483,165.8429,155,-1029.22,14.1629,13.6625,27.8254,False,4,"PRE_HOLIDAY,TOM",CALENDAR,True,IS
2015-01-15,2015-01-16,165.3545,167.3452,155,308.56,13.6115,13.7788,27.3903,False,1,PRE_HOLIDAY,CALENDAR,True,IS
2015-01-29,2015-02-04,167.8221,169.362,155,238.7,13.8015,13.9352,27.7367,False,4,TOM,CALENDAR,True,IS
2015-02-12,2015-02-13,173.5796,174.1096,151,80.03,13.8799,13.9333,27.8132,False,1,PRE_HOLIDAY,CALENDAR,True,IS
2015-02-26,2015-03-04,175.6234,174.4832,150,-171.04,13.9358,13.8594,27.7952,False,4,TOM,CALENDAR,True,IS
2015-03-30,2015-04-06,173.7953,173.2611,150,-80.13,13.8034,13.7765,27.5798,False,4,TOM,CALENDAR,True,IS
2015-04-29,2015-05-05,175.7313,174.1532,148,-233.55,13.7533,13.6544,27.4078,False,4,TOM,CALENDAR,True,IS
2015-05-21,2015-05-22,178.1765,177.563,145,-88.97,13.6561,13.6253,27.2813,False,1,PRE_HOLIDAY,CALENDAR,True,IS
2015-05-28,2015-06-03,177.3086,176.6709,145,-92.47,13.5951,13.5586,27.1538,False,4,TOM,CALENDAR,True,IS
2015-06-17,2015-06-18,175.7481,177.3879,146,239.41,13.5707,13.7053,27.276,False,1,PRE_HOLIDAY,CALENDAR,True,IS
2015-06-29,2015-07-06,172.2674,173.1741,150,136.0,13.6849,13.7666,27.4515,False,4,"PRE_HOLIDAY,TOM",CALENDAR,True,IS
2015-07-30,2015-08-05,176.7958,175.9805,147,-119.85,13.7451,13.6959,27.4411,False,4,TOM,CALENDAR,True,IS
2015-10-29,2015-11-04,176.0374,177.1396,147,162.03,13.6908,13.7842,27.4749,False,4,TOM,CALENDAR,True,IS
2015-11-24,2015-11-25,176.4758,176.2638,148,-31.38,13.8173,13.8147,27.632,False,1,PRE_HOLIDAY,CALENDAR,True,IS
2015-11-27,2015-12-03,176.6528,173.1396,147,-516.44,13.7365,13.4931,27.2296,False,4,TOM,CALENDAR,True,IS
2015-12-30,2016-01-06,174.626,168.4181,146,-906.35,13.5017,13.0586,26.5603,False,4,"PRE_HOLIDAY,TOM",CALENDAR,True,IS
2016-03-30,2016-04-05,175.6033,173.8594,140,-244.16,13.0017,12.895,25.8967,False,4,TOM,CALENDAR,True,IS
2016-04-28,2016-05-04,176.8222,174.5576,138,-312.51,12.904,12.7593,25.6633,False,4,TOM,CALENDAR,True,IS
2016-05-26,2016-06-03,178.4331,179.0449,135,82.58,12.7341,12.7864,25.5205,False,5,"PRE_HOLIDAY,TOM",CALENDAR,True,IS
2016-06-16,2016-06-17,177.6063,176.7578,136,-115.4,12.7661,12.7212,25.4873,False,1,PRE_HOLIDAY,CALENDAR,True,IS
2016-06-29,2016-07-06,177.0649,179.4453,136,323.73,12.7446,12.9199,25.6645,False,4,"PRE_HOLIDAY,TOM",CALENDAR,True,IS
2016-07-28,2016-08-03,185.7268,185.0259,131,-91.81,12.8298,12.795,25.6248,False,4,TOM,CALENDAR,True,IS
2016-08-30,2016-09-06,186.7805,187.4653,130,89.02,12.7958,12.8518,25.6475,False,4,"PRE_HOLIDAY,TOM",CALENDAR,True,IS
2016-09-29,2016-10-05,184.8653,185.4874,132,82.12,12.8789,12.9331,25.8119,False,4,TOM,CALENDAR,True,IS
2016-10-28,2016-11-03,183.0225,179.5949,133,-455.87,12.8429,12.6277,25.4707,False,4,TOM,CALENDAR,True,IS
2016-11-22,2016-11-23,189.9457,189.8488,126,-12.21,12.6082,12.6146,25.2228,False,1,PRE_HOLIDAY,CALENDAR,True,IS
2016-11-29,2016-12-05,190.2299,190.1069,126,-15.5,12.6265,12.6301,25.2566,False,4,TOM,CALENDAR,True,IS
2016-12-22,2016-12-23,195.2228,195.3031,122,9.79,12.5257,12.5431,25.0688,False,1,PRE_HOLIDAY,CALENDAR,True,IS
2016-12-29,2017-01-05,194.3307,195.9001,123,193.03,12.5745,12.6841,25.2586,False,4,"PRE_HOLIDAY,TOM",CALENDAR,True,IS
2017-01-12,2017-01-13,196.2189,196.4626,123,29.97,12.6888,12.7154,25.4042,False,1,PRE_HOLIDAY,CALENDAR,True,IS
2017-01-30,2017-02-03,197.1025,198.4441,122,163.68,12.64,12.7337,25.3737,False,4,TOM,CALENDAR,True,IS
2017-02-16,2017-02-17,203.3129,203.4196,120,12.81,12.8043,12.8237,25.628,False,1,PRE_HOLIDAY,CALENDAR,True,IS
2017-02-27,2017-03-03,205.3829,206.301,118,108.34,12.7113,12.7813,25.4926,False,4,TOM,CALENDAR,True,IS
2017-03-30,2017-04-05,205.5631,204.0352,119,-181.82,12.8326,12.7542,25.5868,False,4,TOM,CALENDAR,True,IS
2017-04-27,2017-05-03,207.5727,207.2507,117,-37.67,12.7353,12.7291,25.4644,False,4,TOM,CALENDAR,True,IS
2017-05-25,2017-05-26,210.3217,210.0578,115,-30.35,12.6781,12.6756,25.3536,False,1,PRE_HOLIDAY,CALENDAR,True,IS
2017-05-30,2017-06-05,210.0956,212.0392,115,223.52,12.6652,12.7904,25.4556,False,4,TOM,CALENDAR,True,IS
2017-06-15,2017-06-16,212.0702,211.8944,115,-20.22,12.7723,12.7749,25.5473,False,1,PRE_HOLIDAY,CALENDAR,True,IS
2017-06-29,2017-07-06,210.9889,210.0692,116,-106.7,12.8252,12.7858,25.611,False,4,"PRE_HOLIDAY,TOM",CALENDAR,True,IS
2017-07-28,2017-08-03,215.8494,215.6672,112,-20.41,12.6534,12.6533,25.3067,False,4,TOM,CALENDAR,True,IS
2017-08-30,2017-09-06,215.0627,215.6146,113,62.37,12.729,12.7733,25.5023,False,4,"PRE_HOLIDAY,TOM",CALENDAR,True,IS
2017-09-28,2017-10-04,219.9427,222.1788,111,248.21,12.7667,12.9017,25.6684,False,4,TOM,CALENDAR,True,IS
2017-10-30,2017-11-03,225.5652,226.8216,109,136.94,12.8426,12.9235,25.766,False,4,TOM,CALENDAR,True,IS
2017-11-21,2017-11-22,228.4116,227.9713,108,-47.55,12.8802,12.8689,25.749,False,1,PRE_HOLIDAY,CALENDAR,True,IS
2017-11-29,2017-12-05,230.8012,230.9815,107,19.3,12.8888,12.912,25.8008,False,4,TOM,CALENDAR,True,IS
2017-12-21,2017-12-22,236.2811,235.9731,104,-32.04,12.8115,12.8081,25.6196,False,1,PRE_HOLIDAY,CALENDAR,True,IS
2017-12-28,2018-01-04,236.5373,239.5898,104,317.47,12.8236,12.9955,25.8192,False,4,"PRE_HOLIDAY,TOM",CALENDAR,True,IS
2018-01-11,2018-01-12,243.822,245.1559,102,136.06,12.9498,13.0312,25.981,False,1,PRE_HOLIDAY,CALENDAR,True,IS
2018-01-30,2018-02-05,248.8022,232.8148,101,-1614.73,13.0775,12.2954,25.3729,False,4,TOM,CALENDAR,True,IS
2018-02-15,2018-02-16,241.0938,240.9127,97,-17.56,12.2028,12.206,24.4088,False,1,PRE_HOLIDAY,CALENDAR,True,IS
2018-02-27,2018-03-05,242.33,240.1011,97,-216.2,12.2638,12.1673,24.4311,False,4,TOM,CALENDAR,True,IS
2018-03-28,2018-04-04,230.3569,233.4196,101,309.33,12.1599,12.3295,24.4894,False,4,TOM,CALENDAR,True,IS
2018-04-27,2018-05-03,236.3233,232.5871,100,-373.62,12.3363,12.1578,24.494,False,4,TOM,CALENDAR,True,IS
2018-05-24,2018-05-25,241.8553,241.0276,96,-79.46,12.0982,12.0707,24.1689,False,1,PRE_HOLIDAY,CALENDAR,True,IS
2018-05-30,2018-06-05,241.6869,243.6403,95,185.57,11.9667,12.0715,24.0382,False,4,TOM,CALENDAR,True,IS
2018-06-15,2018-06-18,246.7973,246.0331,94,-71.83,12.0787,12.0548,24.1335,False,1,PRE_HOLIDAY,CALENDAR,True,IS
2018-06-28,2018-07-05,241.2403,242.9639,96,165.46,12.0679,12.1613,24.2292,False,4,"PRE_HOLIDAY,TOM",CALENDAR,True,IS
2018-07-30,2018-08-03,249.3087,252.2962,94,280.83,12.1972,12.349,24.5462,False,4,TOM,CALENDAR,True,IS
2018-08-30,2018-09-06,258.5256,256.3531,91,-197.69,12.2254,12.1384,24.3638,False,4,"PRE_HOLIDAY,TOM",CALENDAR,True,IS
2018-09-27,2018-10-03,260.0447,260.695,90,58.53,12.1558,12.1968,24.3527,False,4,TOM,CALENDAR,True,IS
2018-11-29,2018-12-06,245.0967,241.1413,96,-379.72,12.2669,12.0918,24.3587,False,4,TOM,CALENDAR,True,IS
2019-02-14,2019-02-15,246.8878,249.3183,94,228.47,12.0863,12.2133,24.2996,False,1,PRE_HOLIDAY,CALENDAR,True,IS
2019-02-27,2019-03-05,251.2247,250.8015,93,-39.36,12.1564,12.1468,24.3032,False,4,TOM,CALENDAR,True,IS
2019-03-28,2019-04-03,253.6959,258.5872,92,450.0,12.1427,12.381,24.5237,False,4,TOM,CALENDAR,True,IS
2019-04-29,2019-05-03,265.5892,265.4579,89,-11.69,12.2694,12.2767,24.5461,False,4,TOM,CALENDAR,True,IS
2019-05-23,2019-05-24,254.9883,255.3008,93,29.06,12.339,12.3657,24.7046,False,1,PRE_HOLIDAY,CALENDAR,True,IS
2019-05-30,2019-06-05,252.1777,255.4632,94,308.83,12.3394,12.5098,24.8492,False,4,TOM,CALENDAR,True,IS
2019-06-17,2019-06-18,261.5224,263.9862,92,226.67,12.5075,12.6337,25.1412,False,1,PRE_HOLIDAY,CALENDAR,True,IS
2019-06-27,2019-07-03,264.7287,271.0765,92,584.0,12.6528,12.9515,25.6043,False,4,"PRE_HOLIDAY,TOM",CALENDAR,True,IS
2019-07-30,2019-08-05,273.1017,257.4862,91,-1421.01,12.8905,12.2005,25.0911,False,4,TOM,CALENDAR,True,IS
2019-08-29,2019-09-05,265.7097,270.1872,88,394.02,12.1599,12.3688,24.5287,False,4,"PRE_HOLIDAY,TOM",CALENDAR,True,IS
2019-09-27,2019-10-03,269.5092,264.6906,89,-428.85,12.4469,12.2466,24.6935,False,4,TOM,CALENDAR,True,IS
2019-10-30,2019-11-05,277.4831,279.8294,84,197.09,12.0875,12.1929,24.2804,False,4,TOM,CALENDAR,True,IS
2019-11-26,2019-12-04,286.5517,283.867,82,-220.15,12.1625,12.0669,24.2295,False,5,"PRE_HOLIDAY,TOM",CALENDAR,True,IS
2019-12-23,2019-12-24,294.5067,294.2111,79,-23.35,12.0347,12.0347,24.0694,False,1,PRE_HOLIDAY,CALENDAR,True,IS
2019-12-30,2020-01-06,294.3783,296.4184,79,161.17,12.0297,12.1217,24.1514,False,4,"PRE_HOLIDAY,TOM",CALENDAR,True,IS
2020-01-16,2020-01-17,303.3998,304.0295,78,49.12,12.2289,12.2655,24.4944,False,1,PRE_HOLIDAY,CALENDAR,True,IS
2020-01-30,2020-02-05,300.4293,304.863,78,345.82,12.1178,12.3075,24.4253,False,4,TOM,CALENDAR,True,IS
2020-02-13,2020-02-14,309.0291,309.2044,77,13.5,12.2985,12.3171,24.6157,False,1,PRE_HOLIDAY,CALENDAR,True,IS
2020-06-17,2020-06-18,287.4222,287.2348,83,-15.56,12.3734,12.3774,24.7507,False,1,PRE_HOLIDAY,CALENDAR,True,IS
2020-07-01,2020-07-02,287.6311,288.9151,83,106.57,12.3843,12.4504,24.8347,False,1,PRE_HOLIDAY,CALENDAR,True,IS
2020-07-30,2020-08-05,300.0801,307.3111,80,578.48,12.4192,12.7192,25.1384,False,4,TOM,CALENDAR,True,IS
2020-08-28,2020-09-04,324.7373,316.9902,76,-588.77,12.7291,12.4603,25.1895,False,5,"PRE_HOLIDAY,TOM",CALENDAR,True,IS
2020-09-29,2020-10-05,309.1026,315.6484,78,510.57,12.4748,12.7403,25.2151,False,4,TOM,CALENDAR,True,IS
2020-11-24,2020-11-25,337.7924,336.9237,73,-63.41,12.7194,12.6939,25.4133,False,1,PRE_HOLIDAY,CALENDAR,True,IS
2020-11-27,2020-12-03,338.2107,340.6678,72,176.91,12.554,12.6524,25.2065,False,4,TOM,CALENDAR,True,IS
2020-12-23,2020-12-24,343.2947,344.2753,72,70.61,12.7268,12.7751,25.5019,False,1,PRE_HOLIDAY,CALENDAR,True,IS
2020-12-30,2021-01-06,347.4227,348.5205,71,77.94,12.6962,12.7497,25.4458,False,4,"PRE_HOLIDAY,TOM",CALENDAR,True,IS
2021-01-14,2021-01-15,353.4653,350.5265,70,-205.72,12.7307,12.6409,25.3716,False,1,PRE_HOLIDAY,CALENDAR,True,IS
2021-02-11,2021-02-12,364.9063,366.3316,67,95.5,12.579,12.6393,25.2183,False,1,PRE_HOLIDAY,CALENDAR,True,IS
2021-03-30,2021-04-06,369.8681,380.1496,67,688.87,12.738,13.0935,25.8315,False,4,TOM,CALENDAR,True,IS
2021-04-29,2021-05-05,393.6022,389.164,64,-284.04,12.9244,12.7942,25.7186,False,4,TOM,CALENDAR,True,IS
2021-05-27,2021-06-03,392.8809,391.9908,64,-56.96,12.9061,12.8906,25.7967,False,4,"PRE_HOLIDAY,TOM",CALENDAR,True,IS
2021-06-16,2021-06-17,395.5231,394.9863,63,-33.82,12.7791,12.7749,25.554,False,1,PRE_HOLIDAY,CALENDAR,True,IS
2021-06-29,2021-07-06,402.0721,406.5714,62,278.95,12.7824,12.9345,25.7169,False,4,"PRE_HOLIDAY,TOM",CALENDAR,True,IS
2021-07-29,2021-08-04,414.246,412.253,61,-121.57,12.9503,12.9029,25.8532,False,4,TOM,CALENDAR,True,IS
2021-08-30,2021-09-03,425.1319,425.4948,59,21.41,12.8437,12.866,25.7098,False,4,"PRE_HOLIDAY,TOM",CALENDAR,True,IS
2021-09-29,2021-10-05,409.726,408.034,61,-103.21,12.8125,12.7754,25.5879,False,4,TOM,CALENDAR,True,IS
2021-10-28,2021-11-03,432.2373,437.8244,58,324.05,12.8343,13.007,25.8413,False,4,TOM,CALENDAR,True,IS
2021-11-23,2021-11-24,441.5454,442.2713,57,41.38,12.8735,12.9066,25.7802,False,1,PRE_HOLIDAY,CALENDAR,True,IS
2021-11-29,2021-12-03,438.1598,427.1782,58,-636.93,13.0076,12.7044,25.712,False,4,TOM,CALENDAR,True,IS
2021-12-22,2021-12-23,442.6236,444.9216,56,128.69,12.6914,12.7688,25.4602,False,1,PRE_HOLIDAY,CALENDAR,True,IS
2021-12-29,2021-12-30,451.8888,450.1783,55,-94.08,12.7171,12.6824,25.3995,False,1,PRE_HOLIDAY,CAP,True,IS
2022-01-13,2022-01-14,439.6359,439.3595,56,-15.48,12.7676,12.7727,25.5402,False,1,PRE_HOLIDAY,CALENDAR,True,OOS
2022-02-17,2022-02-18,413.6357,410.5358,60,-185.99,12.7265,12.6454,25.3719,False,1,PRE_HOLIDAY,CALENDAR,True,OOS
2022-03-30,2022-04-05,435.4642,427.744,56,-432.33,12.4928,12.287,24.7798,False,4,TOM,CALENDAR,True,OOS
2023-01-12,2023-01-13,381.7801,382.8673,63,68.49,12.3602,12.4072,24.7674,False,1,PRE_HOLIDAY,CALENDAR,True,OOS
2023-01-30,2023-02-03,385.2712,396.1742,63,686.89,12.4669,12.8242,25.291,False,4,TOM,CALENDAR,True,OOS
2023-02-16,2023-02-17,392.667,391.2838,64,-88.52,12.9023,12.8694,25.7717,False,1,PRE_HOLIDAY,CALENDAR,True,OOS
2023-02-27,2023-03-03,382.5206,388.3342,65,377.88,12.7736,12.9736,25.7472,False,4,TOM,CALENDAR,True,OOS
2023-03-30,2023-04-05,389.7439,393.1051,65,218.48,13.008,13.1296,26.1376,False,4,TOM,CALENDAR,True,OOS
2023-04-27,2023-05-03,398.1527,393.5103,64,-297.12,13.0729,12.937,26.0099,False,4,TOM,CALENDAR,True,OOS
2023-05-25,2023-05-26,400.3152,405.0836,63,300.41,12.9365,13.1006,26.0372,False,1,PRE_HOLIDAY,CALENDAR,True,OOS
2023-05-30,2023-06-05,405.654,411.912,63,394.26,13.1054,13.314,26.4194,False,4,TOM,CALENDAR,True,OOS
2023-06-15,2023-06-16,427.2986,425.4071,60,-113.49,13.1277,13.0839,26.2116,False,1,PRE_HOLIDAY,CALENDAR,True,OOS
2023-06-29,2023-07-06,424.535,425.6006,61,65.01,13.2611,13.3069,26.568,False,4,"PRE_HOLIDAY,TOM",CALENDAR,True,OOS
2023-07-28,2023-08-03,442.7619,434.4872,58,-479.93,13.1363,12.91,26.0463,False,4,TOM,CALENDAR,True,OOS
2023-08-30,2023-09-06,437.0352,431.9509,58,-294.89,12.9745,12.8396,25.8141,False,4,"PRE_HOLIDAY,TOM",CALENDAR,True,OOS
2023-09-28,2023-10-04,416.7069,412.5302,60,-250.61,12.81,12.698,25.508,False,4,TOM,CALENDAR,True,OOS
2023-11-21,2023-11-22,440.7744,442.0233,56,69.94,12.6344,12.6802,25.3146,False,1,PRE_HOLIDAY,CALENDAR,True,OOS
2023-11-29,2023-12-05,442.0774,443.5582,56,82.92,12.6678,12.7201,25.3878,False,4,TOM,CALENDAR,True,OOS
2023-12-21,2023-12-22,461.5321,461.987,54,24.56,12.7374,12.7623,25.4998,False,1,PRE_HOLIDAY,CALENDAR,True,OOS
2023-12-28,2024-01-04,465.4278,455.7738,54,-521.32,12.8422,12.5947,25.4369,False,4,"PRE_HOLIDAY,TOM",CALENDAR,True,OOS
2024-01-11,2024-01-12,465.0959,464.9424,52,-7.98,12.3591,12.3664,24.7255,False,1,PRE_HOLIDAY,CALENDAR,True,OOS
2024-01-30,2024-02-05,479.2922,480.4218,51,57.61,12.4825,12.5267,25.0092,False,4,TOM,CALENDAR,True,OOS
2024-02-15,2024-02-16,490.1494,487.2104,50,-146.95,12.5127,12.4514,24.9641,False,1,PRE_HOLIDAY,CALENDAR,True,OOS
2024-02-28,2024-03-05,494.299,494.6917,49,19.24,12.3666,12.3869,24.7535,False,4,TOM,CALENDAR,True,OOS
2024-03-27,2024-04-03,512.3963,508.1948,47,-197.47,12.282,12.1943,24.4763,False,4,TOM,CALENDAR,True,OOS
2024-04-29,2024-05-03,499.5565,500.2499,48,33.29,12.239,12.2693,24.5083,False,4,TOM,CALENDAR,True,OOS
2024-05-23,2024-05-24,515.1289,518.0082,47,135.33,12.3499,12.4299,24.7798,False,1,PRE_HOLIDAY,CALENDAR,True,OOS
2024-05-30,2024-06-05,511.8478,523.1255,47,530.05,12.2713,12.5483,24.8196,False,4,TOM,CALENDAR,True,OOS
2024-06-17,2024-06-18,535.8333,536.6472,46,37.44,12.5609,12.5922,25.1532,False,1,PRE_HOLIDAY,CALENDAR,True,OOS
2024-06-27,2024-07-03,536.8446,541.2939,46,204.67,12.582,12.6963,25.2783,False,4,"PRE_HOLIDAY,TOM",CALENDAR,True,OOS
2024-07-30,2024-08-05,532.5511,507.8414,47,-1161.35,12.7655,12.2014,24.967,False,4,TOM,CALENDAR,True,OOS
2024-08-29,2024-09-05,548.6159,539.4776,43,-392.95,12.0292,11.8414,23.8706,False,4,"PRE_HOLIDAY,TOM",CALENDAR,True,OOS
2024-09-27,2024-10-03,563.2292,559.0618,42,-175.03,12.0504,11.9716,24.022,False,4,TOM,CALENDAR,True,OOS
2024-10-30,2024-11-05,571.646,567.8049,41,-157.48,11.931,11.8671,23.7981,False,4,TOM,CALENDAR,True,OOS
2024-11-26,2024-12-04,591.9883,598.2876,39,245.67,11.7518,11.8833,23.635,False,5,"PRE_HOLIDAY,TOM",CALENDAR,True,OOS
2024-12-23,2024-12-24,588.0869,594.0182,40,237.25,11.9739,12.1056,24.0795,False,1,PRE_HOLIDAY,CALENDAR,True,OOS
2024-12-30,2025-01-06,581.6888,588.15,41,264.91,12.1435,12.2888,24.4322,False,4,"PRE_HOLIDAY,TOM",CALENDAR,True,OOS
2025-01-16,2025-01-17,585.0708,590.3431,41,216.16,12.2148,12.3359,24.5507,False,1,PRE_HOLIDAY,CALENDAR,True,OOS
2025-01-30,2025-02-05,598.3218,596.9027,40,-56.76,12.1791,12.1626,24.3417,False,4,TOM,CALENDAR,True,OOS
2025-02-13,2025-02-14,602.9597,602.3166,40,-25.72,12.2692,12.2687,24.5378,False,1,PRE_HOLIDAY,CALENDAR,True,OOS
2025-02-27,2025-03-05,578.5539,575.9989,41,-104.76,12.076,12.0388,24.1147,False,4,TOM,CALENDAR,True,OOS
2025-05-22,2025-05-23,578.3503,573.8177,41,-185.84,12.0737,11.993,24.0667,False,1,PRE_HOLIDAY,CALENDAR,True,OOS
2025-05-29,2025-06-04,585.2537,590.4841,40,209.22,11.9191,12.0339,23.953,False,4,TOM,CALENDAR,True,OOS
2025-06-17,2025-06-18,592.6727,591.9805,40,-27.69,12.0623,12.0604,24.1227,False,1,PRE_HOLIDAY,CALENDAR,True,OOS
2025-06-27,2025-07-03,611.7142,621.4576,39,379.99,12.1282,12.3306,24.4588,False,4,"PRE_HOLIDAY,TOM",CALENDAR,True,OOS
2025-07-30,2025-08-05,631.1624,624.0713,38,-269.46,12.1836,12.0643,24.2479,False,4,TOM,CALENDAR,True,OOS
2025-08-28,2025-09-04,645.5473,645.0901,37,-16.91,12.1349,12.1362,24.2711,False,4,"PRE_HOLIDAY,TOM",CALENDAR,True,OOS
2025-09-29,2025-10-03,662.0607,666.8996,36,174.2,12.0986,12.1964,24.295,False,4,TOM,CALENDAR,True,OOS
2025-10-30,2025-11-05,678.1714,675.2405,36,-105.51,12.3962,12.3561,24.7523,False,4,TOM,CALENDAR,True,OOS
2025-11-25,2025-12-03,673.3732,681.5288,36,293.6,12.3092,12.4682,24.7774,False,5,"PRE_HOLIDAY,TOM",CALENDAR,True,OOS
2025-12-23,2025-12-24,688.3093,690.0296,35,60.21,12.2237,12.2658,24.4895,False,1,PRE_HOLIDAY,CALENDAR,True,OOS
2025-12-29,2025-12-30,688.1992,686.6613,35,-53.83,12.2212,12.2064,24.4276,False,1,PRE_HOLIDAY,CAP,True,OOS
