leg,ticker,entry_date,exit_date,entry_price,exit_price,shares,pnl,cost,liquidity_constrained,hold_days,exit_reason,period,trade_id
IBS,SPY,2018-01-16,2018-01-17,244.5742,246.6452,51,105.62,13.215,False,1,IBS_TP,IS,1
IBS,SPY,2018-01-29,2018-02-01,251.3824,248.3845,50,-149.89,13.0879,False,3,ATR_STOP,IS,2
IBS,SPY,2018-02-02,2018-02-05,243.2305,232.815,51,-531.19,12.6655,False,1,ATR_STOP,IS,3
IBS,SPY,2018-02-07,2018-02-08,236.3608,227.2575,50,-455.16,12.1102,False,1,ATR_STOP,IS,4
IBS,SPY,2018-02-21,2018-02-23,238.4623,242.3242,48,185.37,12.0404,False,2,IBS_TP,IS,5
IBS,SPY,2018-02-27,2018-03-01,242.3299,236.1405,48,-297.09,11.9852,False,2,ATR_STOP,IS,6
IBS,SPY,2018-03-12,2018-03-15,245.9414,242.5801,46,-154.62,11.71,False,3,TIME_STOP,IS,7
IBS,SPY,2018-03-16,2018-03-21,243.0964,239.5042,46,-165.24,11.5733,False,3,TIME_STOP,IS,8
IBS,SPY,2018-03-22,2018-03-23,233.7612,228.5397,47,-245.41,11.35,False,1,ATR_STOP,IS,9
IBS,SPY,2018-03-27,2018-04-02,231.0394,228.026,46,-138.62,11.0363,False,3,TIME_STOP,IS,10
IBS,SPY,2018-04-06,2018-04-11,230.2593,233.5968,46,153.52,11.1481,False,3,TIME_STOP,IS,11
IBS,SPY,2018-04-30,2018-05-01,234.5058,234.6773,46,7.89,11.2661,False,1,IBS_TP,IS,12
IBS,SPY,2018-05-02,2018-05-03,233.3444,232.5872,46,-34.83,11.1906,False,1,IBS_TP,IS,13
IBS,SPY,2018-05-22,2018-05-23,241.6868,242.0992,44,18.14,11.0932,False,1,IBS_TP,IS,14
IBS,SPY,2018-06-11,2018-06-14,246.9618,246.8553,43,-4.58,11.057,False,3,TIME_STOP,IS,15
IBS,SPY,2018-06-21,2018-06-25,244.2236,241.0868,44,-138.02,11.1269,False,2,ATR_STOP,IS,16
IBS,SPY,2018-06-27,2018-07-02,239.8689,241.852,44,87.25,11.0463,False,3,IBS_TP,IS,17
IBS,SPY,2018-07-03,2018-07-05,241.2492,242.964,44,75.45,11.1007,False,1,IBS_TP,IS,18
IBS,SPY,2018-07-11,2018-07-12,246.5567,248.5331,43,84.99,11.0844,False,1,IBS_TP,IS,19
IBS,SPY,2018-07-20,2018-07-23,249.068,249.2715,43,8.75,11.1547,False,1,IBS_TP,IS,20
IBS,SPY,2018-07-26,2018-07-30,252.3274,249.0491,43,-140.96,11.2188,False,2,ATR_STOP,IS,21
IBS,SPY,2018-08-09,2018-08-13,253.8679,250.9619,42,-122.05,11.029,False,2,ATR_STOP,IS,22
IBS,SPY,2018-08-23,2018-08-24,254.5092,255.7748,41,51.89,10.8789,False,1,IBS_TP,IS,23
IBS,SPY,2018-09-10,2018-09-11,256.5664,257.1448,41,23.72,10.9485,False,1,IBS_TP,IS,24
IBS,SPY,2018-09-17,2018-09-20,257.6706,261.1749,41,143.68,11.0531,False,3,IBS_TP,IS,25
IBS,SPY,2018-09-21,2018-09-26,261.2075,259.0507,41,-88.43,11.0819,False,3,TIME_STOP,IS,26
IBS,SPY,2018-10-03,2018-10-05,260.966,257.2098,41,-154.0,11.0388,False,2,ATR_STOP,IS,27
IBS,SPY,2018-10-10,2018-10-11,248.961,243.2239,42,-240.96,10.7684,False,1,ATR_STOP,IS,28
IBS,SPY,2018-10-15,2018-10-16,245.4723,250.5786,42,214.46,10.8513,False,1,IBS_TP,IS,29
IBS,SPY,2018-10-19,2018-10-23,247.1272,244.5106,42,-109.9,10.7587,False,2,IBS_TP,IS,30
IBS,SPY,2019-02-25,2019-02-27,251.5126,250.9634,41,-22.52,10.7201,False,2,IBS_TP,IS,31
IBS,SPY,2019-03-06,2019-03-08,249.542,246.7027,41,-116.41,10.591,False,2,IBS_TP,IS,32
IBS,SPY,2019-03-22,2019-03-27,252.3764,252.475,41,4.05,10.7704,False,3,TIME_STOP,IS,33
IBS,SPY,2019-04-17,2019-04-18,261.5947,261.8375,39,9.47,10.6072,False,1,IBS_TP,IS,34
IBS,SPY,2019-04-24,2019-04-26,264.107,264.8982,39,30.86,10.7128,False,2,IBS_TP,IS,35
IBS,SPY,2019-05-01,2019-05-03,263.7274,265.4579,39,67.49,10.716,False,2,IBS_TP,IS,36
IBS,SPY,2019-05-17,2019-05-22,258.3322,257.874,40,-18.32,10.737,False,3,TIME_STOP,IS,37
IBS,SPY,2019-05-28,2019-05-31,253.1899,248.5206,41,-191.44,10.7085,False,3,TIME_STOP,IS,38
IBS,SPY,2019-06-10,2019-06-13,261.1609,261.4403,39,10.9,10.5951,False,3,TIME_STOP,IS,39
IBS,SPY,2019-06-17,2019-06-20,261.5224,267.1101,39,217.92,10.7114,False,3,IBS_TP,IS,40
IBS,SPY,2019-06-21,2019-06-26,266.999,263.5193,39,-135.71,10.747,False,3,TIME_STOP,IS,41
IBS,SPY,2019-07-16,2019-07-18,272.2479,271.1037,38,-43.48,10.7124,False,2,IBS_TP,IS,42
IBS,SPY,2019-07-19,2019-07-23,269.8777,272.1926,38,87.96,10.6883,False,2,IBS_TP,IS,43
IBS,SPY,2019-08-01,2019-08-05,267.7618,257.4861,38,-390.47,10.3705,False,2,ATR_STOP,IS,44
IBS,SPY,2019-08-12,2019-08-13,261.6138,265.4062,38,144.11,10.4085,False,1,IBS_TP,IS,45
IBS,SPY,2019-08-14,2019-08-16,257.8269,262.0495,39,164.68,10.5454,False,2,IBS_TP,IS,46
IBS,SPY,2019-08-20,2019-08-23,263.4483,258.4205,39,-196.08,10.585,False,3,TIME_STOP,IS,47
IBS,SPY,2019-08-27,2019-08-28,260.5239,262.0857,38,59.35,10.3282,False,1,IBS_TP,IS,48
IBS,SPY,2019-09-19,2019-09-24,273.4286,269.6579,37,-139.52,10.428,False,3,ATR_STOP,IS,49
IBS,SPY,2019-10-01,2019-10-02,267.5385,262.5397,37,-184.96,10.1856,False,1,ATR_STOP,IS,50
IBS,SPY,2019-10-07,2019-10-10,267.3926,267.2609,36,-4.74,9.9942,False,3,TIME_STOP,IS,51
IBS,SPY,2019-10-11,2019-10-16,270.3121,271.9638,36,59.46,10.1329,False,3,TIME_STOP,IS,52
IBS,SPY,2019-10-22,2019-10-23,272.8028,273.3127,36,18.36,10.2029,False,1,IBS_TP,IS,53
IBS,SPY,2019-11-29,2019-12-02,286.7614,284.0312,34,-92.83,10.0492,False,1,ATR_STOP,IS,54
IBS,SPY,2019-12-09,2019-12-11,286.3691,286.5648,34,6.65,10.0873,False,2,IBS_TP,IS,55
IBS,SPY,2019-12-17,2019-12-19,291.5604,292.4709,33,30.05,9.9737,False,2,IBS_TP,IS,56
IBS,SPY,2019-12-30,2019-12-31,294.3782,294.7881,33,13.53,10.0578,False,1,IBS_TP,IS,57
IBS,SPY,2020-01-10,2020-01-13,298.623,300.366,33,57.52,10.2198,False,1,IBS_TP,IS,58
IBS,SPY,2020-01-22,2020-01-23,303.7848,303.819,32,1.09,10.0484,False,1,IBS_TP,IS,59
IBS,SPY,2020-01-29,2020-01-30,299.4574,300.1187,33,21.82,10.2324,False,1,IBS_TP,IS,60
IBS,SPY,2020-01-31,2020-02-05,294.9742,304.863,33,326.33,10.2386,False,3,IBS_TP,IS,61
IBS,SPY,2020-02-11,2020-02-12,307.3789,309.0395,33,54.8,10.5131,False,1,IBS_TP,IS,62
IBS,SPY,2020-02-24,2020-02-25,295.6068,286.3525,34,-314.65,10.2495,False,1,ATR_STOP,IS,63
IBS,SPY,2020-02-26,2020-02-27,285.5952,272.4857,35,-458.83,10.1334,False,1,ATR_STOP,IS,64
IBS,SPY,2020-05-28,2020-05-29,279.4081,280.362,34,32.43,9.8723,False,1,IBS_TP,IS,65
IBS,SPY,2020-06-10,2020-06-11,294.1911,276.9441,32,-551.91,9.4737,False,1,ATR_STOP,IS,66
IBS,SPY,2020-06-17,2020-06-18,287.4221,287.2349,31,-5.8,9.2337,False,1,IBS_TP,IS,67
IBS,SPY,2020-06-23,2020-06-25,289.0481,284.3996,31,-144.1,9.2149,False,2,IBS_TP,IS,68
IBS,SPY,2020-06-26,2020-06-29,277.9329,281.7253,32,121.36,9.2927,False,1,IBS_TP,IS,69
IBS,SPY,2020-07-02,2020-07-08,289.2149,292.5704,31,104.02,9.3456,False,3,IBS_TP,IS,70
IBS,SPY,2020-07-13,2020-07-14,291.6324,295.106,31,107.68,9.4176,False,1,IBS_TP,IS,71
IBS,SPY,2020-07-28,2020-07-29,297.4956,300.843,31,103.77,9.5947,False,1,IBS_TP,IS,72
IBS,SPY,2020-08-11,2020-08-14,308.2682,311.6881,30,102.6,9.6085,False,3,TIME_STOP,IS,73
IBS,SPY,2020-08-19,2020-08-20,312.3715,313.0206,30,19.47,9.69,False,1,IBS_TP,IS,74
IBS,SPY,2020-08-31,2020-09-01,323.5609,326.2716,29,78.61,9.7202,False,1,IBS_TP,IS,75
IBS,SPY,2020-09-03,2020-09-08,319.93,308.3291,29,-336.43,9.4139,False,2,ATR_STOP,IS,76
IBS,SPY,2020-09-10,2020-09-15,309.278,314.7695,29,159.25,9.3544,False,3,TIME_STOP,IS,77
IBS,SPY,2020-09-16,2020-09-21,313.8443,303.766,29,-292.27,9.2605,False,3,IBS_TP,IS,78
IBS,SPY,2020-09-23,2020-09-25,300.0536,305.4011,30,160.42,9.3981,False,2,IBS_TP,IS,79
IBS,SPY,2020-09-29,2020-10-02,309.1024,310.1486,29,30.34,9.2843,False,3,TIME_STOP,IS,80
IBS,SPY,2020-10-06,2020-10-07,311.4831,316.5776,29,147.74,9.411,False,1,IBS_TP,IS,81
IBS,SPY,2020-10-14,2020-10-15,323.5728,322.8394,29,-21.27,9.6775,False,1,IBS_TP,IS,82
IBS,SPY,2020-10-16,2020-10-21,322.9776,318.4079,29,-132.52,9.6034,False,3,TIME_STOP,IS,83
IBS,SPY,2020-10-27,2020-10-28,314.5427,303.478,29,-320.87,9.2648,False,1,ATR_STOP,IS,84
IBS,SPY,2020-11-09,2020-11-10,329.7385,328.9154,27,-22.22,9.1755,False,1,IBS_TP,IS,85
IBS,SPY,2020-11-18,2020-11-19,331.3381,332.39,26,27.35,8.9019,False,1,IBS_TP,IS,86
IBS,SPY,2020-11-20,2020-11-24,330.4546,337.4441,27,188.71,9.3008,False,2,IBS_TP,IS,87
IBS,SPY,2020-12-09,2020-12-11,341.168,340.3056,26,-22.42,9.1284,False,2,IBS_TP,IS,88
IBS,SPY,2020-12-14,2020-12-15,339.1313,343.3622,26,110.0,9.141,False,1,IBS_TP,IS,89
IBS,SPY,2020-12-23,2020-12-24,343.2946,344.2754,26,25.5,9.2048,False,1,IBS_TP,IS,90
IBS,SPY,2020-12-29,2020-12-31,346.9276,348.8286,26,49.43,9.3113,False,2,IBS_TP,IS,91
IBS,SPY,2021-01-14,2021-01-19,353.4652,353.2789,26,-4.84,9.455,False,2,IBS_TP,IS,92
IBS,SPY,2021-01-26,2021-01-27,358.4432,349.3229,25,-228.01,9.1058,False,1,ATR_STOP,IS,93
IBS,SPY,2021-01-29,2021-02-01,345.6296,351.021,26,140.18,9.3279,False,1,IBS_TP,IS,94
IBS,SPY,2021-02-19,2021-02-23,364.271,361.536,25,-68.38,9.3336,False,2,IBS_TP,IS,95
IBS,SPY,2021-02-25,2021-03-01,357.0795,363.4767,25,159.93,9.2679,False,2,IBS_TP,IS,96
IBS,SPY,2021-03-02,2021-03-04,361.0116,351.4595,25,-238.8,9.1662,False,2,ATR_STOP,IS,97
IBS,SPY,2021-03-08,2021-03-11,356.5099,367.1621,25,266.31,9.3064,False,3,TIME_STOP,IS,98
IBS,SPY,2021-03-18,2021-03-23,365.6252,364.5922,25,-25.82,9.3884,False,3,TIME_STOP,IS,99
IBS,SPY,2021-03-24,2021-03-25,363.1122,364.7795,25,41.68,9.3585,False,1,IBS_TP,IS,100
IBS,SPY,2021-04-14,2021-04-15,385.5346,389.2764,24,89.8,9.5451,False,1,IBS_TP,IS,101
IBS,SPY,2021-04-22,2021-04-27,386.3029,390.8209,24,108.43,9.5726,False,3,TIME_STOP,IS,102
IBS,SPY,2021-04-28,2021-04-29,391.1098,393.1986,24,50.13,9.6588,False,1,IBS_TP,IS,103
IBS,SPY,2021-05-03,2021-05-04,391.8594,389.0424,24,-67.61,9.6174,False,1,IBS_TP,IS,104
IBS,SPY,2021-05-05,2021-05-06,389.5637,392.2718,24,65.0,9.6288,False,1,IBS_TP,IS,105
IBS,SPY,2021-05-10,2021-05-11,391.6157,387.7225,24,-93.44,9.5994,False,1,IBS_TP,IS,106
IBS,SPY,2021-05-12,2021-05-14,379.8751,389.941,24,241.58,9.4869,False,2,IBS_TP,IS,107
IBS,SPY,2021-05-18,2021-05-19,385.9938,384.5867,25,-35.18,9.8921,False,1,IBS_TP,IS,108
IBS,SPY,2021-05-21,2021-05-26,388.8048,392.2718,24,83.21,9.6221,False,3,TIME_STOP,IS,109
IBS,SPY,2021-05-27,2021-06-02,392.8808,393.4512,24,13.69,9.6853,False,3,TIME_STOP,IS,110
IBS,SPY,2021-06-09,2021-06-11,395.0922,397.1767,24,50.03,9.7553,False,2,IBS_TP,IS,111
IBS,SPY,2021-06-18,2021-06-21,390.0579,395.2362,25,129.46,10.0731,False,1,IBS_TP,IS,112
IBS,SPY,2021-06-23,2021-06-28,397.2776,401.4438,25,104.15,10.2413,False,3,IBS_TP,IS,113
IBS,SPY,2021-07-13,2021-07-16,409.4891,405.0783,24,-105.86,10.0225,False,3,TIME_STOP,IS,114
IBS,SPY,2021-08-02,2021-08-03,411.3693,414.291,24,70.12,10.1564,False,1,IBS_TP,IS,115
IBS,SPY,2021-08-04,2021-08-05,412.676,414.8639,24,52.51,10.1792,False,1,IBS_TP,IS,116
IBS,SPY,2021-08-18,2021-08-20,412.8639,416.3665,24,84.06,10.1973,False,2,IBS_TP,IS,117
IBS,SPY,2021-08-26,2021-08-27,419.5196,422.8372,24,79.62,10.3553,False,1,IBS_TP,IS,118
IBS,SPY,2021-09-01,2021-09-07,424.7276,423.9735,24,-18.1,10.431,False,3,TIME_STOP,IS,119
IBS,SPY,2021-09-09,2021-09-14,422.0766,417.1273,24,-118.78,10.3171,False,3,ATR_STOP,IS,120
IBS,SPY,2021-09-17,2021-09-20,416.2802,408.9198,24,-176.65,10.1495,False,1,ATR_STOP,IS,121
IBS,SPY,2021-09-21,2021-09-24,408.9525,418.2187,24,222.39,10.1735,False,3,IBS_TP,IS,122
IBS,SPY,2021-09-28,2021-10-01,409.0375,409.1082,24,1.7,10.0665,False,3,IBS_TP,IS,123
IBS,SPY,2021-10-07,2021-10-12,413.6963,408.524,24,-124.14,10.1162,False,3,TIME_STOP,IS,124
IBS,SPY,2021-10-26,2021-10-28,430.0115,431.7948,23,41.02,10.1488,False,2,IBS_TP,IS,125
IBS,SPY,2021-11-11,2021-11-12,437.3769,440.227,23,65.55,10.3281,False,1,IBS_TP,IS,126
IBS,SPY,2021-11-19,2021-11-23,442.2055,441.0938,22,-24.46,9.9416,False,2,IBS_TP,IS,127
IBS,SPY,2021-11-26,2021-12-01,432.8501,424.4272,23,-193.73,10.0975,False,3,ATR_STOP,IS,128
IBS,SPY,2021-12-09,2021-12-10,439.8102,443.4961,22,81.09,9.9473,False,1,IBS_TP,IS,129
IBS,SPY,2021-12-13,2021-12-15,440.0177,443.3642,22,73.62,9.9482,False,2,IBS_TP,IS,130
IBS,SPY,2021-12-16,2021-12-20,439.9045,430.154,22,-214.51,9.8015,False,2,IBS_TP,IS,131
IBS,SPY,2021-12-30,2022-01-03,450.6394,451.6439,21,21.09,9.6939,False,2,IBS_TP,IS,132
IBS,SPY,2022-01-05,2022-01-10,443.2764,440.1095,22,-69.67,9.9471,False,3,IBS_TP,IS,133
IBS,SPY,2022-01-13,2022-01-14,439.6329,439.3626,22,-5.95,9.8984,False,1,IBS_TP,IS,134
IBS,SPY,2022-01-19,2022-01-21,427.5379,414.0814,22,-296.04,9.4869,False,2,ATR_STOP,IS,135
IBS,SPY,2022-02-03,2022-02-08,422.6641,426.3344,22,80.75,9.5687,False,3,IBS_TP,IS,136
IBS,SPY,2022-02-10,2022-02-15,425.2383,421.7585,22,-76.56,9.5473,False,3,IBS_TP,IS,137
IBS,SPY,2022-03-23,2022-03-24,421.319,427.232,22,130.09,9.5669,False,1,IBS_TP,IS,138
IBS,SPY,2022-03-31,2022-04-01,428.7618,429.5366,22,17.05,9.6743,False,1,IBS_TP,IS,139
IBS,SPY,2022-04-05,2022-04-08,428.1827,424.4628,22,-81.84,9.6103,False,3,TIME_STOP,IS,140
IBS,SPY,2023-01-17,2023-01-19,382.5589,373.3942,25,-229.12,9.7108,False,2,ATR_STOP,IS,141
IBS,SPY,2023-01-30,2023-01-31,385.2711,390.5346,24,126.33,9.5603,False,1,IBS_TP,IS,142
IBS,SPY,2023-02-03,2023-02-07,396.5812,398.903,23,53.4,9.3882,False,2,IBS_TP,IS,143
IBS,SPY,2023-02-08,2023-02-10,394.9462,392.0334,24,-69.91,9.6946,False,2,IBS_TP,IS,144
IBS,SPY,2023-02-16,2023-02-17,392.6669,391.2841,24,-33.19,9.6578,False,1,IBS_TP,IS,145
IBS,SPY,2023-02-21,2023-02-24,383.8284,380.8307,24,-71.95,9.4264,False,3,IBS_TP,IS,146
IBS,SPY,2023-02-27,2023-03-02,382.5204,382.2046,24,-7.58,9.4265,False,3,IBS_TP,IS,147
IBS,SPY,2023-03-06,2023-03-09,389.0026,376.1996,24,-307.27,9.4317,False,3,ATR_STOP,IS,148
IBS,SPY,2023-03-17,2023-03-20,376.508,379.7379,24,77.52,9.3245,False,1,IBS_TP,IS,149
IBS,SPY,2023-03-22,2023-03-24,378.5546,381.6765,24,74.93,9.3725,False,2,IBS_TP,IS,150
IBS,SPY,2023-04-12,2023-04-13,393.9433,398.7667,23,110.94,9.3545,False,1,IBS_TP,IS,151
IBS,SPY,2023-04-25,2023-04-27,392.0415,397.7443,23,131.17,9.3202,False,2,IBS_TP,IS,152
IBS,SPY,2023-05-01,2023-05-03,401.1454,393.5103,23,-175.61,9.3763,False,2,ATR_STOP,IS,153
IBS,SPY,2023-05-09,2023-05-11,396.7238,397.4742,23,17.26,9.3721,False,2,IBS_TP,IS,154
IBS,SPY,2023-05-16,2023-05-17,396.0673,400.464,23,101.12,9.3991,False,1,IBS_TP,IS,155
IBS,SPY,2023-05-23,2023-05-26,399.7745,405.0837,23,122.11,9.4945,False,3,IBS_TP,IS,156
IBS,SPY,2023-06-05,2023-06-06,412.3345,412.809,23,10.91,9.7267,False,1,IBS_TP,IS,157
IBS,SPY,2023-06-07,2023-06-08,411.8035,413.8699,23,47.53,9.7327,False,1,IBS_TP,IS,158
IBS,SPY,2023-06-16,2023-06-22,425.843,422.5514,22,-72.42,9.5589,False,3,IBS_TP,IS,159
IBS,SPY,2023-06-26,2023-06-27,418.0716,422.2223,22,91.32,9.4696,False,1,IBS_TP,IS,160
IBS,SPY,2023-07-07,2023-07-10,424.9613,425.6007,22,14.07,9.5824,False,1,IBS_TP,IS,161
IBS,SPY,2023-07-20,2023-07-25,438.1687,440.8763,21,56.86,9.4455,False,3,TIME_STOP,IS,162
IBS,SPY,2023-07-27,2023-07-28,438.4691,442.3091,22,84.48,9.9144,False,1,IBS_TP,IS,163
IBS,SPY,2023-08-02,2023-08-07,436.1823,436.2975,22,2.54,9.8239,False,3,IBS_TP,IS,164
IBS,SPY,2023-08-09,2023-08-14,431.938,433.7806,22,40.54,9.7493,False,3,IBS_TP,IS,165
IBS,SPY,2023-08-15,2023-08-18,429.1668,422.5417,22,-145.75,9.5952,False,3,IBS_TP,IS,166
IBS,SPY,2023-08-22,2023-08-23,424.5736,428.863,22,94.37,9.6146,False,1,IBS_TP,IS,167
IBS,SPY,2023-08-24,2023-08-25,423.3527,425.9009,22,56.06,9.5692,False,1,IBS_TP,IS,168
IBS,SPY,2023-08-31,2023-09-06,436.3955,431.951,22,-97.78,9.7796,False,3,TIME_STOP,IS,169
IBS,SPY,2023-09-12,2023-09-14,432.1706,435.9587,22,83.34,9.7771,False,2,IBS_TP,IS,170
IBS,SPY,2023-09-15,2023-09-19,431.1473,430.0649,22,-23.81,9.701,False,2,IBS_TP,IS,171
IBS,SPY,2023-09-20,2023-09-21,426.5478,419.0681,22,-164.55,9.5297,False,1,ATR_STOP,IS,172
IBS,SPY,2023-09-22,2023-09-25,418.5545,419.8841,22,29.25,9.4503,False,1,IBS_TP,IS,173
IBS,SPY,2023-09-26,2023-09-29,414.1397,415.2697,23,25.99,9.7758,False,3,TIME_STOP,IS,174
IBS,SPY,2023-10-03,2023-10-04,409.968,412.5303,23,58.93,9.6961,False,1,IBS_TP,IS,175
IBS,SPY,2023-10-13,2023-10-18,419.6047,417.9218,23,-38.71,9.8695,False,3,TIME_STOP,IS,176
IBS,SPY,2023-10-19,2023-10-24,414.6745,411.5297,23,-72.33,9.7388,False,3,TIME_STOP,IS,177
IBS,SPY,2023-11-09,2023-11-10,421.8802,428.0248,22,135.18,9.5782,False,1,IBS_TP,IS,178
IBS,SPY,2023-11-29,2023-11-30,442.0773,443.3641,21,27.02,9.5144,False,1,IBS_TP,IS,179
IBS,SPY,2023-12-06,2023-12-08,442.2232,447.0556,22,106.31,10.009,False,2,IBS_TP,IS,180
IBS,SPY,2023-12-20,2023-12-21,457.197,461.0605,21,81.13,9.8576,False,1,IBS_TP,IS,181
TOM,SPY,2018-01-30,2018-02-05,248.8022,232.8151,16,-255.79,4.0162,False,6,TOM_CALENDAR,IS,182
TOM,QQQ,2018-01-30,2018-02-05,160.1863,149.9802,26,-265.36,4.2996,False,6,TOM_CALENDAR,IS,183
TOM,IWM,2018-01-30,2018-02-05,142.1729,133.6533,29,-247.07,4.2996,False,6,TOM_CALENDAR,IS,184
TOM,SPY,2018-02-27,2018-03-05,242.3298,240.1014,16,-35.65,4.0237,False,6,TOM_CALENDAR,IS,185
TOM,QQQ,2018-02-27,2018-03-05,159.7971,159.1907,24,-14.55,4.0769,False,6,TOM_CALENDAR,IS,186
TOM,IWM,2018-02-27,2018-03-05,138.1751,138.885,28,19.88,4.1695,False,6,TOM_CALENDAR,IS,187
TOM,SPY,2018-03-28,2018-04-04,230.3567,233.4198,16,49.01,3.8739,False,7,TOM_CALENDAR,IS,188
TOM,QQQ,2018-03-28,2018-04-04,149.5568,151.7627,26,57.35,4.1868,False,7,TOM_CALENDAR,IS,189
TOM,IWM,2018-03-28,2018-04-04,136.273,137.8019,28,42.81,4.1275,False,7,TOM_CALENDAR,IS,190
TOM,SPY,2018-04-27,2018-05-03,236.3232,232.5873,16,-59.77,3.9144,False,6,TOM_CALENDAR,IS,191
TOM,QQQ,2018-04-27,2018-05-03,154.1598,153.7199,25,-11.0,4.1066,False,6,TOM_CALENDAR,IS,192
TOM,IWM,2018-04-27,2018-05-03,140.2438,139.2964,28,-26.53,4.2024,False,6,TOM_CALENDAR,IS,193
TOM,SPY,2018-05-30,2018-06-05,241.6868,243.6404,16,31.26,4.0451,False,6,TOM_CALENDAR,IS,194
TOM,QQQ,2018-05-30,2018-06-05,161.8537,166.1091,24,102.13,4.1805,False,6,TOM_CALENDAR,IS,195
TOM,IWM,2018-05-30,2018-06-05,148.7565,150.0919,26,34.72,4.1506,False,6,TOM_CALENDAR,IS,196
TOM,SPY,2018-06-28,2018-07-05,241.2403,242.964,16,27.58,4.0355,False,7,TOM_CALENDAR,IS,197
TOM,QQQ,2018-06-28,2018-07-05,163.1627,164.6366,24,35.37,4.1792,False,7,TOM_CALENDAR,IS,198
TOM,IWM,2018-06-28,2018-07-05,148.5752,151.6444,26,79.8,4.1691,False,7,TOM_CALENDAR,IS,199
TOM,SPY,2018-07-30,2018-08-03,249.3085,252.2963,16,47.81,4.175,False,4,TOM_CALENDAR,IS,200
TOM,QQQ,2018-07-30,2018-08-03,166.8989,171.4539,24,109.32,4.3067,False,4,TOM_CALENDAR,IS,201
TOM,IWM,2018-07-30,2018-08-03,149.4044,151.2353,26,47.61,4.1751,False,4,TOM_CALENDAR,IS,202
TOM,SPY,2018-08-30,2018-09-06,258.5254,256.3531,15,-32.59,4.0134,False,7,TOM_CALENDAR,IS,203
TOM,QQQ,2018-08-30,2018-09-06,177.6686,173.101,23,-105.05,4.2683,False,7,TOM_CALENDAR,IS,204
TOM,IWM,2018-08-30,2018-09-06,156.8288,155.0893,26,-45.23,4.3209,False,7,TOM_CALENDAR,IS,205
TOM,SPY,2018-09-27,2018-10-03,260.0446,260.695,15,9.76,4.0569,False,6,TOM_CALENDAR,IS,206
TOM,QQQ,2018-09-27,2018-10-03,177.4345,177.3615,22,-1.61,4.1271,False,6,TOM_CALENDAR,IS,207
TOM,IWM,2018-09-27,2018-10-03,153.3039,151.254,26,-53.3,4.2245,False,6,TOM_CALENDAR,IS,208
TOM,SPY,2018-10-30,2018-11-05,239.5414,244.3141,16,76.36,4.0348,False,6,TOM_CALENDAR,IS,209
TOM,QQQ,2018-10-30,2018-11-05,158.4247,161.1556,25,68.27,4.2545,False,6,TOM_CALENDAR,IS,210
TOM,IWM,2018-10-30,2018-11-05,136.6002,140.2355,29,105.42,4.3164,False,6,TOM_CALENDAR,IS,211
TOM,SPY,2018-11-29,2018-12-06,245.0966,241.1415,16,-63.28,4.0539,False,7,TOM_CALENDAR,IS,212
TOM,QQQ,2018-11-29,2018-12-06,160.5538,159.1812,25,-34.32,4.2568,False,7,TOM_CALENDAR,IS,213
TOM,IWM,2018-11-29,2018-12-06,138.516,134.1475,29,-126.69,4.2575,False,7,TOM_CALENDAR,IS,214
TOM,SPY,2018-12-28,2019-01-04,222.9265,226.8642,18,70.88,4.2333,False,7,TOM_CALENDAR,IS,215
TOM,QQQ,2018-12-28,2019-01-04,146.478,149.4395,27,79.96,4.2766,False,7,TOM_CALENDAR,IS,216
TOM,IWM,2018-12-28,2019-01-04,121.6158,125.4432,33,126.3,4.4216,False,7,TOM_CALENDAR,IS,217
TOM,SPY,2019-01-30,2019-02-05,240.7691,245.4802,17,80.09,4.3065,False,6,TOM_CALENDAR,IS,218
TOM,QQQ,2019-01-30,2019-02-05,158.6481,163.5968,25,123.72,4.2867,False,6,TOM_CALENDAR,IS,219
TOM,IWM,2019-01-30,2019-02-05,135.2908,138.1811,30,86.71,4.4115,False,6,TOM_CALENDAR,IS,220
TOM,SPY,2019-02-27,2019-03-05,251.2247,250.8016,16,-6.77,4.1783,False,6,TOM_CALENDAR,IS,221
TOM,QQQ,2019-02-27,2019-03-05,166.222,166.9641,25,18.55,4.4203,False,6,TOM_CALENDAR,IS,222
TOM,IWM,2019-02-27,2019-03-05,144.0046,142.7166,29,-37.35,4.4543,False,6,TOM_CALENDAR,IS,223
TOM,SPY,2019-03-28,2019-04-03,253.6958,258.5874,16,78.27,4.2611,False,6,TOM_CALENDAR,IS,224
TOM,QQQ,2019-03-28,2019-04-03,171.0523,176.1131,24,121.46,4.4123,False,6,TOM_CALENDAR,IS,225
TOM,IWM,2019-03-28,2019-04-03,140.0751,142.2535,30,65.35,4.5462,False,6,TOM_CALENDAR,IS,226
TOM,SPY,2019-04-29,2019-05-03,265.5891,265.458,16,-2.1,4.4102,False,4,TOM_CALENDAR,IS,227
TOM,QQQ,2019-04-29,2019-05-03,183.2446,183.1375,23,-2.46,4.4473,False,4,TOM_CALENDAR,IS,228
TOM,IWM,2019-04-29,2019-05-03,145.9579,147.177,29,35.35,4.5493,False,4,TOM_CALENDAR,IS,229
TOM,SPY,2019-05-30,2019-06-05,252.1775,255.4635,17,55.86,4.4888,False,6,TOM_CALENDAR,IS,230
TOM,QQQ,2019-05-30,2019-06-05,169.5751,168.8586,25,-17.91,4.4892,False,6,TOM_CALENDAR,IS,231
TOM,IWM,2019-05-30,2019-06-05,135.7708,137.6968,31,59.7,4.5623,False,6,TOM_CALENDAR,IS,232
TOM,SPY,2019-06-27,2019-07-03,264.7286,271.0766,16,101.57,4.4492,False,6,TOM_CALENDAR,IS,233
TOM,QQQ,2019-06-27,2019-07-03,179.3043,183.8593,24,109.32,4.6054,False,6,TOM_CALENDAR,IS,234
TOM,IWM,2019-06-27,2019-07-03,141.4991,143.7672,30,68.04,4.5889,False,6,TOM_CALENDAR,IS,235
TOM,SPY,2019-07-30,2019-08-05,273.1017,257.4862,16,-249.85,4.4076,False,6,TOM_CALENDAR,IS,236
TOM,QQQ,2019-07-30,2019-08-05,186.3032,173.5731,23,-292.79,4.3752,False,6,TOM_CALENDAR,IS,237
TOM,IWM,2019-07-30,2019-08-05,145.3765,136.1672,30,-276.28,4.5335,False,6,TOM_CALENDAR,IS,238
TOM,SPY,2019-08-29,2019-09-05,265.7094,270.1875,15,67.17,4.1741,False,7,TOM_CALENDAR,IS,239
TOM,QQQ,2019-08-29,2019-09-05,180.6696,184.1858,23,80.87,4.4375,False,7,TOM_CALENDAR,IS,240
TOM,IWM,2019-08-29,2019-09-05,137.3363,138.5501,30,36.42,4.4542,False,7,TOM_CALENDAR,IS,241
TOM,SPY,2019-09-27,2019-10-03,269.5092,264.6908,15,-72.28,4.1587,False,6,TOM_CALENDAR,IS,242
TOM,QQQ,2019-09-27,2019-10-03,180.1765,179.0622,23,-25.63,4.3675,False,6,TOM_CALENDAR,IS,243
TOM,IWM,2019-09-27,2019-10-03,139.7135,136.4058,30,-99.23,4.451,False,6,TOM_CALENDAR,IS,244
TOM,SPY,2019-10-30,2019-11-05,277.4831,279.8295,14,32.85,4.0435,False,6,TOM_CALENDAR,IS,245
TOM,QQQ,2019-10-30,2019-11-05,189.7712,192.6701,21,60.88,4.2316,False,6,TOM_CALENDAR,IS,246
TOM,IWM,2019-10-30,2019-11-05,144.4918,146.9409,28,68.57,4.368,False,6,TOM_CALENDAR,IS,247
TOM,SPY,2019-11-27,2019-12-04,287.8289,283.8671,14,-55.47,4.1435,False,7,TOM_CALENDAR,IS,248
TOM,QQQ,2019-11-27,2019-12-04,198.4892,194.8065,21,-77.34,4.3438,False,7,TOM_CALENDAR,IS,249
TOM,IWM,2019-11-27,2019-12-04,150.4994,148.4459,27,-55.45,4.3132,False,7,TOM_CALENDAR,IS,250
TOM,SPY,2019-12-30,2020-01-06,294.3782,296.4185,14,28.56,4.2774,False,7,TOM_CALENDAR,IS,251
TOM,QQQ,2019-12-30,2020-01-06,204.8762,207.8922,20,60.32,4.3326,False,7,TOM_CALENDAR,IS,252
TOM,IWM,2019-12-30,2020-01-06,153.4726,153.2256,26,-6.42,4.2518,False,7,TOM_CALENDAR,IS,253
TOM,SPY,2020-01-30,2020-02-05,300.4292,304.8631,13,57.64,4.0671,False,6,TOM_CALENDAR,IS,254
TOM,QQQ,2020-01-30,2020-02-05,214.9069,220.102,19,98.71,4.3291,False,6,TOM_CALENDAR,IS,255
TOM,IWM,2020-01-30,2020-02-05,152.0719,155.0418,27,80.19,4.4243,False,6,TOM_CALENDAR,IS,256
TOM,SPY,2020-05-28,2020-06-03,279.408,287.6036,15,122.93,4.4072,False,6,TOM_CALENDAR,IS,257
TOM,QQQ,2020-05-28,2020-06-03,222.5146,228.7574,19,118.61,4.4838,False,6,TOM_CALENDAR,IS,258
TOM,IWM,2020-05-28,2020-06-03,130.0966,134.7005,32,147.32,4.5774,False,6,TOM_CALENDAR,IS,259
TOM,SPY,2020-07-30,2020-08-05,300.0799,307.3113,14,101.24,4.3949,False,6,TOM_CALENDAR,IS,260
TOM,QQQ,2020-07-30,2020-08-05,253.0811,262.4222,17,158.8,4.5595,False,6,TOM_CALENDAR,IS,261
TOM,IWM,2020-07-30,2020-08-05,139.0018,143.5476,31,140.92,4.704,False,6,TOM_CALENDAR,IS,262
TOM,SPY,2020-08-28,2020-09-03,324.7372,319.5998,13,-66.79,4.3213,False,6,TOM_CALENDAR,IS,263
TOM,QQQ,2020-08-28,2020-09-03,283.5126,278.2617,15,-78.76,4.3706,False,6,TOM_CALENDAR,IS,264
TOM,IWM,2020-08-28,2020-09-03,146.8131,143.5383,30,-98.24,4.6658,False,6,TOM_CALENDAR,IS,265
TOM,SPY,2020-09-29,2020-10-05,309.1023,315.6486,14,91.65,4.5186,False,6,TOM_CALENDAR,IS,266
TOM,QQQ,2020-09-29,2020-10-05,267.4441,271.2423,16,60.77,4.4793,False,6,TOM_CALENDAR,IS,267
TOM,IWM,2020-09-29,2020-10-05,140.0757,147.1681,31,219.86,4.7797,False,6,TOM_CALENDAR,IS,268
TOM,SPY,2020-11-27,2020-12-03,338.2106,340.668,13,31.95,4.5463,False,6,TOM_CALENDAR,IS,269
TOM,QQQ,2020-11-27,2020-12-03,289.7929,294.595,15,72.03,4.5408,False,6,TOM_CALENDAR,IS,270
TOM,IWM,2020-11-27,2020-12-03,172.9313,172.3264,26,-15.73,4.7614,False,6,TOM_CALENDAR,IS,271
TOM,SPY,2020-12-30,2021-01-06,347.4225,348.5207,13,14.28,4.656,False,7,TOM_CALENDAR,IS,272
TOM,QQQ,2020-12-30,2021-01-06,303.8719,298.2911,15,-83.71,4.6714,False,7,TOM_CALENDAR,IS,273
TOM,IWM,2020-12-30,2021-01-06,184.7988,192.2358,24,178.49,4.775,False,7,TOM_CALENDAR,IS,274
TOM,SPY,2021-02-25,2021-03-03,357.0795,355.8634,12,-14.59,4.4012,False,6,TOM_CALENDAR,IS,275
TOM,QQQ,2021-02-25,2021-03-03,303.736,299.8623,15,-58.11,4.6847,False,6,TOM_CALENDAR,IS,276
TOM,IWM,2021-02-25,2021-03-03,205.6859,206.1371,22,9.93,4.7638,False,6,TOM_CALENDAR,IS,277
TOM,SPY,2021-03-30,2021-04-06,369.8678,380.1499,12,123.38,4.6228,False,7,TOM_CALENDAR,IS,278
TOM,QQQ,2021-03-30,2021-04-06,305.5682,321.2765,15,235.62,4.8589,False,7,TOM_CALENDAR,IS,279
TOM,IWM,2021-03-30,2021-04-06,205.5071,211.2237,22,125.76,4.8183,False,7,TOM_CALENDAR,IS,280
TOM,SPY,2021-04-29,2021-05-05,393.6022,389.1641,12,-53.26,4.819,False,6,TOM_CALENDAR,IS,281
TOM,QQQ,2021-04-29,2021-05-05,330.7465,319.5382,14,-156.92,4.6973,False,6,TOM_CALENDAR,IS,282
TOM,IWM,2021-04-29,2021-05-05,214.9145,209.4252,22,-120.76,4.8973,False,6,TOM_CALENDAR,IS,283
TOM,SPY,2021-05-27,2021-06-03,392.8807,391.9909,11,-9.79,4.4297,False,7,TOM_CALENDAR,IS,284
TOM,QQQ,2021-05-27,2021-06-03,323.611,320.4802,14,-43.83,4.6548,False,7,TOM_CALENDAR,IS,285
TOM,IWM,2021-05-27,2021-06-03,212.7088,213.2107,21,10.54,4.6935,False,7,TOM_CALENDAR,IS,286
TOM,SPY,2021-06-29,2021-07-06,402.072,406.5715,11,49.49,4.5597,False,7,TOM_CALENDAR,IS,287
TOM,QQQ,2021-06-29,2021-07-06,345.5053,350.2056,13,61.1,4.6559,False,7,TOM_CALENDAR,IS,288
TOM,IWM,2021-06-29,2021-07-06,216.5117,213.003,21,-73.68,4.7285,False,7,TOM_CALENDAR,IS,289
TOM,SPY,2021-07-29,2021-08-04,414.2459,412.2532,11,-21.92,4.6584,False,6,TOM_CALENDAR,IS,290
TOM,QQQ,2021-07-29,2021-08-04,356.6881,357.1575,13,6.1,4.7736,False,6,TOM_CALENDAR,IS,291
TOM,IWM,2021-07-29,2021-08-04,210.0734,205.6939,22,-96.35,4.8043,False,6,TOM_CALENDAR,IS,292
TOM,SPY,2021-08-30,2021-09-03,425.1317,425.4949,10,3.63,4.355,False,4,TOM_CALENDAR,IS,293
TOM,QQQ,2021-08-30,2021-09-03,370.0999,370.9932,12,10.72,4.5702,False,4,TOM_CALENDAR,IS,294
TOM,IWM,2021-08-30,2021-09-03,212.8678,214.9835,21,44.43,4.712,False,4,TOM_CALENDAR,IS,295
TOM,SPY,2021-09-29,2021-10-05,409.7258,408.0342,11,-18.61,4.6104,False,6,TOM_CALENDAR,IS,296
TOM,QQQ,2021-09-29,2021-10-05,350.0683,347.8587,13,-28.73,4.6713,False,6,TOM_CALENDAR,IS,297
TOM,IWM,2021-09-29,2021-10-05,209.1,209.0698,22,-0.66,4.8293,False,6,TOM_CALENDAR,IS,298
TOM,SPY,2021-10-28,2021-11-03,432.2371,437.8246,10,55.87,4.4524,False,6,TOM_CALENDAR,IS,299
TOM,QQQ,2021-10-28,2021-11-03,374.3685,382.7054,12,100.04,4.6665,False,6,TOM_CALENDAR,IS,300
TOM,IWM,2021-10-28,2021-11-03,216.0029,225.7375,21,204.43,4.8576,False,6,TOM_CALENDAR,IS,301
TOM,SPY,2021-11-29,2021-12-03,438.1596,427.1784,10,-109.81,4.4293,False,4,TOM_CALENDAR,IS,302
TOM,QQQ,2021-11-29,2021-12-03,389.4417,372.923,12,-198.22,4.699,False,4,TOM_CALENDAR,IS,303
TOM,IWM,2021-11-29,2021-12-03,210.8897,203.1008,22,-171.36,4.7837,False,4,TOM_CALENDAR,IS,304
TOM,SPY,2021-12-30,2022-01-05,450.6394,442.823,10,-78.16,4.5705,False,6,TOM_CALENDAR,IS,305
TOM,QQQ,2021-12-30,2022-01-05,390.583,374.5298,11,-176.59,4.3238,False,6,TOM_CALENDAR,IS,306
TOM,IWM,2021-12-30,2022-01-05,211.7393,206.2322,21,-115.65,4.6089,False,6,TOM_CALENDAR,IS,307
TOM,SPY,2022-01-28,2022-02-03,418.2632,422.2313,10,39.68,4.3052,False,6,TOM_CALENDAR,IS,308
TOM,QQQ,2022-01-28,2022-02-03,343.218,344.5701,12,16.23,4.2519,False,6,TOM_CALENDAR,IS,309
TOM,IWM,2022-01-28,2022-02-03,185.4494,187.4169,24,47.22,4.7244,False,6,TOM_CALENDAR,IS,310
TOM,SPY,2022-02-25,2022-03-03,414.2885,411.9353,10,-23.53,4.2347,False,6,TOM_CALENDAR,IS,311
TOM,QQQ,2022-02-25,2022-03-03,337.3353,333.5667,13,-48.99,4.4985,False,6,TOM_CALENDAR,IS,312
TOM,IWM,2022-02-25,2022-03-03,192.3354,191.4874,23,-19.5,4.6563,False,6,TOM_CALENDAR,IS,313
TOM,SPY,2022-03-30,2022-04-05,435.464,427.7442,10,-77.2,4.4198,False,6,TOM_CALENDAR,IS,314
TOM,QQQ,2022-03-30,2022-04-05,358.5777,352.3635,12,-74.57,4.3928,False,6,TOM_CALENDAR,IS,315
TOM,IWM,2022-03-30,2022-04-05,197.4336,192.976,22,-98.07,4.5278,False,6,TOM_CALENDAR,IS,316
TOM,SPY,2022-04-28,2022-05-04,406.1391,406.9082,10,7.69,4.1693,False,6,TOM_CALENDAR,IS,317
TOM,QQQ,2022-04-28,2022-05-04,320.4045,321.6252,13,15.87,4.3104,False,6,TOM_CALENDAR,IS,318
TOM,IWM,2022-04-28,2022-05-04,181.2461,183.973,24,65.45,4.635,False,6,TOM_CALENDAR,IS,319
TOM,SPY,2022-05-27,2022-06-03,394.2251,389.3442,11,-53.69,4.4248,False,7,TOM_CALENDAR,IS,320
TOM,QQQ,2022-05-27,2022-06-03,301.9332,298.791,14,-43.99,4.3537,False,7,TOM_CALENDAR,IS,321
TOM,IWM,2022-05-27,2022-06-03,178.572,177.8315,24,-17.77,4.5324,False,7,TOM_CALENDAR,IS,322
TOM,SPY,2022-06-29,2022-07-06,362.634,365.0329,12,28.79,4.4919,False,7,TOM_CALENDAR,IS,323
TOM,QQQ,2022-06-29,2022-07-06,277.7532,282.3534,15,69.0,4.3603,False,7,TOM_CALENDAR,IS,324
TOM,IWM,2022-06-29,2022-07-06,162.8697,163.516,26,16.81,4.5198,False,7,TOM_CALENDAR,IS,325
TOM,SPY,2022-07-28,2022-08-03,387.1658,394.7502,11,83.43,4.4147,False,6,TOM_CALENDAR,IS,326
TOM,QQQ,2022-07-28,2022-08-03,303.2084,315.6831,14,174.65,4.4796,False,6,TOM_CALENDAR,IS,327
TOM,IWM,2022-07-28,2022-08-03,177.4109,180.8643,24,82.88,4.5517,False,6,TOM_CALENDAR,IS,328
TOM,SPY,2022-08-30,2022-09-06,379.6719,372.186,11,-82.34,4.2496,False,7,TOM_CALENDAR,IS,329
TOM,QQQ,2022-08-30,2022-09-06,294.6059,286.5086,15,-121.46,4.5164,False,7,TOM_CALENDAR,IS,330
TOM,IWM,2022-08-30,2022-09-06,176.161,169.9597,25,-155.03,4.5911,False,7,TOM_CALENDAR,IS,331
TOM,SPY,2022-10-28,2022-11-03,372.4334,354.8262,11,-193.68,4.1146,False,6,TOM_CALENDAR,IS,332
TOM,QQQ,2022-10-28,2022-11-03,275.7228,255.1326,15,-308.85,4.1395,False,6,TOM_CALENDAR,IS,333
TOM,IWM,2022-10-28,2022-11-03,175.672,168.913,25,-168.97,4.5722,False,6,TOM_CALENDAR,IS,334
TOM,SPY,2022-11-29,2022-12-05,378.3786,382.1599,11,41.59,4.2982,False,6,TOM_CALENDAR,IS,335
TOM,QQQ,2022-11-29,2022-12-05,275.0855,281.7246,15,99.59,4.3359,False,6,TOM_CALENDAR,IS,336
TOM,IWM,2022-11-29,2022-12-05,174.9143,175.2079,23,6.75,4.2721,False,6,TOM_CALENDAR,IS,337
TOM,SPY,2022-12-29,2023-01-05,368.777,364.4974,11,-47.08,4.1463,False,7,TOM_CALENDAR,IS,338
TOM,QQQ,2022-12-29,2023-01-05,261.8572,256.8135,16,-80.7,4.3161,False,7,TOM_CALENDAR,IS,339
TOM,IWM,2022-12-29,2023-01-05,168.4756,167.1706,25,-32.63,4.457,False,7,TOM_CALENDAR,IS,340
TOM,SPY,2023-01-30,2023-02-03,385.271,396.1744,10,109.03,4.0101,False,4,TOM_CALENDAR,IS,341
TOM,QQQ,2023-01-30,2023-02-03,285.2768,300.6018,14,214.55,4.2476,False,4,TOM_CALENDAR,IS,342
TOM,IWM,2023-01-30,2023-02-03,180.1245,189.6076,23,218.11,4.4919,False,4,TOM_CALENDAR,IS,343
TOM,SPY,2023-02-27,2023-03-03,382.5204,388.3345,11,63.96,4.3528,False,4,TOM_CALENDAR,IS,344
TOM,QQQ,2023-02-27,2023-03-03,288.8838,294.2201,15,80.04,4.5301,False,4,TOM_CALENDAR,IS,345
TOM,IWM,2023-02-27,2023-03-03,181.3096,184.3232,23,69.31,4.4454,False,4,TOM_CALENDAR,IS,346
TOM,SPY,2023-03-30,2023-04-05,389.7438,393.1053,11,36.98,4.4188,False,6,TOM_CALENDAR,IS,347
TOM,QQQ,2023-03-30,2023-04-05,310.7296,310.6447,14,-1.19,4.4947,False,6,TOM_CALENDAR,IS,348
TOM,IWM,2023-03-30,2023-04-05,169.4163,167.7391,26,-43.61,4.6546,False,6,TOM_CALENDAR,IS,349
TOM,SPY,2023-04-27,2023-05-03,398.1526,393.5104,11,-51.06,4.4668,False,6,TOM_CALENDAR,IS,350
TOM,QQQ,2023-04-27,2023-05-03,315.3263,311.9919,14,-46.68,4.536,False,6,TOM_CALENDAR,IS,351
TOM,IWM,2023-04-27,2023-05-03,167.9657,166.4832,26,-38.54,4.6172,False,6,TOM_CALENDAR,IS,352
TOM,SPY,2023-05-30,2023-06-05,405.6538,411.9122,10,62.58,4.1901,False,6,TOM_CALENDAR,IS,353
TOM,QQQ,2023-05-30,2023-06-05,344.4912,348.9745,12,53.8,4.2851,False,6,TOM_CALENDAR,IS,354
TOM,IWM,2023-05-30,2023-06-05,169.7258,173.4875,25,94.04,4.5499,False,6,TOM_CALENDAR,IS,355
TOM,SPY,2023-06-29,2023-07-06,424.5348,425.6008,10,10.66,4.3526,False,7,TOM_CALENDAR,IS,356
TOM,QQQ,2023-06-29,2023-07-06,358.5953,361.8206,12,38.7,4.4468,False,7,TOM_CALENDAR,IS,357
TOM,IWM,2023-06-29,2023-07-06,180.7467,177.0681,24,-88.29,4.5421,False,7,TOM_CALENDAR,IS,358
TOM,SPY,2023-07-28,2023-08-03,442.7618,434.4874,10,-82.74,4.4881,False,6,TOM_CALENDAR,IS,359
TOM,QQQ,2023-07-28,2023-08-03,377.9831,368.0535,11,-109.23,4.217,False,6,TOM_CALENDAR,IS,360
TOM,IWM,2023-07-28,2023-08-03,190.4926,188.4802,23,-46.28,4.596,False,6,TOM_CALENDAR,IS,361
TOM,SPY,2023-08-30,2023-09-06,437.035,431.9511,9,-45.75,4.0025,False,7,TOM_CALENDAR,IS,362
TOM,QQQ,2023-08-30,2023-09-06,371.4581,368.9889,11,-27.16,4.1866,False,7,TOM_CALENDAR,IS,363
TOM,IWM,2023-08-30,2023-09-06,183.2292,180.3134,23,-67.06,4.4178,False,7,TOM_CALENDAR,IS,364
TOM,SPY,2023-09-28,2023-10-04,416.7068,412.5304,10,-41.76,4.2483,False,6,TOM_CALENDAR,IS,365
TOM,QQQ,2023-09-28,2023-10-04,353.3893,354.7415,12,16.23,4.3729,False,6,TOM_CALENDAR,IS,366
TOM,IWM,2023-09-28,2023-10-04,173.0211,166.6475,24,-152.96,4.3229,False,6,TOM_CALENDAR,IS,367
TOM,SPY,2023-10-30,2023-11-03,404.1334,422.2739,10,181.4,4.2347,False,4,TOM_CALENDAR,IS,368
TOM,QQQ,2023-10-30,2023-11-03,344.6932,362.5908,12,214.77,4.3686,False,4,TOM_CALENDAR,IS,369
TOM,IWM,2023-10-30,2023-11-03,158.923,169.8302,26,283.59,4.5431,False,4,TOM_CALENDAR,IS,370
TOM,SPY,2023-11-29,2023-12-05,442.0772,443.5584,10,14.81,4.5304,False,6,TOM_CALENDAR,IS,371
TOM,QQQ,2023-11-29,2023-12-05,384.7784,381.8986,11,-31.68,4.3303,False,6,TOM_CALENDAR,IS,372
TOM,IWM,2023-11-29,2023-12-05,174.3852,179.4661,25,127.02,4.6851,False,6,TOM_CALENDAR,IS,373
IBS,SPY,2024-01-03,2024-01-08,457.7166,462.9114,27,140.26,12.8277,False,3,IBS_TP,OOS,374
IBS,SPY,2024-01-24,2024-01-25,473.9244,476.0109,26,54.25,12.7351,False,1,IBS_TP,OOS,375
IBS,SPY,2024-01-31,2024-02-01,471.4715,477.1543,26,147.75,12.6023,False,1,IBS_TP,OOS,376
IBS,SPY,2024-02-12,2024-02-13,489.1437,481.9142,26,-187.97,12.8946,False,1,ATR_STOP,OOS,377
IBS,SPY,2024-02-16,2024-02-21,487.7084,484.9671,25,-68.53,12.4191,False,2,IBS_TP,OOS,378
IBS,SPY,2024-02-23,2024-02-27,495.8513,494.4478,25,-35.09,12.6414,False,2,IBS_TP,OOS,379
IBS,SPY,2024-03-04,2024-03-07,500.1961,502.1339,25,48.45,12.7906,False,3,IBS_TP,OOS,380
IBS,SPY,2024-03-08,2024-03-11,499.6298,498.6908,25,-23.48,12.7409,False,1,IBS_TP,OOS,381
IBS,SPY,2024-03-18,2024-03-19,502.2987,504.5748,25,56.9,12.8467,False,1,IBS_TP,OOS,382
IBS,SPY,2024-03-21,2024-03-26,511.4462,507.6078,24,-92.12,12.4771,False,3,TIME_STOP,OOS,383
IBS,SPY,2024-03-28,2024-04-02,512.2982,507.6372,24,-111.86,12.4877,False,2,IBS_TP,OOS,384
IBS,SPY,2024-04-04,2024-04-09,502.5043,508.1069,24,134.46,12.3759,False,3,IBS_TP,OOS,385
IBS,SPY,2024-04-15,2024-04-18,494.0619,488.7341,25,-133.2,12.5451,False,3,TIME_STOP,OOS,386
IBS,SPY,2024-04-19,2024-04-23,484.9633,494.7318,25,244.21,12.5066,False,2,IBS_TP,OOS,387
IBS,SPY,2024-04-30,2024-05-02,491.6429,494.1251,25,62.06,12.5846,False,2,IBS_TP,OOS,388
IBS,SPY,2024-05-16,2024-05-17,517.8026,518.0182,24,5.17,12.6814,False,1,IBS_TP,OOS,389
IBS,SPY,2024-05-23,2024-05-24,515.1288,518.0083,24,69.11,12.649,False,1,IBS_TP,OOS,390
IBS,SPY,2024-06-24,2024-06-25,533.2779,534.786,24,36.2,13.0658,False,1,IBS_TP,OOS,391
IBS,SPY,2024-06-28,2024-07-01,534.732,535.2866,24,13.31,13.0877,False,1,IBS_TP,OOS,392
IBS,SPY,2024-07-09,2024-07-10,546.1297,550.9722,23,111.38,12.8532,False,1,IBS_TP,OOS,393
IBS,SPY,2024-07-11,2024-07-16,546.7782,554.4469,23,176.38,12.9023,False,3,IBS_TP,OOS,394
IBS,SPY,2024-07-17,2024-07-19,547.2303,538.8693,24,-200.66,13.2842,False,2,ATR_STOP,OOS,395
IBS,SPY,2024-07-23,2024-07-24,544.1254,531.2522,23,-296.08,12.6097,False,1,ATR_STOP,OOS,396
IBS,SPY,2024-07-25,2024-07-30,529.0235,532.008,23,68.64,12.4465,False,3,TIME_STOP,OOS,397
IBS,SPY,2024-08-01,2024-08-05,533.5433,507.8416,23,-591.14,12.2229,False,2,ATR_STOP,OOS,398
IBS,SPY,2024-08-07,2024-08-08,509.618,520.8671,23,258.73,12.0989,False,1,IBS_TP,OOS,399
IBS,SPY,2024-08-22,2024-08-23,546.523,551.767,22,115.37,12.3202,False,1,IBS_TP,OOS,400
IBS,SPY,2024-08-29,2024-08-30,548.6158,553.2884,22,102.8,12.3587,False,1,IBS_TP,OOS,401
IBS,SPY,2024-09-03,2024-09-06,542.4552,530.3981,23,-277.31,12.5843,False,3,ATR_STOP,OOS,402
IBS,SPY,2024-09-18,2024-09-23,551.6126,560.8833,22,203.96,12.4717,False,3,TIME_STOP,OOS,403
IBS,SPY,2024-10-07,2024-10-08,559.612,564.3295,22,103.78,12.5936,False,1,IBS_TP,OOS,404
IBS,SPY,2024-10-15,2024-10-16,571.4191,573.3187,22,41.79,12.8234,False,1,IBS_TP,OOS,405
IBS,SPY,2024-10-17,2024-10-22,573.952,574.323,22,8.16,12.861,False,3,TIME_STOP,OOS,406
IBS,SPY,2024-10-25,2024-10-30,570.6898,571.064,22,8.23,12.7899,False,3,TIME_STOP,OOS,407
IBS,SPY,2024-10-31,2024-11-05,560.44,567.805,22,162.03,12.6436,False,3,IBS_TP,OOS,408
IBS,SPY,2024-11-14,2024-11-19,584.7934,581.1952,21,-75.56,12.4678,False,3,IBS_TP,OOS,409
IBS,SPY,2024-12-05,2024-12-10,597.9113,593.5027,21,-92.58,12.7286,False,3,TIME_STOP,OOS,410
IBS,SPY,2024-12-12,2024-12-17,595.6149,594.9698,21,-13.55,12.7197,False,3,TIME_STOP,OOS,411
IBS,SPY,2024-12-18,2024-12-23,577.8255,587.4883,21,202.92,12.4597,False,3,IBS_TP,OOS,412
IBS,SPY,2025-01-07,2025-01-08,582.0942,582.3511,22,5.65,13.045,False,1,IBS_TP,OOS,413
IBS,SPY,2025-01-16,2025-01-21,585.0708,595.7471,22,234.88,13.2252,False,2,IBS_TP,OOS,414
IBS,SPY,2025-01-31,2025-02-04,595.1375,594.4924,22,-14.19,13.321,False,2,IBS_TP,OOS,415
IBS,SPY,2025-02-07,2025-02-10,594.0992,597.5254,22,75.37,13.3423,False,1,IBS_TP,OOS,416
IBS,SPY,2025-02-21,2025-02-26,593.2784,587.3401,22,-130.64,13.2198,False,3,TIME_STOP,OOS,417
IBS,SPY,2025-02-27,2025-02-28,578.5538,586.9845,22,185.48,13.0547,False,1,IBS_TP,OOS,418
IBS,SPY,2025-03-03,2025-03-05,577.2881,575.999,22,-28.36,12.9216,False,2,IBS_TP,OOS,419
IBS,SPY,2025-05-21,2025-05-27,578.1221,585.7479,22,167.77,13.0385,False,3,IBS_TP,OOS,420
IBS,SPY,2025-05-28,2025-05-30,582.9525,584.004,22,23.13,13.0726,False,2,IBS_TP,OOS,421
IBS,SPY,2025-06-04,2025-06-09,591.0858,594.2,22,68.51,13.2731,False,3,TIME_STOP,OOS,422
IBS,SPY,2025-06-13,2025-06-18,592.1469,591.9806,22,-3.66,13.2572,False,3,TIME_STOP,OOS,423
IBS,SPY,2025-06-20,2025-06-23,591.1917,596.4239,22,115.11,13.2946,False,1,IBS_TP,OOS,424
IBS,SPY,2025-07-15,2025-07-16,618.9065,620.3446,21,30.2,13.2299,False,1,IBS_TP,OOS,425
IBS,SPY,2025-07-21,2025-07-22,625.502,624.9559,21,-11.47,13.3466,False,1,IBS_TP,OOS,426
IBS,SPY,2025-07-24,2025-07-25,631.1226,633.1449,21,42.47,13.491,False,1,IBS_TP,OOS,427
IBS,SPY,2025-07-29,2025-08-01,631.9582,617.8601,21,-296.06,13.34,False,3,ATR_STOP,OOS,428
IBS,SPY,2025-08-05,2025-08-06,624.7062,628.8516,21,87.05,13.3814,False,1,IBS_TP,OOS,429
IBS,SPY,2025-08-19,2025-08-20,636.4846,634.1485,21,-49.06,13.5615,False,1,IBS_TP,OOS,430
IBS,SPY,2025-08-25,2025-08-26,639.1308,641.1548,20,40.48,13.0132,False,1,IBS_TP,OOS,431
IBS,SPY,2025-09-12,2025-09-15,653.9929,656.8072,20,56.29,13.3162,False,1,IBS_TP,OOS,432
IBS,SPY,2025-09-23,2025-09-26,661.5919,659.5351,20,-41.14,13.4177,False,3,IBS_TP,OOS,433
IBS,SPY,2025-10-03,2025-10-08,667.5771,670.7862,20,64.18,13.5889,False,3,IBS_TP,OOS,434
IBS,SPY,2025-10-10,2025-10-15,651.4269,662.8734,20,228.93,13.3533,False,3,TIME_STOP,OOS,435
IBS,SPY,2025-10-30,2025-11-04,678.1713,672.9087,20,-105.25,13.7236,False,3,TIME_STOP,OOS,436
IBS,SPY,2025-11-06,2025-11-07,668.6746,668.6534,20,-0.42,13.5849,False,1,IBS_TP,OOS,437
IBS,SPY,2025-11-13,2025-11-18,670.4003,657.801,20,-251.99,13.4933,False,3,ATR_STOP,OOS,438
IBS,SPY,2025-11-20,2025-11-24,650.9381,666.4211,20,309.66,13.3851,False,2,IBS_TP,OOS,439
IBS,SPY,2025-12-09,2025-12-10,681.3734,685.1963,20,76.46,13.8766,False,1,IBS_TP,OOS,440
IBS,SPY,2025-12-15,2025-12-18,679.069,674.1344,20,-98.69,13.742,False,3,TIME_STOP,OOS,441
IBS,SPY,2025-12-30,2025-12-30,687.3587,686.6613,19,-13.25,13.2502,False,0,END_OF_DATA,OOS,442
TOM,SPY,2024-01-30,2024-02-05,479.2921,480.4219,8,9.04,3.921,False,6,TOM_CALENDAR,OOS,443
TOM,QQQ,2024-01-30,2024-02-05,420.8697,423.5527,9,24.15,3.8932,False,6,TOM_CALENDAR,OOS,444
TOM,IWM,2024-01-30,2024-02-05,193.3399,187.4997,21,-122.64,4.215,False,6,TOM_CALENDAR,OOS,445
TOM,SPY,2024-02-28,2024-03-05,494.2988,494.6918,8,3.14,4.0382,False,6,TOM_CALENDAR,OOS,446
TOM,QQQ,2024-02-28,2024-03-05,430.7357,431.0658,9,2.97,3.972,False,6,TOM_CALENDAR,OOS,447
TOM,IWM,2024-02-28,2024-03-05,197.848,199.0172,20,23.38,4.1778,False,6,TOM_CALENDAR,OOS,448
TOM,SPY,2024-03-27,2024-04-03,512.3961,508.1949,8,-33.61,4.1639,False,7,TOM_CALENDAR,OOS,449
TOM,QQQ,2024-03-27,2024-04-03,440.778,437.6247,9,-28.38,4.046,False,7,TOM_CALENDAR,OOS,450
TOM,IWM,2024-03-27,2024-04-03,205.5265,201.5793,20,-78.94,4.2776,False,7,TOM_CALENDAR,OOS,451
TOM,SPY,2024-04-29,2024-05-03,499.5563,500.2502,8,5.55,4.0815,False,4,TOM_CALENDAR,OOS,452
TOM,QQQ,2024-04-29,2024-05-03,428.8083,431.0716,9,20.37,3.9635,False,4,TOM_CALENDAR,OOS,453
TOM,IWM,2024-04-29,2024-05-03,196.0367,197.7304,20,33.87,4.1449,False,4,TOM_CALENDAR,OOS,454
TOM,SPY,2024-05-30,2024-06-05,511.8476,523.1256,8,90.22,4.2219,False,6,TOM_CALENDAR,OOS,455
TOM,QQQ,2024-05-30,2024-06-05,447.4367,458.838,9,102.61,4.1715,False,6,TOM_CALENDAR,OOS,456
TOM,IWM,2024-05-30,2024-06-05,200.0463,200.8252,20,15.58,4.2159,False,6,TOM_CALENDAR,OOS,457
TOM,SPY,2024-06-27,2024-07-03,536.8445,541.294,7,31.15,3.8447,False,6,TOM_CALENDAR,OOS,458
TOM,QQQ,2024-06-27,2024-07-03,477.9811,486.8425,8,70.89,3.9425,False,6,TOM_CALENDAR,OOS,459
TOM,IWM,2024-06-27,2024-07-03,198.6484,198.2136,21,-9.13,4.3838,False,6,TOM_CALENDAR,OOS,460
TOM,SPY,2024-07-30,2024-08-05,532.5508,507.8417,7,-172.96,3.7141,False,6,TOM_CALENDAR,OOS,461
TOM,QQQ,2024-07-30,2024-08-05,454.0829,431.6476,9,-201.92,4.0816,False,6,TOM_CALENDAR,OOS,462
TOM,IWM,2024-07-30,2024-08-05,218.8116,198.5769,19,-384.46,4.1646,False,6,TOM_CALENDAR,OOS,463
TOM,SPY,2024-08-29,2024-09-05,548.6156,539.4779,7,-63.96,3.8814,False,7,TOM_CALENDAR,OOS,464
TOM,QQQ,2024-08-29,2024-09-05,467.1139,457.0985,8,-80.12,3.7819,False,7,TOM_CALENDAR,OOS,465
TOM,IWM,2024-08-29,2024-09-05,215.1153,208.1328,18,-125.68,3.9993,False,7,TOM_CALENDAR,OOS,466
TOM,SPY,2024-09-27,2024-10-03,563.229,559.0621,6,-25.0,3.4287,False,6,TOM_CALENDAR,OOS,467
TOM,QQQ,2024-09-27,2024-10-03,483.7613,478.144,8,-44.94,3.9322,False,6,TOM_CALENDAR,OOS,468
TOM,IWM,2024-09-27,2024-10-03,217.3486,212.9821,17,-74.23,3.8344,False,6,TOM_CALENDAR,OOS,469
TOM,SPY,2024-10-30,2024-11-05,571.6457,567.8052,6,-23.04,3.48,False,6,TOM_CALENDAR,OOS,470
TOM,QQQ,2024-10-30,2024-11-05,493.3319,488.6882,7,-32.51,3.5101,False,6,TOM_CALENDAR,OOS,471
TOM,IWM,2024-10-30,2024-11-05,218.4435,220.9643,17,42.85,3.9116,False,6,TOM_CALENDAR,OOS,472
TOM,SPY,2024-11-27,2024-12-04,590.1942,598.2878,6,48.56,3.6275,False,7,TOM_CALENDAR,OOS,473
TOM,QQQ,2024-11-27,2024-12-04,502.1971,519.5163,7,121.23,3.6499,False,7,TOM_CALENDAR,OOS,474
TOM,IWM,2024-11-27,2024-12-04,237.6892,237.3819,16,-4.92,3.97,False,7,TOM_CALENDAR,OOS,475
TOM,SPY,2024-12-30,2025-01-06,581.6885,588.1504,6,38.77,3.5718,False,7,TOM_CALENDAR,OOS,476
TOM,QQQ,2024-12-30,2025-01-06,513.27,521.6269,7,58.5,3.6966,False,7,TOM_CALENDAR,OOS,477
TOM,IWM,2024-12-30,2025-01-06,218.3402,221.9069,17,60.63,3.9194,False,7,TOM_CALENDAR,OOS,478
TOM,SPY,2025-01-30,2025-02-05,598.3215,596.9031,6,-8.51,3.6478,False,6,TOM_CALENDAR,OOS,479
TOM,QQQ,2025-01-30,2025-02-05,520.6762,523.9241,7,22.74,3.7304,False,6,TOM_CALENDAR,OOS,480
TOM,IWM,2025-01-30,2025-02-05,226.1068,226.7303,17,10.6,4.0257,False,6,TOM_CALENDAR,OOS,481
TOM,SPY,2025-02-27,2025-03-05,578.5536,575.9992,6,-15.33,3.5257,False,6,TOM_CALENDAR,OOS,482
TOM,QQQ,2025-02-27,2025-03-05,497.9998,499.2218,7,8.55,3.5641,False,6,TOM_CALENDAR,OOS,483
TOM,IWM,2025-02-27,2025-03-05,210.1383,206.0434,18,-73.71,3.9326,False,6,TOM_CALENDAR,OOS,484
TOM,SPY,2025-03-28,2025-04-03,551.1433,531.7951,7,-135.44,3.8638,False,6,TOM_CALENDAR,OOS,485
TOM,QQQ,2025-03-28,2025-04-03,467.5085,448.8247,8,-149.47,3.751,False,6,TOM_CALENDAR,OOS,486
TOM,IWM,2025-03-28,2025-04-03,198.7702,187.8625,19,-207.25,3.8726,False,6,TOM_CALENDAR,OOS,487
TOM,SPY,2025-04-29,2025-05-05,549.8145,558.3601,6,51.27,3.3896,False,6,TOM_CALENDAR,OOS,488
TOM,QQQ,2025-04-29,2025-05-05,474.0785,483.9513,7,69.11,3.431,False,6,TOM_CALENDAR,OOS,489
TOM,IWM,2025-04-29,2025-05-05,194.447,197.0652,19,49.75,3.923,False,6,TOM_CALENDAR,OOS,490
TOM,SPY,2025-05-29,2025-06-04,585.2534,590.4845,6,31.39,3.5894,False,6,TOM_CALENDAR,OOS,491
TOM,QQQ,2025-05-29,2025-06-04,518.3422,526.6177,7,57.93,3.7308,False,6,TOM_CALENDAR,OOS,492
TOM,IWM,2025-05-29,2025-06-04,204.3926,206.476,18,37.5,3.886,False,6,TOM_CALENDAR,OOS,493
TOM,SPY,2025-06-27,2025-07-03,611.7141,621.4579,6,58.46,3.7609,False,6,TOM_CALENDAR,OOS,494
TOM,QQQ,2025-06-27,2025-07-03,547.0295,554.5784,7,52.84,3.928,False,6,TOM_CALENDAR,OOS,495
TOM,IWM,2025-06-27,2025-07-03,214.2646,221.5895,17,124.52,3.8799,False,6,TOM_CALENDAR,OOS,496
TOM,SPY,2025-07-30,2025-08-05,631.1623,624.0715,6,-42.54,3.8269,False,6,TOM_CALENDAR,OOS,497
TOM,QQQ,2025-07-30,2025-08-05,566.9207,558.6165,6,-49.82,3.4381,False,6,TOM_CALENDAR,OOS,498
TOM,IWM,2025-07-30,2025-08-05,220.3102,219.3744,17,-15.91,3.9132,False,6,TOM_CALENDAR,OOS,499
TOM,SPY,2025-08-28,2025-09-04,645.5471,645.0904,6,-2.74,3.9335,False,7,TOM_CALENDAR,OOS,500
TOM,QQQ,2025-08-28,2025-09-04,575.9631,573.5325,6,-14.58,3.5107,False,7,TOM_CALENDAR,OOS,501
TOM,IWM,2025-08-28,2025-09-04,234.8872,235.0095,16,1.96,3.9264,False,7,TOM_CALENDAR,OOS,502
TOM,SPY,2025-09-29,2025-10-03,662.0606,666.8997,5,24.2,3.3731,False,4,TOM_CALENDAR,OOS,503
TOM,QQQ,2025-09-29,2025-10-03,598.2637,602.0976,6,23.0,3.6623,False,4,TOM_CALENDAR,OOS,504
TOM,IWM,2025-09-29,2025-10-03,240.938,244.8807,16,63.08,4.051,False,4,TOM_CALENDAR,OOS,505
TOM,SPY,2025-10-30,2025-11-05,678.1712,675.2408,5,-14.65,3.4351,False,6,TOM_CALENDAR,OOS,506
TOM,QQQ,2025-10-30,2025-11-05,625.5623,622.1615,6,-20.4,3.8063,False,6,TOM_CALENDAR,OOS,507
TOM,IWM,2025-10-30,2025-11-05,244.1589,243.7351,16,-6.78,4.0704,False,6,TOM_CALENDAR,OOS,508
TOM,SPY,2025-11-26,2025-12-03,678.0215,681.529,5,17.54,3.4504,False,7,TOM_CALENDAR,OOS,509
TOM,QQQ,2025-11-26,2025-12-03,613.7916,622.4011,6,51.66,3.7716,False,7,TOM_CALENDAR,OOS,510
TOM,IWM,2025-11-26,2025-12-03,246.6019,248.6661,15,30.96,3.8707,False,7,TOM_CALENDAR,OOS,511
